iMSMS_ID,Cyanobacteria,Proteobacteria,Firmicutes,Deinococcus-Thermus,Chloroflexi,Deferribacteres,Actinobacteria,Planctomycetes,Spirochaetes,Chlamydiae,Crenarchaeota,Euryarchaeota,Fusobacteria,Synergistetes,Tenericutes,Fibrobacteres,Verrucomicrobia,Candidatus Saccharibacteria,Bacteroidetes
71401-0001,0.0,0.020566373855888,0.385192725655899,0.0,0.0,0.0,0.00669749809131835,5.85036520904817e-07,0.000156789787602491,1.75510956271445e-06,0.0,0.00932021681453465,2.34014608361927e-06,0.00022465402402745,5.26532868814336e-06,0.000106476646804677,0.0496625801865681,1.17007304180963e-06,0.52806156924346
71401-0002,0.0,0.00672498219446441,0.828457440246596,0.0,0.0,0.0,0.00929671012917032,0.0,0.000221232751658423,4.93455951654476e-06,3.28970634436317e-06,1.48036785496343e-05,4.11213293045396e-06,8.22426586090793e-06,0.0,0.000108560309363985,0.000154616198185069,0.0,0.155001093827359
71401-0003,0.0,0.0159837067426239,0.554203245897458,0.0,0.0,0.0,0.00176032012583964,3.98563047359918e-06,6.50986310687867e-05,3.98563047359918e-05,4.51704787007907e-05,0.00481065598163421,1.32854349119973e-06,8.50267834367826e-05,7.97126094719837e-05,4.51704787007907e-05,0.0651810007652411,0.0,0.357695721027124
71401-0004,0.0,0.0104507067610106,0.474694627961659,0.0,6.8193845096317e-07,0.0,0.00381680951004086,3.40969225481585e-06,8.38784294684699e-05,3.27330456462322e-05,3.40969225481585e-05,1.43207074702266e-05,3.40969225481585e-06,3.47788609991217e-05,0.000317101379697874,7.02396604492065e-05,0.0317606014151587,1.36387690192634e-06,0.478681240145989
71401-0005,0.0,0.000190676100285933,0.498373193525738,3.23179830993107e-06,1.61589915496554e-06,0.0,0.0177821622508183,4.03974788741384e-06,5.33246721138627e-05,9.7761898875415e-05,0.000122808335777381,0.00245616671554762,2.74702856344141e-05,1.13112940847588e-05,9.69539492979322e-06,4.5245176339035e-05,0.000775631594383458,8.07949577482768e-07,0.480044857360542
71401-0008,0.0,0.0102199602528952,0.681876220984895,0.0,1.12598030660444e-06,0.0,0.00200030401468278,5.62990153302219e-07,7.03737691627773e-05,2.25196061320887e-06,0.0,0.00232796428390467,0.0,0.000353557816273793,1.12598030660444e-06,3.49053895047376e-05,0.000892902383137319,0.0,0.302218744194164
71401-0009,4.49019655386395e-07,0.0273646048582131,0.308386699319376,8.9803931077279e-07,4.49019655386395e-07,0.0,0.0231379828420609,6.28627517540953e-06,5.25352996802082e-05,6.15156927879361e-05,8.08235379695511e-05,5.38823586463674e-06,9.11509900434382e-05,1.16745110400463e-05,1.79607862154558e-06,4.40039262278667e-05,2.51451007016381e-05,0.0,0.640728597253616
71401-0010,4.70238599065166e-06,0.0232705408057382,0.637939790649776,0.0,0.0,0.0,0.0544050384498428,3.13492399376777e-06,8.93453338223815e-05,3.29167019345616e-05,2.35119299532583e-05,9.40477198130331e-06,9.40477198130331e-06,1.4107157971955e-05,1.72420819657227e-05,0.000163016047675924,4.70238599065166e-06,0.0,0.284013141601382
71401-0011,0.0,0.00540354634938463,0.647346768189951,0.0,1.7413942473041e-05,0.0,0.00931645922307696,6.09487986556436e-06,0.000556375462013661,2.17674280913013e-05,2.26381252149534e-05,0.000102742260590942,8.70697123652052e-07,0.00428295915124444,0.000148018511020849,5.92074044083395e-05,5.83367072846875e-05,1.7413942473041e-06,0.332655060274008
71401-0013,3.62669496179536e-06,0.0136664228146054,0.408530608269279,0.0,1.03619856051296e-06,0.0,0.00884032801901632,2.07239712102592e-06,0.000108282749573604,3.62669496179536e-06,6.21719136307776e-06,0.0042297625240139,6.73529064333424e-06,0.000122789529420786,3.10859568153888e-06,8.23777855607803e-05,0.00896208134987659,5.1809928025648e-07,0.55543040579608
71401-0014,0.0,0.0227036855231088,0.31158469285705,6.69457378087983e-05,3.560943500468e-07,0.0,0.0468999405144388,7.47798135098279e-06,0.000127481777316754,2.17217553528548e-05,2.70631706035568e-05,5.62629073073944e-05,6.58774547586579e-06,5.41263412071136e-05,2.1365661002808e-06,5.41263412071136e-05,0.000941869555873785,1.780471750234e-07,0.617445347084273
71401-0016,1.50405568615772e-06,0.0501467206321847,0.420111330201889,0.0,0.0,0.0,0.0133319496021021,6.0162227446309e-06,0.00033690847369933,1.80486682338927e-05,1.20324454892618e-05,6.91865615632553e-05,3.00811137231545e-06,1.95527239200504e-05,3.00811137231545e-06,6.91865615632553e-05,0.000126340677637249,0.0,0.515745206950542
71401-0017,0.0,0.0134389997416646,0.398319252960872,0.0,0.0,0.0,0.0286797748690755,1.01109729839857e-06,3.84216973391458e-05,3.53884054439501e-06,2.02219459679715e-06,5.05548649199287e-06,1.11220702823843e-05,0.000272996270567615,2.02219459679715e-06,0.000101615278489057,0.0010626632606169,0.0,0.558061504037564
71401-0019,1.49385502734502e-06,0.0961310648646791,0.331052465682415,7.46927513672508e-07,0.0,0.0,0.00187702884185901,0.0,0.000123989967269636,7.46927513672508e-07,7.46927513672508e-07,8.9631301640701e-06,6.19949836348182e-05,0.000165070980521624,1.49385502734502e-06,8.88843741270285e-05,0.038695326773318,0.0,0.531789981909416
71401-0020,0.0,0.0339250065812566,0.535477086258336,0.0,2.74219024219024e-06,0.0,0.00807300807300807,1.37109512109512e-06,0.00023034398034398,1.37109512109512e-05,1.50820463320463e-05,9.59766584766585e-06,2.87929975429975e-05,2.74219024219024e-05,5.48438048438048e-06,8.77500877500877e-05,0.0120971722534223,0.0,0.41000542953668
71401-0022,2.33860689187451e-05,0.309902162710245,0.274792991529232,0.0,0.0,0.0,0.00127788162306,4.1760837354902e-06,3.25734531368235e-05,2.25508521716471e-05,0.0,2.50565024129412e-05,4.76073545845882e-05,8.10160244685098e-05,1.67043349419608e-06,5.76299555497647e-05,0.000234695905934549,1.67043349419608e-06,0.413494931069562
71401-0024,8.88756167967806e-07,0.0094025958790154,0.568181818181818,0.0,4.44378083983903e-07,0.0,0.0047179621176571,4.44378083983903e-07,3.42171124667605e-05,1.33313425195171e-06,1.77751233593561e-06,4.44378083983903e-07,1.77751233593561e-06,0.000255961776374728,8.88756167967806e-07,5.19922358261166e-05,0.0026253857201769,8.88756167967806e-07,0.414721179414985
71401-0026,0.0,0.00724160909650699,0.413560408600518,4.21759411561269e-06,0.0,0.0,0.0261427571256253,0.0,6.7481505849803e-05,4.21759411561269e-06,0.0,2.10879705780635e-06,0.0,0.000115983838179349,2.10879705780635e-06,0.000898347546625503,0.107363075807037,2.10879705780635e-06,0.444595574900254
71401-0027,0.0,0.00161025919041718,0.282706440176236,0.0,0.0,0.0,0.0165834107806691,8.60525953462756e-06,0.000118322318601129,0.00020760188627289,0.000252779498829685,0.000559341869750792,1.39835467437698e-05,0.000251703841387856,0.0,0.000115095346275644,0.0650987883794575,0.0,0.632473667905824
71401-0032,1.11080625650516e-06,0.0155868333912804,0.660244355160306,0.0,3.33241876951548e-06,1.11080625650516e-06,0.00412997766168618,0.0,0.0028425532103967,0.0,0.0,0.0127898232374004,1.33296750780619e-05,0.000364344452133692,2.22161251301032e-06,5.22078940557425e-05,0.00207165366838212,0.0,0.301897146005485
71401-0033,1.61755892564971e-06,0.00304990735431253,0.550240975840949,0.0,0.0,0.0,0.00505729798104383,0.0,8.00691668196608e-05,1.61755892564971e-06,8.08779462824856e-07,5.66145623977399e-06,1.1322912479548e-05,4.61004293810168e-05,0.0,5.82321213233897e-05,0.116851648009472,2.42633838847457e-06,0.324592314492277
71401-0034,0.0,0.0154817832961008,0.612303012682695,4.66670182248706e-07,9.33340364497413e-07,0.0,0.00611757941909829,1.40001054674612e-06,0.000269735365339752,1.86668072899483e-06,0.0,1.26000949207151e-05,5.13337200473577e-06,0.000103600780459213,1.40001054674612e-06,0.000402269697098385,0.0255030587897095,9.33340364497413e-07,0.339794226449839
71401-0035,8.90145184496214e-05,0.0348385870065447,0.289661720608254,0.0,1.81662282550248e-06,0.0,0.00483706104337126,3.63324565100496e-06,3.51213746263812e-05,6.05540941834159e-07,1.81662282550248e-06,0.0,1.1505277894849e-05,1.5138523545854e-05,7.26649130200991e-06,0.000141696580389193,0.000179240118782911,6.05540941834159e-07,0.670175170883654
71401-0036,0.000130045663367264,0.0129924287414788,0.426855816639083,5.20182653469055e-06,0.0,0.0,0.00938929689511644,8.66971089115091e-07,7.02246582183224e-05,2.60091326734527e-06,0.0,6.93576871292073e-06,3.46788435646037e-06,1.99403350496471e-05,3.46788435646037e-06,0.000681439276044462,5.89540340598262e-05,0.0,0.549779312509266
71401-0039,7.63514554669724e-06,0.0313901656548942,0.319272634388973,0.0,1.38820828121768e-06,6.9410414060884e-07,0.00384603104311358,0.0,6.38575809360133e-05,4.16462484365304e-06,4.85872898426188e-06,0.00295896595141549,6.9410414060884e-07,0.00154785223355771,4.789318570201e-05,6.66339974984487e-05,0.0302518348642957,0.0,0.610534696183677
71401-0040,0.0,0.0135152698064208,0.413551938693334,0.0,0.0,2.32081562744411e-06,0.0102510426264206,0.0,0.00011836159699965,6.96244688233233e-06,2.32081562744411e-06,0.0173237282510566,5.80203906861027e-06,0.0102684487436265,2.32081562744411e-06,9.51534407252085e-05,0.130447244379565,0.0,0.404409085529018
71401-0041,4.64013007212618e-07,0.00525030717661077,0.427146709776568,0.0,0.0,0.0,0.00328474807805812,4.64013007212618e-07,3.71210405770095e-05,1.39203902163785e-06,9.28026014425236e-07,1.43844032235912e-05,2.5520715396694e-05,0.0003934830301163,7.42420811540189e-06,0.00011878732984643,0.00102082861586776,4.64013007212618e-07,0.562696973521562
71401-0047,1.91475143654227e-06,0.0399851159988333,0.624635957883127,6.38250478847422e-07,0.0,0.0,0.00711011033436028,0.0,6.5101548842437e-05,6.38250478847422e-06,7.02075526732164e-06,0.00190645418031725,1.27650095769484e-06,0.000271894703989002,3.38272753789134e-05,4.85070363924041e-05,0.000544427658456851,0.0,0.325381370617373
71401-0049,9.43242974149902e-06,0.0438807112052025,0.256723488322128,0.0,0.0,0.0,0.0204316908678359,8.38438199244358e-06,8.80360109206575e-05,0.000169783735346982,0.000217993931803533,1.25765729886654e-05,0.026215866394873,3.56336234678852e-05,1.04804774905545e-05,9.01321064187684e-05,0.00313261472192673,1.04804774905545e-06,0.648972127170114
71401-0050,7.65238716217524e-06,0.0157405102521732,0.602405370355282,0.0,9.00280842608852e-07,0.0,0.0160213978750671,1.35042126391328e-06,5.98686760334886e-05,3.60112337043541e-06,0.0,4.50140421304426e-06,1.98061785373947e-05,2.79087061208744e-05,1.8005616852177e-06,4.2313199602616e-05,0.0075155444740987,4.50140421304426e-07,0.358147023964126
71401-0051,0.000108184874180991,0.381501173314135,0.309707723809917,0.0,0.0,0.0,0.00564331643682298,7.86799084952664e-06,5.11419405219232e-05,1.57359816990533e-05,5.90099313714498e-06,0.003432411008106,1.77029794114349e-05,3.34389611104882e-05,4.52409473847782e-05,9.63828879067014e-05,0.000112118869605755,0.0,0.299221659005211
71401-0055,0.0,0.00298881763389713,0.274302810165449,0.0,4.23045666510563e-07,0.0,0.0147545637108889,0.0,3.21514706548028e-05,1.69218266604225e-06,8.46091333021126e-07,0.000943391836318555,2.11522833255281e-06,4.3573703650588e-05,2.19983746585493e-05,0.000130721110951764,0.0114057342147913,0.0,0.695371161230741
71401-0060,0.0,0.0108526324124509,0.460470679430384,0.0,0.0,0.0,0.0305729086355131,5.83452454876204e-06,4.70929481435793e-05,0.0,0.0,4.16751753483003e-07,1.66700701393201e-06,4.16751753483003e-06,3.75076578134703e-06,8.12665919291855e-05,0.00094936049443428,0.0,0.497010222920513
71401-0061,1.81705382892179e-05,0.110842360197176,0.498960904788975,5.71074060518276e-06,5.19158236834796e-07,0.0,0.0226789084178912,4.67242413151316e-06,8.87760584987501e-05,2.38812788944006e-05,2.0247171236557e-05,0.0114946825217592,2.90728612627486e-05,9.76017485249417e-05,4.15326589467837e-06,4.8281716025636e-05,0.00750131736402597,5.19158236834796e-07,0.348180220590335
71401-0065,3.72748549713866e-05,0.450372454274543,0.114775163960316,0.0,0.0,0.0,0.00183627706595884,5.10076962766344e-05,6.47405375818821e-05,0.00105939061497625,0.00128303974480457,6.47405375818821e-05,3.92366894435649e-05,0.000604245017430899,1.96183447217824e-06,5.68931996931691e-05,2.15801791939607e-05,0.0,0.429731993792756
71401-0066,0.0,0.0212402135376582,0.489013260382797,1.48434351568246e-06,3.71085878920615e-06,1.48434351568246e-06,0.00373609262897275,3.71085878920615e-06,6.60532864478695e-05,1.03904046097772e-05,1.48434351568246e-05,1.03904046097772e-05,1.48434351568246e-06,0.000207808092195544,0.000103161874339931,0.0001565982409045,0.0106865311411559,0.0,0.474742781823026
71401-0067,4.62599950501805e-07,0.0113318483874922,0.677745935481185,1.38779985150542e-06,0.0,0.0,0.0744679522319291,9.25199901003611e-07,0.00024610317366696,1.80413980695704e-05,1.6653598218065e-05,1.11023988120433e-05,2.77559970301083e-06,1.57283983170614e-05,1.38779985150542e-06,3.93209957926535e-05,0.000821114912140704,0.0,0.235279260025119
71401-0069,0.0,0.0225657974013375,0.291774279089509,0.0,0.0,0.0,0.00194796074298815,0.0,0.000106685005230635,1.91879505810495e-05,2.30255406972594e-05,1.07452523253877e-05,7.67518023241981e-07,0.00046895351220085,4.60510813945188e-06,5.29587436036967e-05,0.0134238902265022,0.0,0.669601143908862
71401-0070,0.0,0.00733987599971019,0.192314507087012,0.0,0.0,0.0,0.00203869503432138,1.43469038305516e-06,4.44754018747099e-05,7.17345191527579e-07,2.86938076611032e-06,2.86938076611032e-06,7.17345191527579e-07,5.73876153222063e-06,7.17345191527579e-07,7.81906258765062e-05,0.00093039671341127,0.0,0.797238794888772
71401-0072,5.44300345967668e-06,0.0337046325661636,0.272986321991496,4.92462217780271e-06,2.59190640936985e-07,0.0,0.0138672176714105,8.81248179185747e-06,3.65458803721148e-05,8.29410050998351e-06,7.51652858717255e-06,1.21819601240383e-05,9.07167243279446e-06,2.79925892211943e-05,2.33271576843286e-06,6.7130376002679e-05,1.03676256374794e-05,0.0,0.679240955024203
71401-0073,0.0,0.0109470562945274,0.297474668241082,0.0,2.39515508030356e-06,0.0,0.0145026640112381,2.99394385037945e-05,5.14958342265266e-05,5.9878877007589e-06,7.18546524091069e-06,7.18546524091069e-06,0.0,5.62861443871337e-05,0.0,6.94594973288033e-05,0.021279755310957,0.0,0.655565921254486
71401-0075,2.45816993672916e-07,0.0214259008025187,0.187689140813069,0.0,4.91633987345833e-07,0.0,0.00223939281236027,5.16215686713124e-06,6.24375163929208e-05,1.72071895571041e-06,1.96653594938333e-06,0.0,4.91633987345833e-07,0.000448616013453072,4.91633987345833e-07,9.14439216463249e-05,0.0120143055657638,0.0,0.776018192424068
71401-0076,0.0,0.0471856900526508,0.550656097554953,0.0,0.0,0.0,0.0035901618700447,0.0,0.000158849436249112,1.64610814765919e-06,0.0,6.58443259063677e-06,4.11527036914798e-06,4.52679740606278e-05,2.46916222148879e-06,0.00014321140884635,0.0450984249214189,0.0,0.353107481808447
71401-0077,0.000607142252017689,0.0275091918513038,0.475519459615157,0.0,0.0,0.0,0.01325688047487,5.64783490249013e-06,0.00388571041291321,1.27076285306028e-05,8.4717523537352e-06,0.00820348019586691,2.40032983355831e-05,0.00189767252723668,0.000180730716879684,0.00012284040912916,0.0538577536301459,0.0,0.414908307400358
71401-0078,2.44018695085626e-06,0.0156741341810001,0.552285885795997,1.62679130057084e-06,0.0,0.0,0.00495601969718907,8.13395650285421e-07,2.92822434102751e-05,1.30143304045667e-05,1.30143304045667e-05,5.69376955199794e-06,4.88037390171252e-06,1.05741434537105e-05,1.62679130057084e-06,5.04305303176961e-05,2.44018695085626e-05,0.0,0.426926161569658
71401-0079,1.17448639709855e-06,0.00481187076891275,0.654601167909273,0.0,0.0,0.0,0.00337782287805543,1.17448639709855e-06,0.000122146585298249,2.46642143390695e-05,0.0,8.22140477968984e-06,0.0,3.87580511042521e-05,7.04691838259129e-06,8.3388534193997e-05,0.0522388059701493,2.3489727941971e-06,0.284681408819923
71401-0080,0.0,0.0372629985436089,0.444329367399142,0.0,0.0,0.0,0.0155658129939818,6.75819515640153e-06,6.58924027749149e-05,2.78775550201563e-05,2.87223294147065e-05,0.0,0.0,4.73073660948107e-05,8.44774394550191e-07,0.00013431912873348,0.0913809358072833,0.0,0.411149163504395
71401-0082,2.5526633596062e-07,0.0110121897333411,0.515355929339215,0.0,8.16852275073983e-06,2.5526633596062e-07,0.0153404857258894,7.91325641477921e-06,6.76455790295642e-05,5.61585939113363e-06,7.40272374285797e-06,8.16852275073983e-06,9.31722126256261e-05,0.000447226620603005,1.02106534384248e-06,8.62800215546894e-05,0.138285432179946,0.0,0.319272838104729
71401-0084,1.17465443428525e-06,0.00394026083436644,0.138740784542299,0.0,0.0,0.0,0.0071113579451629,1.433078409828e-05,3.82937345576991e-05,2.3493088685705e-07,0.0,4.20526287474119e-05,1.8794470948564e-06,5.40341039771215e-05,2.3493088685705e-07,3.38300477074152e-05,0.00784363751949633,0.0,0.842177893896284
71401-0085,1.24887991082997e-06,0.0212434472832179,0.341247069034959,1.56109988853747e-06,0.0,0.0,0.0149044450758226,1.09276992197623e-05,5.15162963217364e-05,6.49417553631587e-05,7.61816745606284e-05,3.12219977707494e-07,2.49775982165995e-06,1.21765791305923e-05,4.05885971019742e-06,0.000203879645442993,0.0082663361297836,1.56109988853747e-06,0.61390783890698
71401-0086,0.0,0.0146546352232998,0.18554221808567,1.13919738987094e-06,0.0,0.0,0.00261445800975381,3.41759216961282e-06,5.24030799340633e-05,1.02527765088385e-05,6.83518433922564e-06,5.6959869493547e-06,0.000497829259373601,8.31614094605786e-05,0.0,0.000186828371938834,2.50623425771607e-05,0.0,0.796316063480635
71401-0087,0.0,0.0046948482205469,0.250978548659364,2.4281604450721e-07,0.0,0.0,0.00717327158683199,9.9554578247956e-06,3.9336199210168e-05,2.4281604450721e-07,2.4281604450721e-07,1.94252835605768e-06,5.0991369346514e-06,8.03721107318864e-05,4.85632089014419e-07,5.24482656135573e-05,0.00478396170888105,0.0,0.732179002045482
71401-0088,4.5834555588149e-07,0.00244550271340569,0.351971573408624,0.0,0.0,0.0,0.0129778252420065,8.02104722792608e-06,5.38556028160751e-05,2.06255500146671e-06,6.87518333822235e-07,0.0,1.83338222352596e-06,0.000118482326195365,2.75007333528894e-06,5.08763567028454e-05,1.39795394543854e-05,0.0,0.632352091889117
71401-0089,0.0,0.0157487753772571,0.313386388568496,0.0,0.0,1.41004345753936e-06,0.000802314727339897,8.46026074523617e-06,4.51213906412596e-05,5.64017383015745e-06,2.82008691507872e-06,0.000373661516247931,1.41004345753936e-06,0.000400452341941179,2.53807822357085e-05,8.74226943674404e-05,0.0210505387776051,0.0,0.648060203215463
71401-0091,4.58562508438824e-06,0.0377345993055326,0.339117165268476,3.05708338959216e-06,0.0,0.0,0.00411177715900145,1.22283335583686e-05,0.00107864092262777,7.69365986380694e-05,9.17125016877648e-05,2.5475694913268e-06,5.0951389826536e-06,2.75137505063294e-05,6.11416677918432e-06,0.000115150141007971,7.6427084739804e-06,0.0,0.617605233726763
71401-0092,0.0,0.0106755551305156,0.0965342575752829,8.24430854159831e-07,0.0,0.0,0.000708186103723295,1.64886170831966e-06,2.14352022081556e-05,1.64886170831966e-06,1.64886170831966e-06,5.77101597911881e-06,0.0,6.10078832078275e-05,3.29772341663932e-06,8.49163779784626e-05,7.41987768743848e-06,0.0,0.891892382094021
71401-0093,6.38735769730756e-06,0.00783673247218792,0.332732736568984,1.38855602115382e-06,1.38855602115382e-06,0.0,0.0370811108337085,9.99760335230749e-06,9.69212102765365e-05,1.11084481692305e-05,8.60904733115367e-06,2.94373876484609e-05,6.94278010576909e-06,0.00042184331922653,2.77711204230764e-06,0.00030187207899884,0.0901047887686924,0.0,0.531345957899537
71401-0094,5.22258255140392e-07,0.0302105510268511,0.140554841947679,0.0,0.0,0.0,0.00218669531427282,6.5282281892549e-06,3.68192069873976e-05,4.28251769215122e-05,4.17806604112314e-05,4.17806604112314e-06,2.35016214813176e-06,4.43919516869333e-06,1.56677476542118e-06,9.63566480734024e-05,9.66177772009726e-06,0.0,0.826800883556516
71401-0096,1.56486992214381e-06,0.0027432169735181,0.36851473892297,0.0,0.0,0.0,0.00356281759524092,8.9980020523269e-06,6.84630590937917e-05,1.56486992214381e-06,2.73852236375167e-06,2.34730488321571e-06,6.65069716911119e-06,1.6039916701974e-05,2.73852236375167e-06,5.82914045998569e-05,0.000179568823566002,0.0,0.624830260515633
71401-0101,7.40203955797981e-07,0.000797939864350223,0.223612654230747,1.48040791159596e-06,0.0,0.0,0.00331537351801915,1.48040791159596e-06,1.70246909833536e-05,1.48040791159596e-06,2.96081582319192e-06,0.0,3.7010197789899e-06,1.11030593369697e-05,2.22061186739394e-06,0.000169506705877738,2.96081582319192e-06,0.0,0.772059373239702
71401-0102,9.11037215870268e-06,0.053279278458525,0.525983692433836,0.0,0.0,0.0,0.0315893044230857,7.28829772696215e-06,0.000450052384639913,0.000233225527262789,0.000258734569307156,0.000719719400537512,0.000105680317040951,0.000207716485218421,3.82635630665513e-05,0.000156698401129686,0.00295358265385141,0.0,0.384007652712613
71401-0103,1.48292925982552e-06,0.0102529729024336,0.293858745056285,0.0,0.0,0.0,0.0100957824008921,1.48292925982552e-06,4.74537363144166e-05,7.41464629912759e-06,8.89757555895311e-06,2.52097974170338e-05,5.19025240938931e-05,0.000149775855242377,1.03805048187786e-05,0.000143844138203075,0.157008101242546,0.0,0.528336553761376
71401-0104,3.75888977431626e-06,0.0491023771218933,0.532787542538103,0.0,0.0,0.0,0.00322136853658903,1.25296325810542e-06,9.89840973903281e-05,1.25296325810542e-05,1.37825958391596e-05,0.00242197797791778,0.0,0.000186691525457707,1.25296325810542e-05,0.000117778546261909,0.00243951946353125,0.0,0.409579906478822
71401-0106,0.0,0.00556318598571102,0.478464114890182,0.0,0.0,0.0,0.0253521041915158,1.20480476138842e-05,5.42162142624788e-05,0.000509030011686606,0.000587342321176853,3.91561547451236e-05,0.000102408404718015,0.000159636630883965,0.0,7.2288285683305e-05,6.02402380694209e-05,0.0,0.489024228623752
71401-0107,0.0,0.013372720358021,0.195794933932393,0.0,0.0,0.0,0.00680907611483558,0.0,0.0153295420373941,2.21109794279447e-06,2.21109794279447e-06,1.21610386853696e-05,2.21109794279447e-06,1.8794332513753e-05,1.10554897139724e-06,8.07050749119983e-05,0.027611085560646,0.0,0.740963242707799
71401-0108,4.58556573958756e-07,0.0876663872528609,0.403039129549569,9.17113147917511e-07,0.0,0.0,0.0135159550174343,1.19224709229276e-05,6.51150335021433e-05,1.28395840708452e-05,1.32981406448039e-05,3.66845259167004e-06,1.83422629583502e-05,7.01591558156896e-05,2.75133944375253e-06,0.000107760794880308,0.00629919165647143,4.58556573958756e-07,0.489171645062538
71401-0109,5.623904744551e-06,0.0422467724410671,0.315504430512158,2.2495618978204e-06,0.0,0.0,0.0387520780328031,7.8734666423714e-06,5.84886093433304e-05,9.78559425551874e-05,0.000141722399562685,0.000265448303942807,0.000422917636790235,0.0131081971785995,4.4991237956408e-06,6.97364188324324e-05,0.0918844804974231,0.0,0.497427625969842
71401-0110,0.0,0.0505905058447155,0.320986164372127,0.0,0.0,0.0,0.00207479103746592,5.02857740539486e-06,4.32457656863958e-05,3.01714644323692e-06,3.01714644323692e-06,0.00736183732149807,6.63772217512121e-05,0.00288640343069665,0.0,4.42514811674748e-05,0.00133156729694856,0.0,0.614603793357652
71401-0111,1.48146392339054e-05,0.0572170996491893,0.403257442874751,0.0,0.0,0.0,0.00311107423912013,8.88878354034323e-06,6.81473404759647e-05,0.000204442021427894,0.000231108372048924,0.00649473784014412,0.000257774722669954,4.14809898549351e-05,0.0,6.22214847824026e-05,0.000619251919977245,0.0,0.528411515122784
71401-0114,0.0,0.00423060184993068,0.404894985098194,0.0,0.0,0.0,0.0115884015964776,6.38420802303422e-06,0.000104275397709559,1.0640346705057e-06,0.0,6.38420802303422e-06,0.0,0.000316018297140194,2.12806934101141e-06,5.53298028662966e-05,0.104006196937921,0.0,0.474788230499703
71401-0115,0.0,0.000608396436777706,0.578042642459091,0.0,0.0,0.0,0.0236736957678246,1.88650057915568e-06,4.90490150580476e-05,6.60275202704487e-06,6.60275202704487e-06,1.88650057915568e-06,2.82975086873352e-06,0.000115076535328496,0.0,0.000181104055598945,1.22622537645119e-05,0.0,0.397297965220475
71401-0116,0.0,0.355667625002767,0.428513819965652,0.0,0.0,0.0,0.0116123135119065,1.26513016607996e-05,2.53026033215993e-05,3.16282541519991e-06,0.0,3.16282541519991e-06,3.16282541519991e-05,2.21397779063993e-05,1.58141270759995e-06,4.42795558127987e-05,6.32565083039981e-06,0.0,0.204056007312452
71401-0118,9.4589678487791e-07,0.0171536490144039,0.166369245187608,1.51343485580466e-06,0.0,0.0,0.00505354816288872,6.62127749414537e-06,1.74045008417535e-05,0.000105183722478424,0.00011691284261091,2.0809729267314e-06,9.4589678487791e-06,1.62694246999001e-05,9.4589678487791e-07,9.4589678487791e-05,0.000221907385732358,0.0,0.810829723633553
71401-0119,2.04550428839974e-06,0.00462488519607181,0.409782010607985,4.09100857679948e-06,0.0,0.0,0.0114466419978849,2.04550428839974e-06,0.000145230804476382,9.40931972663881e-05,0.000104320718708387,0.00188595495390456,2.25005471723971e-05,0.000681152928037114,4.09100857679948e-06,7.97746672475899e-05,0.0843668243750473,0.0,0.486754336980467
71401-0120,0.0,0.0178510647129633,0.199497737744386,0.0,0.0,0.0,0.00197376613673156,2.07546386617409e-06,3.52828857249595e-05,1.66037109293927e-05,8.30185546469636e-06,6.22639159852227e-06,4.15092773234818e-06,0.000327923290855506,2.07546386617409e-06,8.50940185131377e-05,0.100774148022083,0.0,0.679415549375285
71401-0121,2.44742023551525e-06,0.0186579081654505,0.207801886226776,1.46845214130915e-05,0.0,0.0,0.137886432358811,3.67113035327287e-06,0.000106462780244913,0.000105239070127156,0.000116252461186974,0.00108175974409774,3.18164630616982e-05,0.00014929263436643,4.8948404710305e-06,5.13958249458202e-05,0.279205371597933,0.0,0.354780484760526
71401-0122,0.0,0.00160612981654756,0.325253567130823,5.61338511681104e-06,0.0,0.0,0.0057993284988054,3.5083656980069e-06,2.94702718632579e-05,3.5083656980069e-06,2.80669255840552e-06,4.21003883760828e-06,7.01673139601379e-07,5.26254854701035e-05,0.0,0.000112969375475822,0.1534945076535,0.0,0.513631053246466
71401-0123,0.00015654178328486,0.291566898457216,0.618866415721491,0.0,2.93515843659112e-05,0.0,0.0188469784500668,2.8047069505204e-05,6.32689707442975e-05,1.95677229106075e-05,1.95677229106075e-06,6.65302578960654e-05,3.71786735301542e-05,0.00010370893142622,6.52257430353582e-07,1.95677229106075e-05,0.000487236300474126,1.30451486070716e-06,0.0697047948095963
71401-0124,0.0,0.00878845178932878,0.269085741985857,0.0,0.0,0.0,0.00241636169197124,5.55060113010239e-06,4.25546086641183e-05,0.0,0.0,0.0,0.000468100695305302,3.33036067806143e-05,3.70040075340159e-06,7.58582154447327e-05,0.0254217531758689,0.0,0.693658623228896
71401-0126,0.0,0.00124932962800449,0.699492548713698,0.0,0.0,0.0,0.147022735767799,4.06286057887638e-06,6.70371995514602e-05,6.09429086831456e-06,0.0,0.00784538377781028,1.21885817366291e-05,2.23457331838201e-05,0.0,3.45343149204492e-05,0.018386475549705,1.62514423155055e-05,0.125841012139827
71401-0127,0.0,0.0235424387664323,0.505620472397236,0.0,1.46081153924251e-06,0.0,0.0138075906689202,1.46081153924251e-06,3.35986654025777e-05,1.46081153924251e-06,0.0,0.0,0.0,7.30405769621255e-06,0.0,5.98932731089429e-05,0.0130085267569546,0.0,0.443915792979632
71401-0128,0.0,0.0156769710081771,0.264590730116548,0.0,0.0,0.0,0.00271399694696747,1.71230091291323e-06,0.000101881904318337,4.28075228228308e-06,3.42460182582646e-06,0.00176709454212646,5.1369027387397e-06,0.000458896644660746,1.19861063903926e-05,0.000205476109549588,0.0601779594338791,0.0,0.654280452629623
71401-0129,0.0,0.0159587133113928,0.271100924801959,0.0,0.0,0.0,0.00183981688015554,2.19112768577476e-06,2.19112768577476e-05,7.30375895258254e-07,1.46075179051651e-06,0.0,8.76451074309904e-06,1.16860143241321e-05,2.92150358103301e-06,5.25870644585943e-05,0.00136215104465664,7.30375895258254e-07,0.709635410960605
71401-0132,9.44702768168051e-06,0.0705781140079897,0.768744949776452,2.51920738178147e-06,0.0,0.0,0.0076476838092431,3.14900922722684e-06,7.49464196079987e-05,5.22735531719655e-05,6.1720580853646e-05,6.29801845445367e-06,0.00077087745882513,3.27496959631591e-05,3.7788110726722e-06,3.52689033449406e-05,2.51920738178147e-06,6.29801845445367e-07,0.151973074711504
71401-0133,4.02855509157382e-05,0.314503664685599,0.279330046956492,0.0,0.0,0.0,0.00382582780309462,6.06449153570253e-06,3.63869492142152e-05,1.86266525739435e-05,0.0,0.00174960580805018,7.97047458978047e-05,9.78982205049122e-05,1.29953390050768e-06,2.38247881759742e-05,8.230381369882e-06,0.0,0.400278533432675
71401-0135,0.0,0.00199911679973083,0.690774762902785,0.0,0.0,0.0,0.0189201124327962,2.80381037830412e-06,1.40190518915206e-05,2.80381037830412e-06,8.41143113491235e-06,1.40190518915206e-06,2.80381037830412e-06,0.0001023390788081,0.0,0.000172434338265703,4.20571556745617e-06,0.0,0.287994784912696
71401-0139,1.85941346661609e-06,0.0683873678886732,0.161622077931737,0.0,0.0,0.0,0.0023000944582041,1.85941346661609e-06,2.23129615993931e-05,2.78912019992414e-05,2.60317885326253e-05,3.71882693323218e-06,1.30158942663126e-05,4.83447501320184e-05,1.85941346661609e-06,8.92518463975724e-05,0.0938520353139806,0.0,0.673602278897145
71401-0140,1.33221604814096e-06,0.00741578063197665,0.765446712024182,0.0,0.0,0.0,0.152444816280746,4.66275616849336e-06,3.13070771313125e-05,0.0,6.6610802407048e-07,9.8583987562431e-05,1.19899444332686e-05,2.66443209628192e-06,1.99832407221144e-06,1.5320484553621e-05,0.0037501881755168,1.13238364091982e-05,0.0707626537210793
71401-0141,1.68845334296877e-06,0.0198072461663667,0.437488391883267,8.44226671484387e-06,0.0,0.0,0.0257269635868152,1.18191734007814e-05,5.74074136609383e-05,0.000270152534875004,0.000312363868449223,3.37690668593755e-06,1.5196080086719e-05,3.37690668593755e-05,0.0,6.07843203468759e-05,0.000138453174123439,3.37690668593755e-06,0.516060568198319
71401-0144,1.22800942128828e-06,0.0362066297772637,0.3282493743292,0.0,1.22800942128828e-06,0.0,0.00380805721541496,4.91203768515312e-06,5.2804405115396e-05,8.59606594901796e-06,7.36805652772968e-06,3.68402826386484e-06,4.91203768515312e-05,1.96481507406125e-05,3.68402826386484e-06,0.000111748857337233,0.0135744161429206,0.0,0.617897500509624
71401-0147,4.63688849685015e-05,0.0173365712474093,0.581723542237741,1.07834616205817e-05,0.0,0.0,0.0276293853642545,1.40185001067563e-05,7.4405885182014e-05,0.000254489694245729,0.000393596349151234,1.07834616205817e-06,2.15669232411635e-06,0.00010028619307141,1.07834616205817e-06,3.88204618340943e-05,4.42121926443852e-05,0.0,0.372329206143122
71401-0148,1.95472466725699e-06,0.0241349854666221,0.326871013583382,0.0,0.0,0.0,0.0224812883981227,5.86417400177098e-06,6.25511893522238e-05,3.90944933451399e-06,1.95472466725699e-05,0.000179834669387643,5.86417400177098e-06,3.90944933451399e-06,0.0,4.30039426796539e-05,1.95472466725699e-06,3.90944933451399e-06,0.62618040935844
71401-0149,0.0,0.0502701660691493,0.419502830555628,0.0,0.0,0.0,0.00440752244539931,4.56265263498893e-06,9.01123895410314e-05,1.14066315874723e-06,1.14066315874723e-06,1.14066315874723e-06,2.28132631749446e-06,0.000122050957985954,4.56265263498893e-06,9.23937158585258e-05,0.0508815615222378,3.4219894762417e-06,0.47461511173366
71401-0153,7.67626135367031e-06,0.00885904529058167,0.0598351778749678,0.0,0.0,0.0,0.000417076866882753,1.27937689227838e-06,5.75719601525273e-06,7.03657290753112e-06,4.47781912297435e-06,7.67626135367031e-06,0.0,5.75719601525273e-06,5.75719601525273e-06,4.54178796758827e-05,0.0380672197412972,6.39688446139192e-07,0.892730004778473
71401-0155,0.0,0.0283238556810757,0.427270181580584,0.0,0.0,0.0,0.00723461462463769,3.63670306198275e-06,0.000881294375353821,4.84893741597701e-06,1.21223435399425e-05,0.0,1.21223435399425e-06,7.63707643016379e-05,1.21223435399425e-06,0.000152741528603276,4.24282023897988e-05,0.0,0.535995480790328
71401-0156,0.0,0.0119143564354376,0.107483430785432,0.0,0.0,0.0,0.011326856128581,1.24823011371792e-06,2.62128323880764e-05,8.32153409145283e-07,1.66430681829057e-06,4.16076704572641e-07,4.57684375029905e-06,2.08038352286321e-06,1.24823011371792e-06,6.07471988676056e-05,4.57684375029905e-06,4.16076704572641e-07,0.869171337474406
71401-0157,2.13205978295631e-06,0.0680553482719655,0.426151845297742,7.24900326205147e-05,0.0,0.0,0.158900283563951,1.06602989147816e-05,0.000383770760932137,0.000127923586977379,0.000155640364155811,0.00163742191331045,0.000426411956591263,0.000206809798946762,2.77167771784321e-05,0.000100206809798947,0.00207023004925058,2.13205978295631e-06,0.341668976398098
71401-0158,1.92593990682303e-06,0.0170195309565951,0.61105643581709,0.00012711203385032,0.0,0.0,0.0328392013512394,1.34815793477612e-05,5.20003774842217e-05,6.9333836645629e-05,6.35560169251599e-05,0.00281187226396162,0.000518077834935394,0.000104000754968443,9.62969953411514e-06,6.54819568319829e-05,0.00396358432824179,0.0,0.331284775252443
71401-0160,0.0,0.0235950214071333,0.246234308023021,0.0,0.0,0.0,0.0221670291896909,0.0,6.62996386669693e-05,0.0,0.0,0.00405447790309543,0.0,1.52999166154544e-05,2.54998610257574e-06,5.60996942566663e-05,0.0303091348152153,0.0,0.673499779426202
71401-0161,2.84112970893573e-06,0.0112139389611693,0.257187584641989,0.0,0.0,0.0,0.00979337410670147,4.73521618155955e-06,2.0834951198862e-05,1.89408647262382e-06,9.47043236311911e-07,1.89408647262382e-06,9.47043236311911e-07,2.84112970893573e-05,7.57634589049528e-06,0.000125956750429484,0.0304095583179754,9.47043236311911e-07,0.691198558979012
71401-0162,0.0,0.0138751238850347,0.265609514370664,0.0,0.0,0.0,0.0168483647175421,0.0,0.0,0.0,0.0,0.0,0.00396432111000991,0.0,0.0,0.000991080277502478,0.00991080277502478,0.0,0.688800792864222
71401-0165,9.82378584146866e-07,0.00773917848590901,0.378891631362436,9.82378584146866e-07,0.0,0.0,0.00316866212316572,2.45594646036716e-06,3.78215754896543e-05,6.38546079695463e-06,7.85902867317493e-06,1.27709215939093e-05,1.27709215939093e-05,1.08061644256155e-05,9.82378584146866e-07,5.4522011420151e-05,6.87665008902806e-06,0.0,0.610045312212194
71401-0166,0.0,0.0266102408437285,0.134587404633712,0.0,0.0,0.0,0.00300131463304751,2.76959209447633e-06,2.76959209447633e-05,2.76959209447633e-06,3.69278945930177e-06,3.69278945930177e-06,0.00542655411044395,1.29247631075562e-05,3.69278945930177e-06,6.00078287136537e-05,0.000270496827893854,0.0,0.829986742885841
71401-0167,1.32677024319699e-06,0.018906475965557,0.371925541653952,0.0,0.0,0.0,0.00403802523517003,1.26043173103714e-05,0.000269334359368988,1.32677024319699e-06,0.0,0.0,6.63385121598493e-06,1.92381685263563e-05,0.00280678244948322,0.000155895503575646,0.00413421607780181,6.63385121598493e-07,0.597721935492431
71401-0170,1.41561992190591e-07,0.00989603262607546,0.324043186033834,1.27405792971532e-06,0.0,0.0,0.0142046134203883,8.91840550800724e-06,5.01129452354693e-05,1.5571819140965e-06,8.49371953143547e-07,1.91108689457298e-05,3.53904980476478e-06,9.48465347676961e-06,0.0,6.55432023842437e-05,7.36122359391074e-06,5.66247968762365e-07,0.651687709148996
71401-0171,4.71990881136176e-06,0.0140842078931035,0.58797792026658,9.43981762272353e-06,2.35995440568088e-06,0.0,0.0338653457215207,9.43981762272353e-06,9.9118085038597e-05,0.000155756990774938,0.000165196808397662,0.00376412727706101,3.30393616795324e-05,2.83194528681706e-05,4.24791793022559e-05,0.000202956078888556,0.00787752780616278,1.41597264340853e-05,0.351663885853725
71401-0172,4.69373386528984e-06,0.0144739106625988,0.523986544629586,0.0,3.12915591019323e-06,0.0,0.00772119220840178,4.69373386528984e-06,4.69373386528984e-05,5.16310725181882e-05,7.82288977548306e-05,0.00795900805757647,5.94539622936713e-05,0.000104826722991473,6.25831182038645e-06,5.00664945630916e-05,0.0179504028788234,0.0,0.427499022138778
71401-0173,3.06634183885454e-06,0.0176498636244467,0.562083456625828,0.0,0.0,0.0,0.0223045705358279,6.13268367770907e-06,5.51941530993817e-05,8.43244005684998e-05,0.000141051724587309,3.06634183885454e-06,0.00102109183233856,0.000487548352377871,6.13268367770907e-06,0.000142584895506736,0.0446582025410775,0.0,0.351353713263308
71401-0174,1.68855336708095e-05,0.214876858727886,0.147602781891672,0.0,0.0,0.0,0.00528657916676927,1.12570224472063e-05,2.11069170885119e-05,7.31706459068411e-05,8.02062849363451e-05,5.98029317507836e-05,5.62851122360316e-05,5.62851122360316e-05,2.11069170885119e-06,5.62851122360316e-05,6.33207512655356e-06,0.0,0.631794052774328
71401-0175,6.09043408738444e-06,0.0172143351100791,0.314514445679142,1.10735165225172e-06,0.0,0.0,0.00174352517647033,4.98308243513272e-06,3.93109836549359e-05,1.21808681747689e-05,1.38418956531465e-05,6.6441099135103e-06,1.49492473053982e-05,2.38080605234119e-05,3.87573078288101e-06,0.00014174101148822,9.96616487026545e-06,0.0,0.666249195093768
71401-0176,0.0,0.0244803739391966,0.42675236106588,5.74701634068313e-06,0.0,0.0,0.00735043389973372,5.74701634068313e-06,4.5976130725465e-05,1.91567211356104e-05,1.53253769084883e-05,5.74701634068313e-06,1.14940326813663e-05,1.14940326813663e-05,1.53253769084883e-05,0.00011110898258654,0.0203463535181318,1.91567211356104e-06,0.520821440202295
71401-0177,0.0,0.00298532283329399,0.537612921914898,0.0,0.0,0.0,0.0877210158144325,9.38780765186791e-06,0.000190438383795035,0.00062898311267515,0.0007604124198013,0.0,0.000126064845610798,3.62101152286334e-05,3.48689998497951e-05,4.82801536381778e-05,0.0241011844731026,0.0,0.345744909126022
71401-0179,0.0,0.00815809558240191,0.23147576296207,0.0,0.0,0.0,0.00264362968095683,3.76585424637725e-06,0.000104188634149771,2.51056949758483e-06,0.0,0.00763966298115064,0.0,0.000537261872483154,2.00845559806787e-05,0.000179505719077316,0.00538517157231946,0.0,0.743850360015666
71401-0181,0.0,0.0338393638473538,0.508468084566703,0.0,2.53649380461388e-06,0.0,0.0166647642963132,2.53649380461388e-06,0.000147116640667605,7.10218265291887e-05,8.11678017476442e-05,0.00112113026163934,3.29744194599805e-05,0.00029423328133521,5.07298760922776e-06,9.13137769660998e-05,0.00521503126228614,0.0,0.43396365204378
71401-0182,1.57781466357836e-06,0.00566119901291915,0.325503165096215,0.0,1.57781466357836e-06,0.0,0.0106139592418916,1.57781466357836e-06,5.52235132252425e-05,0.0,1.57781466357836e-06,0.00190442229893908,1.57781466357836e-06,4.89122545709291e-05,1.57781466357836e-06,7.57351038517612e-05,0.0123921563677444,0.0,0.643735760222661
71401-0183,0.0,0.0272932111130859,0.122622895511328,0.0,0.0,0.0,0.00463748121059496,3.01232946449819e-06,2.25924709837364e-05,1.5061647322491e-06,1.5061647322491e-06,1.5061647322491e-06,0.0,0.000100913037060689,0.0,5.27157656287183e-05,0.099132750347171,0.0,0.746129909720486
71401-0184,1.91419310380031e-05,0.15164716316582,0.361938822388403,3.19032183966719e-06,0.0,0.0,0.0267620147520482,1.43564482785023e-05,3.5093540236339e-05,3.03080574768383e-05,2.55225747173375e-05,0.00166375283938644,1.75467701181695e-05,2.55225747173375e-05,3.19032183966719e-06,2.39274137975039e-05,0.000588614379418596,3.19032183966719e-06,0.457198642199025
71401-0185,0.000241479905944796,0.0293117578761476,0.222085898549169,0.0,0.0,0.0,0.017030431346531,6.58581561667626e-05,5.36622013210658e-05,0.00165377147707648,0.00246358287883075,7.31757290741807e-06,0.000117081166518689,6.09797742284839e-05,2.43919096913936e-06,6.58581561667626e-05,1.21959548456968e-05,0.0,0.726827685793176
71401-0186,0.000168067226890756,0.207484993997599,0.379259703881553,0.0,0.0,0.0,0.00783713485394158,1.20048019207683e-05,9.40376150460184e-05,2.40096038415366e-05,1.20048019207683e-05,0.00220088035214086,2.00080032012805e-05,0.00105442176870748,6.00240096038415e-06,6.20248099239696e-05,0.00189275710284114,0.0,0.399871948779512
71401-0188,0.0,0.0283921735431731,0.452549742426391,2.36306063613592e-05,0.0,0.0,0.0166477621815776,3.54459095420388e-05,8.27071222647573e-05,0.00543503946311262,0.00653386265891583,0.00512784158041495,1.18153031806796e-05,0.00138239047213952,1.18153031806796e-05,8.27071222647573e-05,0.026147265938844,0.0,0.457535800368637
71401-0189,0.000112271247333558,0.0112720332322892,0.477444706410688,0.000202088245200404,0.0,0.0,0.311013809363422,0.0,6.73627484001347e-05,0.00220051644773773,0.00273941843493881,0.0,6.73627484001347e-05,0.0,0.0,2.24542494667116e-05,0.030358145278994,0.0,0.164499831593129
71401-0190,0.0,0.00663098101514833,0.165085481809462,0.0,0.0,0.0,0.00443624964643984,2.12667768285706e-06,2.12667768285706e-05,0.0,4.25335536571413e-06,0.0,0.0,0.000706056990708545,0.0,6.5927008168569e-05,0.00198419027810564,0.0,0.821063466442089
71401-0193,0.0,0.0132372489658814,0.390283928244506,0.0,0.0,0.0,0.01692664457363,5.30657404926093e-06,2.38795832216742e-05,3.05128007832503e-05,2.91861572709351e-05,1.32664351231523e-06,2.65328702463046e-06,5.30657404926093e-06,2.65328702463046e-06,5.1739096980294e-05,0.0101474962256992,1.32664351231523e-06,0.569250791342855
71401-0194,1.95525210042957e-06,0.0293952600778581,0.382206814835671,6.25680672137462e-05,1.95525210042957e-06,0.0,0.0138451401231418,5.86575630128871e-06,3.32392857073027e-05,7.82100840171828e-06,1.75972689038661e-05,0.000711711764556363,1.56420168034366e-05,7.82100840171828e-06,0.000707801260355504,4.69260504103097e-05,4.30155462094505e-05,0.0,0.572888865425864
71401-0195,4.19636175435897e-06,0.00148271448654017,0.29667438330967,0.0,0.0,0.0,0.0112798203957169,2.79757450290598e-06,6.43442135668375e-05,3.91660430406837e-05,4.61599792979487e-05,0.000625257901399487,1.39878725145299e-05,3.21721067834188e-05,0.0,0.000288150173799316,0.0835733419125618,0.0,0.605873507668851
71401-0197,2.5268222178424e-06,0.0129390143034983,0.189734868967423,0.0,0.0,0.0,0.00465693334748354,2.5268222178424e-06,8.17005850435708e-05,2.5268222178424e-06,4.21137036307066e-06,0.00582179838990888,0.0,2.77950443962664e-05,3.87446073402501e-05,0.000406818377072626,0.121770089500043,0.0,0.664510445040775
71401-0198,1.77818083209972e-05,0.0629587150865307,0.188236000160036,0.0,0.0,0.0,0.00832188629422669,4.4454520802493e-06,6.00136030833656e-05,3.55636166419944e-05,5.33454249629916e-05,0.000391199783061938,0.000393422509102063,0.00242943956185624,0.0,6.44590551636149e-05,0.00452769294373391,0.0,0.732506034701199
71401-0199,0.0,0.00754008414114971,0.394059657134573,0.0,0.0,0.0,0.0220863548035452,4.18196569115347e-06,6.69114510584555e-05,2.09098284557673e-05,2.50917941469208e-05,0.0,0.000243947998650619,6.96994281858912e-06,2.78797712743565e-06,0.000149156776317807,2.3697805583203e-05,0.0,0.575770248380882
71401-0200,0.0,0.00532210164034528,0.310544977656887,0.0,0.0,0.0,0.00500638374642649,6.93885481140193e-06,9.7143967359627e-05,0.0,0.0,6.59191207083183e-05,0.0,3.46942740570096e-05,3.46942740570096e-06,9.3674539953926e-05,0.000586333231563463,0.0,0.678238363540481
71401-0201,1.85244532044525e-06,0.00201731295396488,0.415221913687163,0.0,0.0,0.0,0.00349371187435975,0.0,1.4819562563562e-05,1.85244532044525e-06,0.0,0.0,3.70489064089051e-06,7.40978128178102e-06,0.0,4.81635783315766e-05,3.51964610884598e-05,0.0,0.579154062319965
71401-0203,0.0,0.00220310174882934,0.473329840680419,0.0,0.0,0.0,0.0113047618397521,2.5597619080124e-06,7.76461112097094e-05,1.62118254174118e-05,1.53585714480744e-05,1.70650793867493e-06,7.50863493016969e-05,1.70650793867493e-05,5.11952381602479e-06,9.38579366271212e-05,0.00694122104056028,0.0,0.505916463023386
71401-0204,1.46455663110967e-06,0.00729642113618839,0.31233940221192,0.0,1.61101229422064e-05,0.0,0.00147261169258078,7.32278315554836e-07,3.44170808310773e-05,5.12594820888385e-06,4.39366989332902e-06,0.00140817120081195,2.63620193599741e-05,0.000149384776373187,2.85588543066386e-05,3.73461940932966e-05,0.00334870873703227,0.0,0.673830789520511
71401-0205,0.0,0.0152591575340603,0.534796249966008,1.6996165665026e-06,0.0,0.0,0.0198175291654203,8.49808283251298e-06,6.28858129605961e-05,3.22927147635493e-05,4.75892638620727e-05,0.00155514915834988,8.49808283251298e-06,1.52965490985234e-05,6.79846626601039e-06,6.28858129605961e-05,0.000603363881108422,0.0,0.427722105892911
71401-0206,0.0,0.0483400204176883,0.299819899310399,0.0,0.0,0.0,0.00471705092182231,3.36259689322948e-06,0.00151854875698243,0.0,0.0,0.00178217635341162,3.56435270682325e-05,0.000354417712546387,2.01755813593769e-06,0.000122398526913553,7.53221704083403e-05,1.34503875729179e-06,0.643227797108974
71401-0207,4.86228391199914e-06,0.0355011556028098,0.463189269263558,1.62076130399971e-06,0.0,0.0,0.00994904326460225,5.672664563999e-06,6.07785488999893e-05,4.45709358599922e-05,5.99681682479894e-05,8.10380651999857e-07,4.86228391199914e-06,0.000136143949535976,2.43114195599957e-06,6.8071974767988e-05,0.00711919402781875,0.0,0.483851544747599
71401-0208,0.0,0.0115206712244727,0.321559246328965,3.97226476468745e-05,0.0,0.0,0.00885594361149485,2.20681375815969e-06,0.000121374756698783,1.21374756698783e-05,1.10340687907985e-05,0.000688525892545825,6.62044127447908e-06,0.000251576768430205,0.0,0.00050205012998133,0.031479094853269,2.20681375815969e-06,0.624947588173244
71401-0210,0.0,0.0391088150603722,0.322061696953565,7.5616425097394e-07,7.5616425097394e-07,0.0,0.00320462409562756,1.51232850194788e-06,5.44438260701236e-05,1.51232850194788e-06,0.0,7.5616425097394e-07,2.26849275292182e-06,6.42739613327849e-05,6.72986183366806e-05,0.0001247671014107,0.00403791710020084,0.0,0.631268601640574
71401-0212,7.70335311554413e-07,0.0123138099551973,0.302234896805882,0.0,4.62201186932648e-06,0.0,0.00390560002958088,3.85167655777207e-06,0.000114009626110053,7.70335311554413e-06,1.69473768541971e-05,1.69473768541971e-05,6.54785014821251e-05,5.93158189896898e-05,3.85167655777207e-06,0.000103224931748291,0.0456277308386795,0.0,0.63552123968521
71401-0213,3.97673872959105e-06,0.071241948761047,0.510984415160919,0.000307534461755041,0.0,0.0,0.0206551809614959,1.72325344948945e-05,0.000388394815923392,9.01394112040637e-05,9.94184682397761e-05,1.45813753418338e-05,0.000205464834362204,0.00123411458574975,6.62789788265174e-06,4.24185464489711e-05,0.0118586348916405,0.0,0.382849916554766
71401-0221,0.000107564166979216,0.0139649425734727,0.289944873364423,0.0,0.0,0.0,0.00482198838023933,2.54757237582354e-05,2.6891041744804e-05,0.000198144518119609,0.000387797128319805,1.41531798656863e-06,1.41531798656863e-06,1.41531798656863e-05,2.83063597313726e-06,0.00032127718295108,0.294490874737282,0.0,0.395690356730899
71401-0224,0.0,0.0767008109693207,0.328996197949319,0.0,0.0,0.0,0.0063856250126398,5.05591845814711e-06,0.0117120351082978,1.26397961453678e-05,7.58387768722066e-06,0.000374137965902886,3.03355107488826e-05,2.52795922907355e-06,2.52795922907355e-06,0.00125386777762048,7.58387768722066e-06,0.0,0.574509070317714
71401-0226,1.54211992141357e-06,0.00565906607161399,0.116489168663712,0.0,5.14039973804523e-07,0.0,0.00478057175638206,1.02807994760905e-06,1.64492791617447e-05,0.0,5.14039973804523e-07,1.54211992141357e-06,5.14039973804523e-06,6.16847968565428e-06,4.11231979043618e-06,0.00013416443316298,0.0486513133207291,0.0,0.824248704876286
71401-0228,0.0,0.0140026927106396,0.286986501350462,0.0,0.0,0.0,0.0165983283688192,3.7336531331697e-06,6.04851807573491e-05,2.98692250653576e-06,2.98692250653576e-06,0.00560944046727416,0.000112009593995091,0.000210578036710771,2.24019187990182e-06,6.42188338905188e-05,0.0115407218346275,0.0,0.664803075932797
71401-0229,1.87022158385325e-06,0.0365310381974056,0.336227501234346,0.0,0.0,0.0,0.000695722429193411,8.41599712733965e-06,0.0751595299011027,9.35110791926627e-07,0.0,0.0,9.35110791926627e-07,3.92746532609184e-05,1.30915510869728e-05,0.000180476382841839,0.00547413857593848,0.0,0.545667070634529
71401-0230,0.0,0.0038527522939233,0.386532379906369,4.51670843367327e-06,0.0,0.0,0.0304012116823158,4.51670843367327e-06,6.7750626505099e-05,2.25835421683663e-06,4.51670843367327e-06,0.00554727074128972,7.52784738945544e-07,0.000125715051403906,3.01113895578218e-06,7.00089807219356e-05,0.000485546156619876,0.0,0.572897792157639
71401-0232,1.36903221743517e-06,0.0971520022780696,0.267644429476359,0.0,0.0,0.0,0.00467113792588881,5.47612886974069e-06,5.20232242625366e-05,2.73806443487035e-06,9.58322552204621e-06,9.58322552204621e-06,0.000933679972290788,1.77974188266572e-05,1.36903221743517e-06,0.000318984506662395,0.035763228616059,0.0,0.593416597872798
71401-0233,3.80325025767021e-06,0.00517812522581798,0.829038196042338,0.0,0.0,0.0,0.0324968718266631,3.80325025767021e-06,0.000136917009276127,1.71146261595159e-05,3.8032502576702e-05,0.0,3.80325025767021e-06,4.37373779632074e-05,1.9016251288351e-06,4.37373779632074e-05,0.000251014517006234,0.0,0.132742942118334
71401-0235,0.0,0.0174860301309415,0.509024497501725,9.47752310620133e-06,3.79100924248053e-06,0.0,0.0115265636017621,1.32685323486819e-05,5.87606432584483e-05,3.79100924248053e-06,3.79100924248053e-06,0.0,9.47752310620133e-06,3.03280739398443e-05,7.58201848496107e-06,0.00014216284659302,0.00156000030328074,0.0,0.460120478273726
71401-0236,1.03397432848537e-06,0.0116125656832192,0.275141602784286,2.17134608981928e-05,0.0,0.0,0.0115794785047077,6.20384597091223e-06,5.89365367236662e-05,1.13737176133391e-05,5.16987164242686e-06,0.0,1.03397432848537e-06,3.41211528400173e-05,1.03397432848537e-06,7.34121773224614e-05,5.2732690752754e-05,0.0,0.701399587651038
71401-0238,0.0,0.0759041248212931,0.369497149513741,1.05900418306652e-05,0.0,0.0,0.00549623171011525,3.53001394355508e-06,2.2945090633108e-05,1.76500697177754e-06,3.53001394355508e-06,1.76500697177754e-06,1.76500697177754e-06,1.05900418306652e-05,3.53001394355508e-06,0.00010060539739132,0.0156097216584006,0.0,0.533332156662019
71401-0239,5.00764082529259e-06,0.0313870580861298,0.571022117914919,0.0,1.66921360843086e-06,0.0,0.00888856246489435,4.17303402107716e-06,4.42341606234179e-05,1.41883156716623e-05,1.66921360843086e-06,2.5038204126463e-06,0.00906716832099645,8.59645008341895e-05,8.34606804215432e-07,9.51451756805593e-05,7.09415783583117e-05,0.0,0.379308761952613
71401-0244,9.25822199549865e-07,0.0653019430230502,0.488857266917318,9.25822199549865e-07,0.0,0.0,0.0135058942470334,7.40657759639892e-06,8.79531089572372e-05,5.55493319729919e-06,6.48075539684906e-06,0.000310150436849205,2.31455549887466e-05,3.14779547846954e-05,9.25822199549865e-07,3.88845323810943e-05,0.000147205729728429,9.25822199549865e-07,0.431672932939921
71401-0245,0.0,0.00705106699534694,0.389416106305702,0.0,0.0,0.0,0.0126989220648511,8.75184153332264e-06,3.79246466443981e-05,1.45864025555377e-05,2.33382440888604e-05,2.91728051110755e-06,0.00115524308239859,9.04356958443339e-05,0.0,7.87665737999037e-05,2.33382440888604e-05,0.0,0.589398602622635
71401-0247,3.48113659109699e-06,0.0303833601670946,0.393041207954397,0.00010443409773291,0.0,0.0,0.0890074409294635,1.0443409773291e-05,3.48113659109699e-05,6.44010269352944e-05,8.52878464818763e-05,0.00994908837735521,2.26273878421305e-05,0.00104260040903355,2.78490927287759e-05,4.87359122753579e-05,0.00349854227405248,0.0,0.472675688612332
71401-0248,0.0,0.0317599430733172,0.515701070591499,0.0,0.0,0.0,0.0201132905311147,3.2161967669182e-05,6.83441812970118e-05,0.00193373830610957,0.00243626905094054,0.000715603780639299,0.000100506148966194,2.41214757518865e-05,0.000100506148966194,6.03036893797163e-05,0.000289457709022638,4.02024595864775e-06,0.426660663099368
71401-0249,1.32889659058291e-05,0.00740726959590912,0.159337359004072,0.0,0.0,0.0,0.00456874647842404,5.31558636233163e-06,3.18935181739898e-05,0.000119600693152462,0.000154152004507617,0.0,0.0,1.32889659058291e-05,0.0,3.18935181739898e-05,0.496119621955498,0.0,0.332197569713915
71401-0251,4.26167085198258e-06,0.0398338374534812,0.288042071214651,0.0,0.0,0.0,0.0174217104429048,3.19625313898694e-06,4.58129616588128e-05,1.17195948429521e-05,1.91775188339216e-05,3.19625313898694e-06,1.91775188339216e-05,0.000238653567711025,3.19625313898694e-06,0.000208821871747147,4.26167085198258e-06,1.06541771299565e-06,0.654139840336502
71401-0252,8.42160816222263e-06,0.0110140598748268,0.289387510474375,0.0,0.0,0.0,0.00605653986999844,5.61440544148175e-06,3.78972367300018e-05,7.01800680185219e-06,1.68432163244453e-05,0.00051091089517484,0.0,1.26324122433339e-05,4.4915243531854e-05,0.000422484009471502,0.00705871124130293,0.0,0.685416441505615
71401-0253,0.0,0.00131001633743604,0.405181362805464,0.0,0.0,0.0,0.0041307599173848,6.47454532505455e-06,8.84854527757455e-05,1.72654542001455e-05,2.58981813002182e-05,0.0006884599862308,0.0,3.45309084002909e-05,2.15818177501818e-06,4.10054537253455e-05,0.170649591132463,0.0,0.41782399164352
71401-0254,2.82188143300783e-06,0.0350520002201068,0.410971757199678,0.0,0.0,0.0,0.00400424975343811,2.82188143300783e-06,0.000118519020186329,2.11641107475587e-05,3.245163647959e-05,0.00257919962976916,0.0,0.000237038040372658,5.92595100931644e-05,8.74783244232427e-05,0.0158307548391739,0.0,0.531000483952666
71401-0255,0.0,0.00600855950380072,0.613352096614322,0.0,5.80136779677311e-05,0.0,0.0115148863097665,3.31506731244178e-06,0.000175698567559414,0.0,3.31506731244178e-06,4.97260096866267e-06,1.32602692497671e-05,3.97808077493013e-05,1.65753365622089e-06,9.44794184045907e-05,0.00557925828683951,0.0,0.363150706275091
71401-0256,1.71764542874434e-06,0.0199166712947669,0.407415762374061,0.0,0.0,0.0,0.00872105839021125,1.14509695249623e-06,3.37803600986387e-05,2.29019390499245e-06,4.00783933373679e-06,0.000616634708919217,2.74823268599094e-05,1.31686149537066e-05,8.01567866747358e-06,9.33254016284424e-05,3.14901661936462e-05,0.0,0.56311344990802
71401-0259,2.21361372440509e-06,0.0231632540121749,0.219426674045379,9.96126175982291e-06,0.0,0.0,0.00441062534587714,6.64084117321527e-06,2.87769784172662e-05,3.6524626452684e-05,4.31654676258993e-05,0.0,7.74764803541782e-06,4.42722744881018e-05,3.32042058660764e-06,7.3049252905368e-05,0.000931931377974543,0.0,0.751811842833426
71401-0260,1.91453881631723e-06,0.037888723174918,0.367645059819765,0.0,0.0,0.0,0.00233956643353966,4.46725723807354e-06,4.21198539589791e-05,6.76470381765422e-05,0.000102108736870252,0.0019190060735553,4.46725723807354e-06,0.000242508250066849,1.46781309250988e-05,0.000121254125033425,0.114430070512465,0.0,0.475176408797434
71402-0001,0.0,0.0159174221697691,0.54156474080432,0.0,0.0,4.47043255905441e-07,0.00674320047207768,1.34112976771632e-06,7.82325697834523e-05,1.02819948858252e-05,1.38583409330687e-05,1.34112976771632e-05,1.34112976771632e-06,2.86107683779482e-05,0.000165853047940919,0.000112207857232266,0.0318098099172076,4.47043255905441e-07,0.403538794413747
71402-0002,1.56725072877159e-05,0.077216092530483,0.351604081120898,0.0,0.0,7.83625364385794e-07,0.0315001723975802,3.13450145754318e-06,0.000304046641381688,9.40350437262953e-06,5.48537755070056e-06,0.0173087170485534,4.23157696768329e-05,0.00242767137886719,1.80233833808733e-05,0.000127730934394884,0.0774660690217221,0.0,0.441950600257029
71402-0003,1.64788897183263e-06,0.0137475137475137,0.43025392321167,0.0,0.0,0.0,0.0103652216328273,8.23944485916317e-07,0.000105464894197289,5.76761140141422e-06,3.29577794366527e-06,0.00321255955058772,8.23944485916317e-07,0.000277669291753799,8.48662820493806e-05,0.000100521227281791,6.83873923310543e-05,0.0,0.5417715136025
71402-0004,5.96854576382464e-07,0.0275418544271688,0.335007908323137,0.0,0.0,0.0,0.00436718493539049,1.19370915276493e-06,3.93924020412426e-05,8.3559640693545e-06,1.31308006804142e-05,5.96854576382464e-07,2.38741830552986e-06,8.95281864573697e-06,2.38741830552986e-06,4.89420752633621e-05,0.0026207884448954,0.0,0.630336327553792
71402-0005,2.85525912774429e-05,0.0527236576388564,0.648526686290084,9.08491540645911e-06,1.29784505806559e-06,0.0,0.00319140099778328,3.89353517419676e-06,9.99340694710503e-05,9.08491540645911e-06,2.59569011613118e-06,0.0188447102431123,6.48922529032794e-06,0.00118623038307195,3.89353517419676e-06,5.84030276129515e-05,0.00877732612769757,5.19138023226235e-06,0.266521567589175
71402-0008,0.0,0.0149262450708339,0.403073122048586,0.0,0.0,0.0,0.00376381383574315,3.04269509760966e-06,6.93734482255002e-05,7.54588384207195e-05,9.18893919478117e-05,6.08539019521932e-06,6.69392921474125e-06,2.79927948980089e-05,0.0,4.01635752884475e-05,3.5295263132272e-05,0.0,0.577880823718417
71402-0009,3.09814105340514e-07,0.0155796219152584,0.445357776426988,4.02758336942668e-06,0.0,0.0,0.0499754937042676,4.95702568544822e-06,2.81930835859867e-05,1.11533077922585e-05,1.11533077922585e-05,3.06715964287108e-05,1.98281027417929e-05,6.19628210681027e-06,5.57665389612924e-06,0.000234529277742769,2.97421541126893e-05,1.54907052670257e-06,0.488699220693599
71402-0010,1.36822208433584e-06,0.00788232742785878,0.905906683149182,0.0,0.0,0.0,0.0372313752479047,1.36822208433584e-06,0.000188814647638346,2.32597754337093e-05,4.10466625300752e-06,1.09457766746867e-05,7.25157704697996e-05,3.4205552108396e-06,4.10466625300752e-06,9.78278790300126e-05,0.000742260480752194,1.23139987590226e-05,0.0478173095144111
71402-0011,4.60511457903575e-05,0.0519778651698152,0.44619585993891,6.30837613566541e-07,3.78502568139925e-06,0.0,0.00814663694159832,4.41586329496579e-06,0.000112289095214844,1.26167522713308e-05,1.13550770441977e-05,6.93921374923196e-06,2.3340991701962e-05,2.3340991701962e-05,1.89251284069962e-06,6.30837613566541e-05,0.000120489984191209,1.89251284069962e-06,0.493247514184384
71402-0013,5.71383513757201e-07,0.00526987014738266,0.675999264058034,1.1427670275144e-06,0.0,0.0,0.00485618848342245,0.0,4.68534481280905e-05,0.0,1.7141505412716e-06,0.00111534061885406,0.000294833893098716,1.08562867613868e-05,2.2855340550288e-06,2.97119427153744e-05,0.000302261878777559,0.0,0.312069105407688
71402-0014,0.0,0.0113952631598146,0.218082948404781,7.70059752583854e-06,4.05294606623081e-07,0.0,0.00939027074085017,1.13482489854463e-05,1.86435519046617e-05,0.000350985129335588,0.000448661129531751,0.0,0.00100553591903186,0.000126451917266401,2.83706224636157e-06,4.17453444821774e-05,0.027375624204356,0.0,0.731741579295282
71402-0016,0.0,0.00882434878885791,0.481986271244591,0.0,0.0,0.0,0.0341328785149367,6.27047421804947e-06,6.27047421804947e-05,8.95782031149924e-07,1.79156406229985e-06,0.00620956103993128,1.79156406229985e-06,0.00095042473505007,8.06203828034932e-06,7.25583445231439e-05,0.040599528997808,0.0,0.427142912169468
71402-0017,2.08660669759018e-06,0.00654429413920866,0.204424162627344,0.0,0.0,0.0,0.00126239705204206,4.17321339518036e-06,1.5997318014858e-05,0.000176666033729302,0.000210747276456608,5.56428452690714e-06,9.7374979220875e-06,4.86874896104375e-06,0.0,5.4947309703208e-05,2.43437448052187e-05,0.0,0.787260014147193
71402-0019,3.48453389630127e-06,0.0102838551090983,0.188896582518492,3.48453389630127e-06,4.97790556614467e-07,0.0,0.0491364080528574,1.4933716698434e-06,3.08630145100969e-05,2.48895278307233e-06,9.95581113228933e-07,5.47569612275913e-06,9.95581113228933e-07,3.48453389630127e-05,9.95581113228933e-07,9.10956718604474e-05,0.000363387106328561,9.95581113228933e-07,0.751142055984513
71402-0020,3.52635420817479e-06,0.0109728388444372,0.29550495629084,0.0,0.0,0.0,0.00150692869829336,1.17545140272493e-06,2.23335766517737e-05,0.0,0.0,2.35090280544986e-06,2.35090280544986e-06,5.87725701362466e-06,0.0,5.87725701362466e-05,0.000339705455387505,0.0,0.691579183696019
71402-0022,1.98192615475276e-06,0.00766278715632575,0.391192584425099,0.0,6.60642051584253e-07,0.0,0.0158659795108474,6.60642051584253e-07,4.16204492498079e-05,3.30321025792126e-06,7.92770461901103e-06,2.64256820633701e-06,6.60642051584253e-07,1.78373353927748e-05,3.30321025792126e-06,5.08694379719875e-05,0.025844317057976,0.0,0.559302864081486
71402-0024,7.47723928362066e-07,0.0149918647636594,0.735749129649347,0.0,2.2431717850862e-06,0.0,0.0372448765956429,2.2431717850862e-06,6.65474296242239e-05,6.72951535525859e-06,4.48634357017239e-06,0.0,8.22496321198272e-06,9.79518346154306e-05,7.47723928362066e-07,5.30883989137067e-05,0.00917980666850108,0.0,0.202591312046132
71402-0026,7.43191069221559e-07,0.0447913825509142,0.463224304726175,0.0,0.0,0.0,0.0151217086854511,2.22957320766468e-06,0.000110735469314012,7.43191069221559e-06,4.45914641532936e-06,8.91829283065871e-06,7.43191069221559e-07,0.00106945194860982,3.7159553461078e-06,0.000182825003028504,0.00267994699561294,2.97276427688624e-06,0.472788430595987
71402-0027,1.26643676617905e-06,0.000973256654808597,0.667494494166159,0.0,0.0,0.0,0.0375048916120094,1.26643676617905e-06,5.69896544780571e-05,9.49827574634285e-06,6.33218383089523e-07,2.40622985574019e-05,2.08962066419543e-05,1.64636779603276e-05,1.89965514926857e-06,4.62249419655352e-05,4.68581603486247e-05,1.39308044279695e-05,0.293787367799832
71402-0032,3.66992341787308e-06,0.0331861999869718,0.331580333247396,0.0,0.0,0.0,0.0098831037643322,9.17480854468269e-07,5.32138895591596e-05,0.0,0.0,5.50488512680962e-06,9.17480854468269e-07,2.3854502216175e-05,1.83496170893654e-06,0.000111015183390661,0.0786281092279307,0.0,0.546521325466241
71402-0033,0.0,0.00422937816371282,0.307949668084499,0.0,0.0,0.0,0.0111001882189051,9.64730420554932e-07,1.92946084110986e-05,7.71784336443946e-06,4.82365210277466e-06,0.00219476170676247,1.92946084110986e-06,3.56950255605325e-05,2.8941912616648e-06,7.04253207005101e-05,0.0012223134428431,0.0,0.673159945550615
71402-0034,0.0,0.0030811508260308,0.286415003694814,0.0,0.0,0.0,0.00715308631561962,6.11218176161635e-07,7.39573993155579e-05,0.0,0.0,0.00448817506755489,6.11218176161635e-06,0.00454868566699489,6.11218176161635e-07,0.000199868343604855,0.087869947441349,1.22243635232327e-06,0.60616156819025
71402-0035,0.0,0.00534395632203299,0.457670866274567,0.0,0.0,0.0,0.00549578633376531,1.53363648214464e-06,5.21436403929177e-05,1.53363648214464e-06,1.53363648214464e-06,6.13454592857855e-06,7.66818241072319e-07,0.000213175471018105,6.90136416965087e-06,0.000126525009776933,0.010687912644066,0.0,0.520391230666595
71402-0036,4.87101155485124e-05,0.0224074649875749,0.479710207285897,1.62367051828375e-06,8.11835259141874e-07,0.0,0.021618361115689,8.11835259141874e-07,0.000133140982499267,4.87101155485124e-06,0.0,0.0228206891344781,8.11835259141874e-06,0.000141259335090686,0.000202146979526327,0.000492784002299117,0.000138011994054119,0.0,0.452270987362161
71402-0039,6.97592897574179e-06,0.104802287639642,0.620244378418568,0.0,1.74398224393545e-06,0.0,0.0065306321761236,5.23194673180634e-06,5.52261043912892e-05,1.91838046832899e-05,1.22078757075481e-05,1.91838046832899e-05,3.19730078054832e-05,9.88256604896753e-06,1.1626548292903e-06,5.75514140498698e-05,0.0210498656843008,0.0,0.247152512991214
71402-0040,0.0,0.00720632882106585,0.448786078860019,0.0,0.0,0.0,0.00570722356262955,0.0,0.000180600869717129,0.0,0.0,0.00056304977029458,5.90198920644214e-06,0.000419041233657392,0.0,0.000148730128002342,0.00282941362556836,0.0,0.534153631139839
71402-0041,1.54056500221456e-06,0.032274066513894,0.31423289491421,4.62169500664369e-06,1.54056500221456e-06,0.0,0.00364882820774519,7.70282501107281e-07,3.62032775520422e-05,0.0,1.54056500221456e-06,6.93254250996553e-06,4.85277975697587e-05,0.000137110285197096,4.62169500664369e-06,4.85277975697587e-05,0.000109380115157234,1.54056500221456e-06,0.649441352616072
71402-0047,0.0,0.00857063529802233,0.445970467434075,2.55306383616989e-06,0.0,0.0,0.0131699797988824,6.38265959042473e-06,3.70194256244635e-05,0.000187011925999445,0.000225946149501036,0.00731899575234004,0.0,0.000766557416810011,1.34035851398919e-05,8.68041704297764e-05,4.02107554196758e-05,0.0,0.523604032564329
71402-0049,8.07952406216924e-06,0.0179607819902022,0.366430654791562,0.0,0.0,0.0,0.0113867425782839,5.3863493747795e-06,2.42385721865077e-05,2.1545397499118e-05,2.1545397499118e-05,0.000923758917774684,8.07952406216924e-06,8.07952406216924e-06,1.0772698749559e-05,0.000129272384994708,0.0126740800788562,0.0,0.590386982270831
71402-0050,7.71303796511547e-07,0.00779093964856314,0.430299589820641,1.54260759302309e-06,0.0,0.0,0.0286084291164098,7.71303796511547e-07,5.39912657558083e-05,5.39912657558083e-06,1.07982531511617e-05,4.16504050116235e-05,1.92825949127887e-05,0.000171229442825563,3.08521518604619e-06,9.48703669709203e-05,0.0143562775644694,7.71303796511547e-07,0.518540600660545
71402-0051,0.00029173729559527,0.254357197108783,0.427268131724419,0.0,1.25748834308306e-05,0.0,0.0209711330975962,1.50898601169967e-05,9.05391607019803e-05,2.0119813489329e-05,3.77246502924918e-06,0.0123736852959373,1.88623251462459e-05,0.00175545372694395,1.25748834308306e-06,6.16169288110699e-05,0.000104371532475894,3.77246502924918e-06,0.282650684828152
71402-0055,0.0,0.0181006650205895,0.487417017361496,0.0,0.0,0.0,0.00753952817221082,0.0,4.92779619098747e-05,1.7392221850544e-06,0.0,0.00310799004469221,2.89870364175733e-06,0.000359439251577909,5.79740728351467e-07,3.65236658861424e-05,0.00364309073696062,0.0,0.479741250118122
71402-0060,0.0,0.0442399601486035,0.428026772588828,0.0,1.39291843748678e-06,1.74114804685847e-07,0.00968687715869711,9.40219945303575e-06,7.15611847258832e-05,6.96459218743389e-06,3.65641089840279e-06,1.39291843748678e-06,1.74114804685847e-07,1.28844955467527e-05,3.48229609371695e-07,0.000106558260467739,3.74346830074572e-05,5.22344414057542e-07,0.517793923637077
71402-0061,0.0,0.00128440926882991,0.331329506921847,0.0,0.0,0.0,0.00965017647912812,9.24700697501736e-07,5.36326404551007e-05,8.32230627751563e-06,1.01717076725191e-05,5.54820418501042e-06,9.24700697501736e-07,2.21928167400417e-05,1.84940139500347e-06,6.38043481276198e-05,3.32892251100625e-05,0.0,0.657535247278837
71402-0065,0.0,0.000339811408402528,0.299429116833884,0.0,0.0,0.0,0.00968051752904081,7.46838260225336e-07,3.58482364908161e-05,1.49367652045067e-06,2.24051478067601e-06,4.48102956135202e-06,5.22786782157735e-06,1.86709565056334e-05,2.24051478067601e-06,4.63039721339708e-05,2.68861773681121e-05,0.0,0.690406414444449
71402-0066,1.24178558833318e-06,0.0109715896014531,0.296518943853079,0.0,2.48357117666635e-06,0.0,0.00364050141646343,4.13928529444392e-07,2.77332114727743e-05,3.72535676499953e-06,0.0,2.48357117666635e-06,8.89946338305443e-05,2.15242835311084e-05,2.06964264722196e-06,0.000113830345597208,3.02167826494406e-05,0.0,0.688574248016041
71402-0067,4.07632695765602e-05,0.134311738074641,0.330128132544036,0.0,0.0,0.0,0.021684118306655,7.11739627527242e-06,6.14684223773527e-05,7.89383950530214e-05,8.60557913282938e-05,3.0410693176164e-05,1.81170087006934e-05,3.88221615014859e-05,0.0,6.59976745525261e-05,0.000829500184081749,0.0,0.512618820078045
71402-0069,5.93604270151678e-07,0.00977606872512798,0.532920105614072,0.0,5.93604270151678e-07,0.0,0.00911538717244916,1.18720854030336e-06,4.51139245315275e-05,0.0,0.0,0.000995474361044364,1.12784811328819e-05,9.14150576033584e-05,0.000151369088888678,9.49766832242684e-05,0.00967871762482311,1.00912725925785e-05,0.43710762757743
71402-0070,0.0,0.00412368207751576,0.575911231238429,0.0,7.88466936427488e-07,0.0,0.0124924701407571,2.36540080928246e-06,4.17887476306569e-05,1.57693387285498e-06,1.57693387285498e-06,1.02500701735573e-05,3.94233468213744e-06,0.000112750771909131,7.09620242784739e-06,0.000104077635608428,4.57310823127943e-05,7.88466936427488e-07,0.407139883496125
71402-0072,1.63394045315826e-05,0.158725211761709,0.195454982822445,2.42065252319742e-06,0.0,0.0,0.00240854926058143,1.75497307931813e-05,4.23614191559548e-05,3.63097878479612e-06,1.21032626159871e-06,4.72027242023496e-05,9.68261009278966e-05,4.90182135947477e-05,0.0,8.59331645735083e-05,0.00863991401842238,0.0,0.634408849421494
71402-0073,0.0,0.00267849312632111,0.596129462686738,8.19612339755542e-07,0.0,0.0,0.0360949078304943,1.63922467951108e-06,8.27808463153098e-05,1.31137974360887e-05,1.06549604168221e-05,7.37651105779988e-06,4.09806169877771e-06,2.62275948721774e-05,2.45883701926663e-06,4.09806169877771e-05,0.0993050506971213,2.45883701926663e-06,0.265599476759482
71402-0075,2.37080461875845e-06,0.0127639810120103,0.22819317747089,7.75899693411857e-06,4.3105538522881e-07,0.0,0.0133103437127878,6.25030308581774e-06,1.83198538722244e-05,1.87509092574532e-05,1.72422154091524e-05,0.0001032377647623,0.000282556805017485,0.000460582679116983,2.15527692614405e-06,8.47023831974611e-05,0.000647445188613672,2.15527692614405e-07,0.744080478040422
71402-0076,0.0,0.00186051713031509,0.306961581738285,0.0,0.0,0.0,0.00331354347704532,0.0,2.91064845417758e-05,0.0,0.0,1.37872821513675e-05,0.0,7.73619720715621e-05,7.65960119520417e-07,6.81704506373171e-05,0.00362299136533157,0.0,0.684052174139501
71402-0077,1.03415054667266e-05,0.0569026860198979,0.394414263335268,1.65464087467626e-06,0.0,0.0,0.0134050730461897,2.48196131201439e-06,7.48724995791007e-05,4.30206627415827e-05,4.55026240535971e-05,0.00594471100249313,1.57190883094245e-05,5.66714499576619e-05,7.44588393604317e-06,4.50889638349281e-05,0.131946440929528,4.13660218669065e-07,0.397083612726339
71402-0078,0.0,0.00886553206397973,0.526256215385859,0.0,0.0,5.39003651749741e-07,0.00482516069046368,2.6950182587487e-06,4.79713250057269e-05,7.54605112449637e-06,1.13190766867446e-05,4.31202921399792e-06,9.16306207974559e-06,5.49783724784735e-05,1.61701095524922e-06,0.000105105712091199,3.34182264084839e-05,0.0,0.459774426971743
71402-0079,0.0,0.015221390127714,0.446677968944067,0.0,2.62031160745636e-06,0.0,0.0160795421791559,0.0,0.000127085112961633,1.04812464298254e-05,7.86093482236908e-06,0.0132181619038136,0.000248929602708354,9.17109062609726e-05,2.62031160745636e-06,0.0001441171384101,0.0870402008206816,1.31015580372818e-06,0.421126000303956
71402-0080,9.43693766405992e-05,0.246035865329933,0.37580058757354,0.0,1.36587255664025e-05,0.0,0.0126119705070864,3.72510697265523e-06,9.6852781289036e-05,1.36587255664025e-05,1.24170232421841e-06,0.00166201856096634,1.8004683701167e-05,8.69191626952887e-05,1.49004278906209e-05,0.000233440036953061,0.00312226049424719,6.20851162109205e-07,0.360189905953466
71402-0082,3.16566895333487e-06,0.013031476246403,0.34230853242753,0.0,0.0,0.0,0.0194316674528078,1.58283447666744e-06,4.35279481083545e-05,7.91417238333719e-07,0.0,1.58283447666744e-06,0.000266707609318463,0.000106841327175052,0.0,6.56876307816986e-05,0.0132293305559864,0.0,0.611509106046744
71402-0084,0.0,0.00982441648511309,0.393400217880269,2.01238189833734e-05,0.0,0.0,0.0207506919159904,8.78420669909157e-06,6.30865753843849e-05,3.83310837778541e-06,3.67339552871102e-06,1.11798994352075e-06,3.19425698148784e-06,5.41426558362189e-05,0.00475816519962429,7.7780157499229e-05,0.0329080339875331,0.0,0.538122738366237
71402-0085,6.7260193030028e-07,0.0106244200910232,0.370553218450682,6.7260193030028e-07,0.0,0.0,0.00942281674254177,1.47972424666062e-05,0.000111315619464696,1.24431357105552e-05,1.51335434317563e-05,0.00260935918859994,4.03561158180168e-06,5.2799251528572e-05,2.11869608044588e-05,8.00396297057333e-05,0.023252521332411,0.0,0.583224567996188
71402-0086,0.000213569558157163,0.421984488334396,0.145406118804039,0.0,2.24429027216001e-05,0.0,0.00742787683624572,1.88230797019872e-05,3.98180532157422e-05,2.0994973513755e-05,7.23964603922585e-07,5.21254514824261e-05,0.00019329854924733,0.000212121628949317,3.61982301961293e-06,7.45683542040263e-05,0.0274013362938659,0.0,0.396928073392636
71402-0087,0.0,0.0104148718115889,0.119241134718745,0.0,1.99582340688386e-06,0.0,0.00294849644643642,8.64856809649673e-06,4.12470170755998e-05,6.65274468961287e-07,0.0,6.65274468961287e-07,0.0,0.000345277449390908,9.31384256545802e-06,0.000151017304454212,0.000644650960423487,0.0,0.866192015508878
71402-0088,0.0,0.00528475613865214,0.386808681187332,0.0,0.0,0.0,0.0045088900948064,2.66011215032826e-06,5.32022430065652e-05,0.0,0.0,0.00565539843159788,3.54681620043768e-06,0.00367184147150311,1.41872648017507e-05,7.27097321089724e-05,0.0238931273342484,0.0,0.570030999173592
71402-0089,0.0,0.0116389524256962,0.288384709557727,4.8009821437757e-05,0.0,0.0,0.00441004502635396,3.42927295983978e-06,6.85854591967957e-05,1.71463647991989e-05,2.74341836787183e-05,0.00400539081709287,3.42927295983978e-06,0.000932762245076421,4.11512755180774e-05,0.000130312372473912,1.02878188795194e-05,0.0,0.69027835408615
71402-0091,0.0,0.000660163310302393,0.107672849555405,0.0,0.0,0.0,0.000260647002773113,4.27290168480513e-06,6.4093525272077e-06,0.0,0.0,4.27290168480513e-06,4.27290168480513e-06,0.000119641247174544,0.0,7.05028777992847e-05,0.00308503501642931,0.0,0.888111932932535
71402-0092,0.0,0.0229429395422438,0.388309717390964,0.0,2.23506473865016e-06,0.0,0.0104854337105874,8.94025895460062e-06,0.000207861020694464,2.01155826478514e-05,3.27809495002023e-05,0.0,0.0,0.000107283107455207,0.0,9.53627621824066e-05,1.4155410011451e-05,0.0,0.57777317520002
71402-0093,0.0,0.0175121768597959,0.200925945682767,0.0,0.0,0.0,0.0162105961472435,5.81928783555468e-06,1.98825667714785e-05,6.44971068440644e-05,8.43796736155429e-05,0.0,1.93976261185156e-06,2.90964391777734e-05,2.42470326481445e-06,0.000108626706263687,2.90964391777734e-06,0.0,0.765031705419891
71402-0094,2.91020673526606e-07,0.0105588120768923,0.131654260455354,0.0,0.0,0.0,0.00321228619438668,9.02164087932479e-06,2.26996125350753e-05,1.45510336763303e-06,0.0,1.33869509822239e-05,1.16408269410642e-06,1.48420543498569e-05,2.91020673526606e-06,8.09037472403965e-05,1.30959303086973e-05,0.0,0.854414870923601
71402-0096,4.87843429578337e-06,0.181443606763071,0.291343023204761,0.0,0.0,0.0,0.00211431342379251,2.92706057747002e-06,8.00063224508473e-05,1.95137371831335e-06,0.0,0.00132205569415729,0.000143425968296031,5.56141509719305e-05,3.9027474366267e-06,0.000141474594577718,6.63467064226539e-05,0.0,0.523276473555471
71402-0101,5.70943758614114e-07,0.0444645289771086,0.466922373344691,1.31317064481246e-05,5.70943758614114e-07,0.0,0.0189541908984714,1.71283127584234e-06,1.94120877928799e-05,1.9983031551494e-05,2.11249190687222e-05,1.71283127584234e-06,6.5087588482009e-05,1.82702002756516e-05,2.28377503445646e-06,5.93781508958678e-05,4.56755006891291e-05,0.0,0.469389992269422
71402-0102,1.1061025150559e-05,0.194426275686466,0.748204611267645,0.0,0.0,0.0,0.00701490215048451,9.58622179715112e-06,4.3506698925532e-05,0.0001312574984533,0.000147480335340786,0.000109872849828886,7.6689774377209e-05,4.79311089857556e-05,2.2122050301118e-06,3.39204771283809e-05,0.0,0.0,0.0497406927003871
71402-0103,1.10191987499821e-06,0.005231364606554,0.846601734201499,0.0,1.10191987499821e-06,0.0,0.0266604004156442,3.30575962499463e-06,4.79335145624221e-05,4.40767949999284e-06,0.0,5.50959937499105e-06,1.54268782499749e-05,2.86499167499534e-05,1.10191987499821e-06,5.67488735624078e-05,5.50959937499105e-06,3.30575962499463e-06,0.121332397436053
71402-0104,4.22598452233169e-06,0.0149937930852328,0.371572858614405,0.0,0.0,0.0,0.00883019465941206,2.11299226116584e-06,3.69773645704023e-05,5.28248065291461e-06,7.39547291408045e-06,2.11299226116584e-06,2.00734264810755e-05,1.05649613058292e-06,5.28248065291461e-06,7.92372097937191e-05,3.16948839174877e-05,1.05649613058292e-06,0.604406645360661
71402-0106,0.0,0.00763453333732306,0.151859086458602,0.0,2.7835323442979e-06,6.95883086074475e-07,0.00278979529207257,1.39176617214895e-06,4.38406344226919e-05,0.0,0.0,0.0,0.0,0.000129434254009852,6.26294777467027e-06,0.000663872464115049,0.0866381400993582,0.0,0.750230163330719
71402-0107,0.0,0.0111814107518735,0.560231449092503,0.0,0.0,0.0,0.0138942776228199,6.11006052014945e-06,0.000180246785344409,9.16509078022418e-06,0.0,0.0146702553088788,0.0,0.000953169441143314,0.000134421331443288,0.00010998108936269,0.0384872712164214,3.05503026007473e-06,0.360139187178649
71402-0108,0.0,0.00330830961761543,0.560959304092316,0.0,0.0,0.0,0.016673669079196,0.0,5.28483964475308e-05,0.0,0.0,0.00204259052269707,0.0,7.13453352041666e-05,0.0,6.60604955594135e-05,0.0180265880282528,0.0,0.398799284432712
71402-0109,6.83027917400068e-07,0.0282295438261448,0.296719621821103,0.0,0.0,0.0,0.00491233678194129,5.46422333920054e-06,2.52720329438025e-05,1.29775304306013e-05,1.70756979350017e-05,1.36605583480014e-06,2.0490837522002e-06,1.43435862654014e-05,0.0,4.71289263006047e-05,0.0020388383334392,6.83027917400068e-07,0.667972616044736
71402-0110,2.3883277645491e-06,0.0210244493113257,0.337299947695622,0.0,0.0,0.0,0.0165511114083252,7.16498329364729e-06,5.13490469378056e-05,1.19416388227455e-06,0.0,0.00169332438506531,1.19416388227455e-06,7.16498329364729e-06,0.0,8.00089801123947e-05,0.0157223616740267,0.0,0.607558340876469
71402-0111,3.97253277339538e-05,0.0838374666590999,0.400442653651893,0.0,2.83752340956813e-06,0.0,0.00204585437829862,8.51257022870439e-06,3.68878043243857e-05,0.000191532830145849,0.000218489302536746,0.000173088927983656,4.25628511435219e-06,3.97253277339538e-05,0.0,4.54003745530901e-05,0.000106407127858805,0.0,0.512807161909086
71402-0114,0.0,0.00738188111975982,0.391776096675823,0.0,0.0,0.0,0.00638339843512497,4.05338031651496e-06,7.36364090833551e-05,4.05338031651496e-06,6.75563386085826e-07,3.37781693042913e-06,7.43119724694409e-06,1.89157748104031e-05,1.5537957879974e-05,6.55296484503251e-05,0.0561170237919913,6.75563386085826e-07,0.538147713285494
71402-0115,7.26495773065968e-07,0.0304212840013644,0.45061917418499,3.30555576745016e-05,0.0,0.0,0.00325034208869714,4.72222252492879e-06,5.04914562280848e-05,2.54273520573089e-06,1.81623943266492e-06,3.63247886532984e-07,5.08547041146178e-06,9.58974420447078e-05,1.08974365959895e-06,0.000291688052885986,5.44871829799476e-06,0.0,0.515216272342923
71402-0116,2.32662025834791e-06,0.0259743885641961,0.445244155529911,0.0,2.32662025834791e-06,0.0,0.00666227710977925,9.30648103339165e-06,4.53690950377843e-05,1.04697911625656e-05,1.04697911625656e-05,0.0,5.81655064586978e-06,4.42057849086104e-05,0.0,6.28187469753937e-05,0.00764992740944794,0.0,0.514276141905223
71402-0118,2.12110895818552e-06,0.015137294080091,0.533703360791089,7.42388135364931e-06,0.0,0.0,0.0124068965736666,2.6513861977319e-06,6.46938232246583e-05,3.075607989369e-05,4.08313474450712e-05,4.77249515591742e-06,8.59049128065135e-05,1.85597033841233e-05,6.36332687455656e-06,4.6134119840535e-05,0.000108706834107008,5.3027723954638e-07,0.438332999258672
71402-0119,6.23473378081359e-05,0.100232421404867,0.3016506260383,4.81416152695733e-05,3.15682723079169e-06,0.0,0.00979563489714662,7.89206807697923e-06,4.02495471925941e-05,8.99695760775632e-05,9.47048169237508e-05,0.000761584569428496,0.000393814197041264,0.000275433175886575,3.15682723079169e-06,0.000421436435310691,0.0453967539923999,0.0,0.540722676673809
71402-0120,3.84772845502929e-07,0.0124631772386854,0.29445819366079,0.0,0.0,0.0,0.0016029636743652,1.00040939830762e-05,2.88579634127197e-05,1.92386422751464e-06,1.53909138201172e-06,1.92386422751464e-06,1.92386422751464e-06,0.00017468687185833,3.46295560952636e-06,7.61850234095799e-05,0.0253642259755531,1.15431853650879e-06,0.665809392766886
71402-0121,1.06476202036464e-06,0.00339765560698356,0.507170639826146,4.04609567738563e-05,3.19428606109392e-06,0.0,0.0111118564445254,4.25904808145855e-06,5.32381010182319e-05,4.36552428349502e-05,4.68495288960441e-05,2.44895264683867e-05,0.00165464017964665,0.00016290858911579,1.06476202036464e-06,5.11085769775026e-05,0.00922935719252069,0.0,0.46700355736991
71402-0122,0.0,0.0350919073764622,0.40605363516017,2.17018598493891e-05,0.0,0.0,0.0120938546251596,7.89158539977785e-06,6.31326831982228e-05,6.51055795481673e-05,0.000100617713847168,5.72139941483894e-05,1.38102744496112e-05,0.000171641982445168,9.86448174972231e-06,7.49700612978896e-05,0.00654607008911573,1.97289634994446e-06,0.53962660963681
71402-0123,1.03042218457747e-05,0.0304438234433412,0.623390995758782,2.06084436915493e-06,0.0,0.0,0.0174223782968358,6.18253310746479e-06,0.000204023592546338,6.18253310746479e-06,2.06084436915493e-06,0.00435250330765521,4.12168873830986e-06,3.50343542756338e-05,7.21295529204226e-06,0.000163837127347817,0.00132409250718204,0.0,0.322625185991204
71402-0124,0.0,0.0514514079426741,0.21465926549733,0.0,3.62210571115518e-06,0.0,0.00913736534067413,3.01842142596265e-06,3.25989514003966e-05,4.22578999634771e-06,4.22578999634771e-06,4.22578999634771e-06,0.0012441933117818,0.000131603174171972,4.22578999634771e-06,8.39121156417617e-05,0.00282644982327143,0.0,0.720409660155932
71402-0126,1.40093007747844e-06,0.00904860737043323,0.464532302995959,0.0,7.00465038739219e-07,0.0,0.0518953533250725,3.50232519369609e-06,7.3548829067618e-05,2.80186015495688e-06,1.40093007747844e-06,0.00294125269766598,3.50232519369609e-06,9.94660355009691e-05,1.40093007747844e-06,5.88390632540944e-05,0.11662182522977,2.10139511621766e-06,0.354711993292347
71402-0127,0.0,0.0234361279841089,0.202265933061246,0.0,0.0,0.0,0.00252179603971467,6.57745445934969e-07,1.51281452565043e-05,7.23519990528466e-06,9.20843624308956e-06,0.0,2.49943269455288e-05,3.88069813101632e-05,1.97323633780491e-06,1.77591270402442e-05,0.000893218315579687,0.0,0.770767161400866
71402-0128,0.0,0.0169406017193527,0.310353176041593,0.0,0.0,0.0,0.0120159924690403,2.70508610289066e-06,2.97559471317972e-05,0.0,0.0,0.0,1.35254305144533e-06,9.46780136011729e-06,2.70508610289066e-06,7.16847817266024e-05,0.0128396911873705,0.0,0.647732867337167
71402-0129,0.0,0.019517721730846,0.484847314440609,0.0,0.0,0.0,0.0114641451399398,3.51122362632154e-06,4.21346835158584e-05,4.564590714218e-05,6.55428410246687e-05,0.0,7.02244725264307e-06,2.80897890105723e-05,1.17040787544051e-06,9.3632630035241e-05,1.98969338824887e-05,1.17040787544051e-06,0.483863001417364
71402-0132,5.72901747350329e-06,0.0405614437124033,0.388457939463382,4.77418122791941e-05,1.33677074381744e-05,0.0,0.133749641936408,3.81934498233553e-05,0.000280721856201661,0.00147426716318151,0.00187147904134441,0.000200515611572615,0.000171870524205099,0.000412489258092237,2.10063974028454e-05,5.91998472262007e-05,0.038634584168815,0.0,0.393999809032751
71402-0133,0.0,0.0200423867037875,0.380280129745167,0.0,0.0,0.0,0.0106807928324207,4.10326270934333e-06,4.71875211574483e-05,0.0,4.10326270934333e-06,6.154894064015e-06,1.43614194827017e-05,2.461957625606e-05,2.05163135467167e-06,4.3084258448105e-05,0.0241353912563575,0.0,0.564715633636086
71402-0135,0.0,0.0223507195971536,0.293614130917962,0.0,0.0,0.0,0.0107859558533281,3.55620041323049e-06,2.48934028926134e-05,7.11240082646098e-06,7.11240082646098e-06,0.0,0.0,4.26744049587659e-05,0.0,4.26744049587659e-05,0.000113798413223376,0.0,0.673007372003457
71402-0139,8.46799563390145e-07,0.00134302410753677,0.788115506847645,0.0,1.69359912678029e-06,0.0,0.034436797844387,5.92759694373102e-06,2.79443855918748e-05,3.38719825356058e-06,3.38719825356058e-06,2.54039869017044e-06,5.92759694373102e-06,8.46799563390145e-07,2.54039869017044e-06,2.87911851552649e-05,0.000316703036707914,3.38719825356058e-06,0.175700747808694
71402-0140,1.57688165345503e-06,0.00476060571178072,0.475573314747155,2.04994614949153e-05,0.0,0.0,0.0159659267412321,2.20763431483704e-05,0.000149803757078228,0.000591330620045635,0.000693827927520212,3.15376330691005e-06,3.15376330691005e-06,2.68069881087355e-05,1.57688165345503e-06,0.000160841928652413,0.000367413425255021,0.0,0.501658091058608
71402-0141,0.000120736386972369,0.014264391689837,0.358741051946393,0.0,0.0,0.0,0.0067629874731624,2.44972379364227e-05,0.00018372928452317,0.000869651946743005,0.0012196124886919,2.79968433559116e-05,0.0,0.00026597001188116,0.0,8.92399381969683e-05,0.0318254116848325,0.0,0.585604723067474
71402-0144,7.48627812009824e-07,0.00274446955882802,0.535045794499045,1.87156953002456e-06,0.0,0.0,0.00946040966036815,7.48627812009824e-06,3.10680541984077e-05,9.91931850913017e-06,1.23523588981621e-05,2.62019734203438e-06,0.000122026333357601,9.91931850913017e-06,2.24588343602947e-06,4.82864938746337e-05,0.000181167930506377,2.62019734203438e-06,0.452316993720323
71402-0147,8.37848639291917e-07,0.0129958702440569,0.134587816172657,0.0,8.37848639291917e-07,0.0,0.00391107744821467,2.51354591787575e-06,1.0054183671503e-05,1.67569727858383e-06,1.67569727858383e-06,0.0,2.51354591787575e-06,8.88119557649432e-05,1.67569727858383e-06,3.51896428502605e-05,0.00960174540628537,0.0,0.838757705065549
71402-0148,0.0,0.0116549962820743,0.296588246738365,0.0,0.0,0.0,0.00536997070175641,3.29749505787928e-06,3.46236981077325e-05,6.59499011575856e-06,6.59499011575856e-06,0.000723800165204502,0.0,3.79211931656117e-05,0.0,0.000123656064670473,0.0911740896028332,0.0,0.594276208078533
71402-0149,4.72259106532996e-06,0.0361014538496595,0.297217055795052,3.93549255444164e-07,0.0,0.0,0.00813623730705264,6.69033734255078e-06,0.000184181051547869,4.76194599087438e-05,5.94259375720687e-05,1.96774627722082e-06,3.54194329899747e-06,1.77097164949874e-05,1.57419702177665e-06,7.67421048116119e-05,0.0236558521954932,7.87098510888327e-07,0.634484045119635
71402-0153,0.0,0.0237125414884546,0.410896218563047,0.0,3.3972122476296e-06,0.0,0.00671289140131608,3.3972122476296e-06,9.85191551812583e-05,3.3972122476296e-06,0.0,0.0,6.79442449525919e-06,4.75609714668143e-05,0.0,5.09581837144439e-05,0.0177776116918457,0.0,0.540686712483736
71402-0155,2.79007542271386e-06,0.023793414445476,0.326909998444533,0.0,0.0,0.0,0.00371533418477135,9.41650455165929e-06,0.0445111194968378,1.0462782835177e-06,6.97518855678466e-07,0.00106057742005911,0.0,9.76526397949853e-06,0.0,9.48625643722714e-05,0.109495463686122,6.97518855678466e-07,0.49039481659788
71402-0156,1.41592474831938e-05,0.046071831435732,0.162304307400409,0.0,2.35987458053229e-06,0.0,0.0447746870412994,4.71974916106459e-06,1.33726226230163e-05,3.22516192672747e-05,2.75318701062101e-05,3.93312430088716e-06,4.87707413310007e-05,1.1012748042484e-05,4.71974916106459e-06,5.89968645133073e-05,1.65191220637261e-05,0.0,0.746610826789926
71402-0157,0.0,0.0872789408089859,0.213814128857197,1.97198207862687e-06,0.0,0.0,0.000531449170189941,2.9579731179403e-06,6.90193727519404e-06,3.94396415725374e-06,2.9579731179403e-06,1.97198207862687e-06,5.91594623588061e-06,2.56357670221493e-05,9.85991039313435e-07,3.05657222187165e-05,0.00500982047075156,0.0,0.693281851454534
71402-0158,1.1268469020725e-06,0.00804117949318934,0.316823148139801,1.80295504331599e-05,0.0,0.0,0.0152304627284119,0.0,3.71859477683924e-05,6.76108141243498e-06,6.76108141243498e-06,0.000145363250367352,1.1268469020725e-06,1.01416221186525e-05,0.0,5.52154982015523e-05,0.00218833668382479,0.0,0.657435161229255
71402-0160,3.13328361856659e-06,0.232260914793485,0.111501030850311,0.0,0.0,0.0,0.00689322396084649,0.0,1.56664180928329e-05,0.000112798210268397,0.000144131046454063,0.0,0.0,1.87997017113995e-05,0.0,0.000861652995105811,0.00158230822737613,6.26656723713317e-06,0.646600073945493
71402-0161,0.0,0.0017595482831978,0.178402787442591,0.0,0.0,0.0,0.00164771258723184,4.97047537626499e-06,2.48523768813249e-05,7.45571306439748e-06,1.24261884406625e-05,0.0,4.97047537626499e-06,0.000243553293436984,2.48523768813249e-06,0.000124261884406625,2.73376145694574e-05,0.0,0.817737638427739
71402-0162,0.0,0.0103665222186279,0.125814989072981,0.0,0.0,0.0,0.00324874635543613,0.0,5.33806499414414e-06,0.0,0.0,0.0,2.13522599765766e-06,2.02846469777477e-05,0.0,6.93948449238739e-05,0.00205835786174198,0.0,0.85841423170832
71402-0165,0.0,0.0038444478564239,0.229469266595015,5.11796918982548e-06,0.0,0.0,0.00370711568316359,9.38294351468004e-06,7.16515686575567e-05,2.47368510841565e-05,2.55898459491274e-05,2.55898459491274e-06,3.41197945988365e-06,1.27949229745637e-05,0.0,0.000332667997338656,0.0299537676783186,0.0,0.732537489124315
71402-0166,2.20010246191465e-05,0.13754411991187,0.225001335776495,0.0,9.42901055106281e-06,0.0,0.00466526488709808,1.57150175851047e-05,5.34310597893559e-05,1.36196819070907e-05,9.42901055106281e-06,9.9528444705663e-05,0.00919642829080326,4.50497170773001e-05,1.04766783900698e-06,9.5337773349635e-05,0.0107406906854995,0.0,0.61248757204026
71402-0167,0.0,0.00674713650352524,0.38939078662539,0.0,0.0,0.0,0.00805001254647262,1.04845175129886e-05,4.61318770571497e-05,2.79587133679695e-06,1.39793566839848e-06,2.79587133679695e-06,1.39793566839848e-06,0.000535409360996616,2.16680028601764e-05,5.31215553991421e-05,0.0589879924315763,1.39793566839848e-06,0.536147471029531
71402-0170,0.0,0.0122728505853455,0.311125956700397,0.0,8.65351707057679e-07,0.0,0.0122114106141444,7.78816536351911e-06,8.69678465592967e-05,6.49013780293259e-06,3.89408268175955e-06,0.0,8.22084121704795e-06,2.72585787723169e-05,4.32675853528839e-07,5.71132126658068e-05,0.0161223676541916,1.73070341411536e-06,0.648066652849884
71402-0171,0.0,0.0310421747010495,0.320701876251996,1.22295137300751e-06,0.0,0.0,0.0142217015167043,7.33770823804504e-06,0.000122295137300751,3.66885411902252e-06,1.22295137300751e-06,2.44590274601501e-06,6.11475686503753e-06,5.13639576663153e-05,6.11475686503753e-06,7.21541310074429e-05,0.000262934545196614,0.0,0.633497371877499
71402-0172,0.0,0.0583720033696475,0.420011565315476,0.0,0.0,0.0,0.0300562559789825,2.14172508816768e-06,0.000227736767708497,1.42781672544512e-06,1.42781672544512e-06,0.0,3.5695418136128e-06,6.78212944586433e-05,7.13908362722561e-07,3.71232348615732e-05,7.85299198994817e-06,7.13908362722561e-07,0.491209646329797
71402-0173,1.27870206625467e-06,0.00709807516977967,0.57859478315131,0.0,0.0,0.0,0.0108216555867133,3.83610619876401e-06,8.05582301740441e-05,5.11480826501868e-06,0.0,3.83610619876401e-06,0.0,3.32462537226214e-05,0.0,7.41647198427708e-05,8.95091446378268e-06,0.0,0.403274500251265
71402-0174,4.7004696908729e-05,0.152547334085883,0.226976422871346,0.0,1.42438475480997e-06,0.0,0.0173069869633185,1.21072704158847e-05,2.91998874736044e-05,9.1160624307838e-05,0.000128906820310302,0.0002428576006951,2.91998874736044e-05,3.48974264928443e-05,3.56096188702492e-06,6.05363520794237e-05,1.06828856610748e-05,7.12192377404985e-07,0.602477005088615
71402-0175,0.0,0.00888229893369991,0.54086372630318,0.0,2.02008163149873e-06,1.01004081574936e-06,0.00640769893511397,3.03012244724809e-06,0.000133325387678916,1.01004081574936e-06,2.02008163149873e-06,0.00243217828432447,1.71706938677392e-05,0.000749450285286028,7.07028571024555e-06,0.000115144652995428,0.011920501707474,0.0,0.428462344163328
71402-0176,6.14906106632545e-06,0.0288251212622793,0.283889851310113,0.0,5.59005551484132e-07,0.0,0.00467552243261328,1.6770166544524e-06,4.41614385672464e-05,5.59005551484132e-07,1.11801110296826e-06,0.0,0.0,1.73291720960081e-05,0.0,7.65837605533261e-05,0.00393428107134532,0.0,0.678527087452505
71402-0177,1.08043982544414e-06,0.0258981426158961,0.136028454463243,0.0,0.0,0.0,0.00211874249769596,4.32175930177657e-06,5.40219912722071e-05,0.000256064238630262,0.000345740744142125,1.08043982544414e-06,1.5126157556218e-05,3.7815393890545e-05,2.16087965088828e-06,0.000143698496784071,0.000286316553742698,0.0,0.834807233328543
71402-0179,1.20209067610388e-06,0.00904092397497728,0.339556957460415,0.0,0.0,0.0,0.0117744781724375,3.60627202831164e-06,9.9773526116622e-05,2.40418135220776e-06,4.80836270441552e-06,3.60627202831164e-06,0.0,8.53484380033755e-05,1.20209067610388e-06,6.9721259214025e-05,0.000211567958994283,0.0,0.639144399940376
71402-0181,8.37077160935618e-07,0.0102182009035411,0.723909351240088,1.33932345749699e-05,1.67415432187124e-06,0.0,0.0455872221845538,5.02246296561371e-06,3.09718549546179e-05,1.25561574140343e-05,1.17190802530987e-05,8.37077160935618e-07,2.51123148280685e-06,1.59044660577767e-05,0.0,2.59493919890042e-05,0.000488853061986401,0.0,0.219674996421495
71402-0182,3.36841727054903e-06,0.023379061469124,0.33864270748889,5.61402878424838e-06,0.0,0.0,0.0153285441925118,4.49122302739871e-06,3.59297842191896e-05,3.70525899760393e-05,4.37894245171374e-05,0.000582736187804982,1.12280575684968e-06,4.37894245171374e-05,1.12280575684968e-06,4.60350360308367e-05,0.00499985403525161,0.0,0.616844781086562
71402-0183,0.0,0.0163586661093417,0.255955429699535,0.0,0.0,0.0,0.0150340380354686,1.96241196129339e-06,1.96241196129339e-05,1.17744717677603e-05,0.0,0.0,1.56992956903471e-05,0.000137368837290537,0.0,5.29851229549214e-05,3.92482392258677e-06,0.0,0.712408527072454
71402-0184,0.0,0.0572286749970241,0.406228037419752,0.0,3.26126481633372e-06,0.0,0.0510502088024799,1.1414426857168e-05,0.000303297627919036,7.99009880001761e-05,0.000101099209306345,0.00343737311641574,1.63063240816686e-06,0.000631054741960575,0.000115774900979847,8.1531620408343e-05,0.0149137640050941,0.0,0.465812976246578
71402-0185,2.97565910849253e-05,0.0485627566505981,0.658602630482652,2.97565910849253e-05,0.0,0.0,0.0418080104743201,8.92697732547759e-05,2.97565910849253e-05,0.00984943164911028,0.0122597155269892,0.0,0.00142831637207641,0.0,0.0,2.97565910849253e-05,5.95131821698506e-05,0.0,0.22722132952449
71402-0186,0.0,0.04705135716715,0.588220897375723,0.0,0.0,0.0,0.00470312266578799,4.2380019515999e-06,8.15815375682981e-05,5.19155239070988e-05,6.67485307376984e-05,0.0,0.000108069049765797,1.58925073184996e-05,2.11900097579995e-06,4.44990204917989e-05,9.53550439109977e-06,1.05950048789997e-06,0.359638964613743
71402-0188,1.14768924247919e-05,0.0595490040352754,0.445819886241042,5.27937051540429e-05,0.0,0.0,0.00720060230731445,4.59075696991677e-06,6.65659760637932e-05,0.000263968525770214,0.000328239123349049,2.29537848495838e-06,5.73844621239596e-05,3.44306772743758e-05,9.18151393983354e-06,9.64058963682522e-05,0.00634672151090993,0.0,0.480156452997535
71402-0189,0.0,0.0567913978135134,0.371443616060981,6.26859683728394e-06,0.0,0.0,0.0120503326535388,0.0,3.13429841864197e-05,6.26859683728394e-06,6.26859683728394e-06,2.08953227909465e-06,1.46267259536625e-05,6.05964360937448e-05,0.0,2.08953227909465e-05,0.00417279596135201,0.0,0.555393500718799
71402-0190,0.0,0.0323040746308932,0.433599321537335,0.0,0.0,0.0,0.0115647045217995,1.92745075363324e-05,1.92745075363324e-05,0.000134921552754327,0.00015419606029066,0.0,4.81862688408311e-05,1.92745075363324e-05,0.0,0.00184071546971975,1.92745075363324e-05,0.0,0.520276781928222
71402-0193,0.0,0.0396349012349727,0.320212148929362,0.0,0.0,0.0,0.00407926528000289,2.2612335255005e-06,3.39185028825074e-05,1.3567401153003e-05,1.3567401153003e-05,5.65308381375124e-06,4.52246705100099e-05,5.65308381375124e-06,0.0,5.42696046120119e-05,0.00293168926581139,0.0,0.632967880308387
71402-0194,9.96432770680962e-07,0.0814743219274996,0.356183861774846,0.0,0.0,9.96432770680962e-07,0.00287769784172662,4.98216385340481e-06,5.87895334701768e-05,1.69393571015764e-05,1.59429243308954e-05,0.00219713425935152,9.96432770680962e-07,0.000295940532892246,5.3807369616772e-05,6.77574284063054e-05,0.00317064907630682,0.0,0.553579186512286
71402-0195,2.62196392964222e-06,0.0534815092548772,0.363310465437927,6.55490982410555e-07,0.0,0.0,0.0181138378079333,5.24392785928444e-06,0.000103567575220868,1.50762925954428e-05,2.42531663491905e-05,6.55490982410555e-07,2.09757114371378e-05,1.37653106306217e-05,1.04878557185689e-05,7.86589178892666e-05,0.0269741094171767,0.0,0.537844116378491
71402-0197,3.10023773186608e-05,0.0330978561856084,0.248872993124518,2.11379845354505e-06,7.04599484515017e-07,0.0,0.00445095494368136,2.81839793806007e-06,3.24115762876908e-05,4.2275969070901e-06,3.52299742257509e-06,0.000181082067520359,1.05689922677253e-05,3.31161757722058e-05,0.0,0.000106394522161768,0.00657109479258705,0.0,0.706599137852071
71402-0198,0.0,0.00700675623179536,0.295564924676181,7.9279884949031e-07,1.66487758392965e-05,0.0,0.0343131270047901,3.96399424745155e-06,3.88471436250252e-05,7.9279884949031e-06,1.2684781591845e-05,1.58559769898062e-06,0.00117730629149311,9.11718676913856e-05,1.34775804413353e-05,9.19646665408759e-05,0.0424012608672902,0.0,0.619257559733429
71402-0199,0.0,0.00246580073290996,0.907614972851634,1.53488996757545e-06,0.0,0.0,0.01032520481188,3.83722491893862e-06,2.60931294487826e-05,7.67444983787725e-06,4.60466990272635e-06,0.0,5.2953703881353e-05,1.99535695784808e-05,1.53488996757545e-06,1.61163446595422e-05,0.00199689184781566,1.53488996757545e-06,0.0774612919936302
71402-0200,0.0,0.0689308296608546,0.341713504076984,0.0,0.0,0.0,0.00556992612463009,2.66121649528432e-06,4.1248855676907e-05,3.99182474292649e-06,3.99182474292649e-06,1.33060824764216e-06,2.66121649528432e-06,2.39509484575589e-05,1.33060824764216e-06,5.32243299056865e-05,0.000111771092801942,1.33060824764216e-06,0.58353824700347
71402-0201,0.0,0.0106140255907485,0.188835023477567,0.0,0.0,0.0,0.00202897504681479,2.00491605416481e-06,1.20294963249889e-05,0.0,0.0,0.0,0.0,8.01966421665925e-06,2.00491605416481e-06,9.6235970599911e-05,5.41327334624499e-05,0.0,0.798347548188157
71402-0203,0.0,0.00779677983354695,0.425310873557232,0.0,0.0,0.0,0.00508118052479041,5.07272598148793e-06,0.000153872688105134,1.52181779444638e-05,1.01454519629759e-05,0.00187014497850855,3.38181732099195e-06,4.05818078519035e-05,0.000290836289605308,0.000380454448611595,1.52181779444638e-05,0.0,0.559026239520594
71402-0204,0.0,0.000748556324245396,0.358020152086238,0.0,0.0,0.0,0.00328274054298921,2.63885895738683e-06,5.01383201903497e-05,1.14350554820096e-05,8.79619652462275e-06,0.0,6.77307132395952e-05,0.000160090776748134,0.0,5.98141363674347e-05,0.000873462314895039,1.75923930492455e-06,0.636712685434818
71402-0205,0.0,0.0191915312541731,0.439210599596894,9.5238193828358e-05,2.07039551800778e-06,0.0,0.039093208171023,6.21118655402335e-06,2.48447462160934e-05,2.38095484570895e-05,3.93375148421479e-05,3.10559327701167e-06,0.000902692445851393,6.93582498532607e-05,2.07039551800778e-06,6.52174588172452e-05,4.14079103601557e-06,0.0,0.501266564458141
71402-0206,0.0,0.0125719688446381,0.381224827677324,0.0,0.0,0.0,0.00389854895945798,2.06436270026899e-06,5.98665183078006e-05,1.03218135013449e-06,1.03218135013449e-06,0.00336903992683899,5.16090675067247e-06,0.000111475585814525,1.34183575517484e-05,0.000159988109270846,0.000692593685940245,0.0,0.597888982702705
71402-0207,1.45603219578391e-06,0.0112172720363193,0.626484060815553,0.0,1.45603219578391e-06,0.0,0.00954137897897198,4.36809658735174e-06,6.55214488102761e-05,5.96973200271404e-05,6.26093844187083e-05,1.45603219578391e-06,2.91206439156783e-06,5.0961126852437e-05,2.91206439156783e-06,8.29938351596831e-05,0.00110076034001264,0.0,0.351320184391917
71402-0208,7.51860855617654e-06,0.0777937896293326,0.372255081326283,0.000333324979323826,0.0,0.0,0.0371895441217012,8.77170998220596e-06,0.000140347359715295,0.000284454023708679,0.000324553269341621,0.00623543269592241,0.000226811358111326,0.00220295230695973,3.75930427808827e-06,5.26302598932358e-05,0.0295857246685547,0.0,0.473355304378336
71402-0210,1.23438807679869e-06,0.0337568107362137,0.366850261319956,2.46877615359738e-06,2.46877615359738e-06,0.0,0.00480547278297729,3.70316423039607e-06,5.80162396095384e-05,2.22189853823764e-05,2.59221496127725e-05,1.23438807679869e-06,1.85158211519803e-05,0.000135782688447856,4.93755230719475e-05,0.000117266867295875,0.00267862212665315,0.0,0.591470625266936
71402-0212,3.0099992174002e-06,0.00500863869775394,0.258066797902633,0.0,1.05349972609007e-05,0.0,0.0014237296298303,4.51499882610031e-06,6.62199827828045e-05,1.5049996087001e-06,1.20399968696008e-05,1.5049996087001e-06,1.5049996087001e-06,1.20399968696008e-05,3.0099992174002e-06,6.47149831741044e-05,0.001425234629439,0.0,0.7338949991873
71402-0213,5.51731139208939e-07,0.0361201824905916,0.41814654751481,3.47590617701632e-05,0.0,0.0,0.00666656735506161,4.41384911367151e-06,8.82769822734302e-05,5.35179205032671e-05,5.84835007561475e-05,1.10346227841788e-06,4.96558025288045e-05,6.06904253129833e-06,6.06904253129833e-06,9.26908313871017e-05,1.37932784802235e-05,5.51731139208939e-07,0.538656766403105
71402-0221,0.0,0.0104148519163763,0.337783101045296,0.0,1.36106271777003e-06,0.0,0.00220356054006969,4.0831881533101e-06,4.62761324041812e-05,1.36106271777003e-06,4.0831881533101e-06,0.00121406794425087,4.0831881533101e-06,6.80531358885017e-05,4.0831881533101e-06,0.000176938153310105,0.000210964721254355,0.0,0.647863131533101
71402-0224,0.0,0.00739944574341369,0.350340695347373,0.0,0.0,0.0,0.0131465491311166,1.20316190949816e-05,0.000140368889441452,7.21897145698897e-05,0.000128337270346471,0.000397043430134393,0.000910392511520275,6.81791748715625e-05,2.80737778882904e-05,0.000368969652246103,2.80737778882904e-05,0.0,0.626959649960095
71402-0226,2.81568901921507e-05,0.0405231282036843,0.277789174614284,0.0,1.34080429486432e-06,0.0,0.0110361601510282,5.36321717945727e-06,5.22913674997084e-05,1.20672386537789e-05,1.20672386537789e-05,0.00519159422971464,5.76545846791656e-05,2.27936730126934e-05,4.82689546151154e-05,0.000146147668140211,0.033371278094878,2.68160858972863e-06,0.6316998314609
71402-0228,0.0,0.0149684088641785,0.222690593473159,1.01675370875868e-05,0.0,0.0,0.00535350732182288,3.58854250150121e-06,2.21293454259241e-05,5.38281375225181e-06,4.78472333533494e-06,1.19618083383374e-06,1.19618083383374e-06,1.19618083383374e-05,0.0,0.000106460094211202,0.000203948832168652,0.0,0.756616674282351
71402-0229,1.36778323371312e-06,0.0306137243369671,0.507306698034495,2.73556646742624e-06,0.0,0.0,0.0159264679733556,5.47113293485248e-06,0.00120638481213497,1.36778323371312e-06,0.0,0.0040554772879594,0.0,0.000210638617991821,0.00302416872973971,7.38602946205085e-05,0.0120228146243383,0.0,0.425548823022527
71402-0230,9.66423546716431e-07,0.00948448068747505,0.54116239491352,0.0,0.0,0.0,0.00880605135768012,3.86569418686572e-06,9.76087782183595e-05,4.83211773358216e-06,1.15970825605972e-05,0.0103716575033607,9.66423546716431e-06,0.000518003021040007,4.83211773358216e-06,0.000103407319498658,0.0144799240004523,1.93284709343286e-06,0.414938781900433
71402-0232,0.0,0.000976975169300226,0.395315575620767,0.0,0.0,1.8058690744921e-06,0.00463747178329571,9.0293453724605e-06,4.51467268623025e-05,1.8058690744921e-06,7.2234762979684e-06,3.6117381489842e-06,3.6117381489842e-06,3.25056433408578e-05,1.8058690744921e-06,0.000106546275395034,0.020238374717833,0.0,0.578618510158014
71402-0233,6.6006600660066e-06,0.0392178217821782,0.471580858085809,0.0,0.0,3.3003300330033e-06,0.00525742574257426,1.98019801980198e-05,0.000102310231023102,0.0,3.3003300330033e-06,6.6006600660066e-06,1.32013201320132e-05,0.000138613861386139,1.32013201320132e-05,0.000135313531353135,0.00724422442244224,0.0,0.476257425742574
71402-0235,2.9092051615118e-06,0.0260810242729533,0.294367924267571,0.0,0.0,0.0,0.0043274426777488,4.3638077422677e-06,0.000353468427123683,0.0,0.0,2.9092051615118e-06,2.9092051615118e-06,2.03644361305826e-05,0.0,5.96387058109918e-05,0.0107451492640438,0.0,0.664031896525391
71402-0236,2.34207395332715e-06,0.00441715147597501,0.474002979118069,0.0,2.34207395332715e-06,0.0,0.0212027954994707,7.02622185998145e-06,3.27890353465801e-05,0.0,0.0,0.000597228858098423,0.0,3.51311092999073e-05,0.000166287250686228,4.6841479066543e-05,0.0292759244165894,0.0,0.470211161387632
71402-0238,2.25337132517388e-06,0.0189722598723014,0.37398415203947,0.0,0.0,0.0,0.0152699707850408,5.63342831293469e-06,6.08410257796946e-05,4.50674265034775e-06,2.25337132517388e-06,0.0,0.0,9.0134853006955e-06,3.38005698776081e-06,9.57682813198897e-05,0.000821353848025878,0.0,0.59076861369216
71402-0239,2.91524366335349e-06,0.0516100161941785,0.478253011082299,0.0,0.0,0.0,0.0213279226410941,5.83048732670698e-06,5.83048732670698e-05,1.7491461980121e-05,2.91524366335349e-05,1.31185964850907e-05,0.000865827368015987,5.24743859403629e-05,2.91524366335349e-06,8.5999688068928e-05,0.000460608498809852,0.0,0.447214411798574
71402-0244,0.0,0.0472451618656916,0.402925176134843,0.0,0.0,0.0,0.00377062338357264,7.13457593864265e-06,0.000185498974404709,6.42111834477838e-05,7.13457593864265e-05,3.56728796932132e-06,0.0,6.42111834477838e-05,0.0,0.000181931686435387,0.0435993935610452,0.0,0.501881744403817
71402-0245,0.0,0.0184849835627124,0.180756765290392,2.32165078657529e-06,0.0,0.0,0.00733641648557791,9.28660314630115e-06,3.2503111012054e-05,2.32165078657529e-06,2.32165078657529e-06,0.0,9.28660314630115e-06,8.35794283167103e-05,0.0,7.89361267435597e-05,0.00496833268327111,0.0,0.788232945153322
71402-0247,0.0,0.00145301905069422,0.213726884779516,0.0,0.0,0.0,0.00265295970817443,2.18171028632766e-06,9.59952525984169e-05,0.0,0.0,9.59952525984169e-05,0.0,0.000218171028632766,0.0,9.81769628847446e-05,0.019855745315868,0.0,0.761800870938746
71402-0248,0.0,0.0354878014392803,0.383555280502338,0.0,0.0,0.0,0.00710735534847412,1.78092011237606e-05,2.52297015919942e-05,0.0,0.0,4.45230028094015e-06,0.0,0.000120212107585384,0.0,4.1554802622108e-05,0.00491237130997063,0.0,0.568727933286733
71402-0249,0.0,0.0091295857422537,0.2876328501216,0.0,0.0,0.0,0.0121512626115283,4.96577957152771e-06,1.98631182861108e-05,1.48973387145831e-05,1.98631182861108e-05,0.000597134993476207,0.0,1.36558938217012e-05,1.24144489288193e-06,3.72433467864578e-05,0.256364577604582,0.0,0.4340128588862
71402-0251,0.0,0.0119983830390869,0.305641150174504,0.0,1.48073343688596e-06,0.0,0.00776200467615619,2.96146687377192e-06,7.84788721549558e-05,1.48073343688596e-06,0.0,0.00467911766055963,7.40366718442979e-06,0.000614504376307673,2.96146687377192e-06,0.000186572413047631,0.105734732527716,2.96146687377192e-06,0.563285806725787
71402-0252,1.19824768258898e-06,0.00209094220611777,0.335288873551319,0.0,7.18948609553389e-06,0.0,0.00203462456503609,4.79299073035593e-06,7.42913563205169e-05,4.79299073035593e-06,0.0,2.39649536517796e-06,5.99123841294491e-06,3.35509351124915e-05,1.19824768258898e-06,0.000106644043750419,0.000510453512782906,0.0,0.659833060132862
71402-0253,0.0,0.0127545508350113,0.53441975092144,3.13148805180734e-06,0.0,0.0,0.0164356150399108,6.26297610361468e-06,3.60121125957844e-05,0.000239558835963261,0.000306885829077119,1.56574402590367e-06,0.0,7.51557132433761e-05,0.0,5.48010409066284e-05,0.00782558864146654,1.56574402590367e-06,0.427839555078178
71402-0254,2.40202442618639e-06,0.0238557055886701,0.388209182699179,0.0,1.20101221309319e-06,0.0,0.0483767719433939,8.40708549165236e-06,8.04678182772441e-05,0.000242604467044825,0.00026302167466741,5.16435251630074e-05,0.000178950819750886,0.000133312355653345,7.20607327855917e-06,6.24526350808461e-05,0.00135594278858222,0.0,0.537170727489128
71402-0255,1.31768856342957e-06,0.0712799236092017,0.398401380234847,0.0,3.51383616914553e-06,0.0,0.0134825893810114,3.07460664800234e-06,4.21660340297464e-05,4.83152473257511e-06,6.14921329600468e-06,1.62514922822981e-05,7.20336414674834e-05,6.36882805657628e-05,6.58844281714787e-06,0.000146702660061826,9.66304946515021e-06,3.51383616914553e-06,0.516456612468672
71402-0256,6.09588089136409e-06,0.0316559094688537,0.203385408411828,0.0,0.0,0.0,0.00285774896187148,6.09588089136409e-06,2.56026997437292e-05,1.82876426740923e-05,1.82876426740923e-05,4.26711662395486e-05,2.43835235654564e-06,1.70684664958194e-05,9.75340942618254e-06,3.16985806350933e-05,1.46301141392738e-05,0.0,0.76190830332128
71402-0259,6.61969624420501e-06,0.105193593016662,0.512194583764533,6.61969624420501e-06,0.0,2.206565414735e-06,0.0126612723497494,4.41313082947001e-06,0.0001765252331788,1.1032827073675e-05,6.61969624420501e-06,0.00346872083196342,1.323939248841e-05,0.00039276864382283,0.0,9.48823128336051e-05,0.000670795886079441,0.0,0.365096106956639
71402-0260,6.17728233580614e-05,0.075946002618261,0.525537111865483,1.13344630014791e-06,1.70016945022187e-06,0.0,0.00651958311845081,4.53378520059166e-06,6.91402243090228e-05,2.04020334026625e-05,1.53015250519968e-05,6.23395465081353e-06,0.000319631856641712,7.53741789598363e-05,2.26689260029583e-06,9.91765512629425e-05,0.00223912316594221,1.13344630014791e-06,0.389080378344375
71501-0001,6.93537547776068e-07,0.0550148659773366,0.366860556647107,0.0,0.0,0.0,0.00480968289382703,6.93537547776068e-07,4.29993279621162e-05,0.0,0.0,0.0,2.77415019110427e-06,1.0403063216641e-05,0.0,7.42085176120393e-05,0.000989678080676449,6.93537547776068e-07,0.572192750729428
71501-0002,0.0,0.0046330747966357,0.220651865376796,0.0,0.0,0.0,0.00391193385961278,6.39309341332372e-07,1.02289494613179e-05,1.27861868266474e-06,6.39309341332372e-07,3.19654670666186e-06,1.27861868266474e-06,4.09157978452718e-05,3.83585604799423e-06,6.20130061092401e-05,0.0389045306574402,0.0,0.731774569297297
71501-0003,4.27065499099338e-05,0.0494720323090985,0.23954613773436,0.0,0.0,0.0,0.0107837225578546,2.54964477074232e-06,3.37827932123357e-05,1.2110812661026e-05,1.01985790829693e-05,2.16719805513097e-05,2.54964477074232e-06,6.88404088100425e-05,5.09928954148463e-06,9.36994453247801e-05,0.0416847797680588,0.0,0.658220118481992
71501-0004,5.80870539059478e-07,0.0165100833316875,0.30370699960617,0.0,1.16174107811896e-06,0.0,0.000960759871604376,0.0,7.84175227730295e-05,1.16174107811896e-06,5.80870539059478e-07,0.00866426496061117,1.16174107811896e-06,0.00065638370913721,0.0,0.00029972919815469,0.00988757831587043,0.0,0.659231136519679
71501-0006,1.18352089180666e-06,0.0146827601837535,0.477147690980328,0.0,1.77528133770999e-06,0.0,0.0084195676243126,1.77528133770999e-06,6.80524512788831e-05,2.36704178361332e-06,2.36704178361332e-06,0.00123026996703303,9.4681671344533e-06,3.19550640787799e-05,1.18352089180666e-06,6.33183677116564e-05,0.0100587440594648,5.91760445903331e-07,0.488276929686432
71501-0007,1.04629295652102e-05,0.0312891155245094,0.259275800069936,0.0,1.65204151029635e-06,0.0,0.0128484775060781,1.65204151029635e-06,5.17639673226189e-05,3.3040830205927e-06,4.40544402745693e-06,0.00108208718924411,4.62571622882978e-05,0.00372700564722856,1.10136100686423e-06,5.56187308466437e-05,0.000563896835514487,0.0,0.691037399466391
71501-0010,4.05956189208061e-06,0.0405929125462113,0.364513475039107,0.0,0.0,0.0,0.0133721968725135,1.08254983788816e-05,5.81870537864887e-05,4.05956189208061e-06,2.7063745947204e-06,0.00197971301603798,2.7063745947204e-06,0.000351828697313653,6.76593648680101e-06,5.14211172996877e-05,0.000703657394627305,0.0,0.578345484955264
71501-0011,1.72361193222068e-06,0.00330071685020261,0.25724391004814,0.0,0.0,0.0,0.00759595778529656,5.17083579666205e-06,3.44722386444137e-05,6.89444772888274e-06,3.44722386444137e-06,0.0,3.44722386444137e-06,2.06833431866482e-05,0.0,3.10250147799723e-05,0.222008111317753,0.0,0.50974444005881
71501-0012,0.0,0.018236189406645,0.237550702258606,0.0,0.0,0.0,0.0309551603632092,7.38830726492253e-06,8.86596871790704e-05,9.23538408115317e-06,1.10824608973838e-05,0.00873852041758713,5.5412304486919e-06,0.00236056417114275,1.84707681623063e-06,5.72593813031496e-05,0.0523923338923819,0.0,0.649585515962438
71501-0013,0.0,0.00708436262732226,0.263068931677439,3.38398023755541e-06,0.0,0.0,0.021403675002538,8.45995059388853e-06,1.18439308314439e-05,6.76796047511083e-06,3.38398023755541e-06,8.45995059388853e-06,1.69199011877771e-06,6.76796047511083e-06,0.0,5.41436838008866e-05,0.00360393895299651,0.0,0.70473418835234
71501-0014,1.31660946729981e-05,0.144076574006618,0.237073089380228,0.0,2.19434911216635e-06,0.0,0.00440296149356178,1.53604437851644e-05,8.22880917062381e-05,4.82756804676597e-05,5.15672041359092e-05,1.64576183412476e-05,1.42632692290813e-05,2.63321893459962e-05,0.0,6.912199703324e-05,0.0110309929868602,0.0,0.603077355194902
71501-0015,0.0,0.00636021172446332,0.156229726940316,0.0,0.0,0.0,0.00790280726586459,9.21502712903987e-06,2.76450813871196e-05,4.42321302193914e-05,5.16041519226233e-05,0.0,0.0,0.000202730596838877,0.0,7.55632224581269e-05,0.0753162597310686,0.0,0.753780004128332
71501-0016,4.35089693740365e-06,0.124395044038329,0.776784484121402,0.0,0.0,0.0,0.00745308645377245,7.25149489567274e-06,3.19065775409601e-05,2.75556806035564e-05,2.75556806035564e-05,5.07604642697092e-05,1.30526908122109e-05,1.45029897913455e-06,0.0,4.64095673323056e-05,1.45029897913455e-06,0.0,0.0911556417355438
71501-0018,0.0,0.00453835627636095,0.209564837983335,0.0,0.0,0.0,0.00106160380733589,1.06160380733589e-06,4.0340944678764e-05,0.0,0.0,0.0,9.0236323623551e-05,1.06160380733589e-05,2.12320761467179e-06,8.49283045868716e-05,0.107295235203632,0.0,0.677310660306952
71501-0019,2.07057771188739e-06,0.00439790706004882,0.296867008864143,0.0,0.0,0.0,0.0274289429493723,1.0352888559437e-05,4.55527096615227e-05,0.000213269504324402,0.000271245680257249,0.00303546692562692,7.03996422041714e-05,3.72703988139731e-05,4.76232873734101e-05,2.27763548307613e-05,0.517346264781337,0.0,0.150203848375735
71501-0020,0.0,0.0170813805008815,0.240298873769464,0.0,0.0,0.0,0.0026747827035461,3.55689189301343e-06,7.94372522773e-05,1.18563063100448e-06,0.0,3.55689189301343e-06,0.000432755180316635,0.000314192117216187,1.18563063100448e-06,0.00107536698232106,0.000144646936982546,0.0,0.737889079511947
71501-0021,5.91962919442726e-07,0.00416801091579623,0.288428012869274,0.0,0.0,0.0,0.00258332618044806,2.95981459721363e-06,2.13106650999381e-05,2.48624426165945e-05,3.31499234887927e-05,5.91962919442726e-07,1.18392583888545e-06,5.68284402665017e-05,4.73570335554181e-06,9.9449770466378e-05,0.0584332517411109,0.0,0.646141733681802
71501-0022,8.50015756389631e-05,0.01035567976382,0.352851906523145,0.0,0.0,0.0,0.0509802132917586,2.48785099431111e-05,0.000170003151277926,0.000379397276632445,0.000595011029472741,0.0074842850745526,3.93909740765926e-05,0.000294395700993482,2.07320916192593e-06,7.04891115054816e-05,0.0451109581543463,0.0,0.531556316653675
71501-0024,0.0,0.0131325002944237,0.501332718047814,0.0,2.40345905827667e-06,0.0,0.015028829491404,9.61383623310669e-06,3.36484268158734e-05,2.40345905827667e-05,3.84553449324267e-05,0.0,1.20172952913834e-05,9.61383623310669e-05,0.0,4.08588039907034e-05,0.00921726548849104,0.0,0.461031516558631
71501-0025,0.0,0.0136024796418295,0.479206336862453,0.0,0.0,0.0,0.00974414806750136,4.44380256185218e-06,9.77636563607479e-05,2.99956672925022e-05,3.22175685734283e-05,7.77665448324131e-06,4.44380256185218e-05,2.66628153711131e-05,1.66642596069457e-05,5.44365813826892e-05,7.33227422705609e-05,0.0,0.497059313654694
71501-0026,0.0,0.00711555835178887,0.336863644729735,0.0,0.0,0.0,0.00640700993772232,2.40593688986944e-06,2.52623373436291e-05,1.20296844493472e-06,3.60890533480416e-06,4.81187377973888e-06,0.0,0.0,1.20296844493472e-06,7.09751382511485e-05,0.0148422246736046,2.40593688986944e-06,0.63465968624177
71501-0028,0.0,0.0026967693719536,0.197133428949812,0.0,0.0,0.0,0.00294130576941042,1.23641998714123e-05,3.7092599614237e-05,2.74759997142496e-06,0.0,5.49519994284992e-06,2.74759997142496e-06,2.61021997285371e-05,0.0,6.5942399314199e-05,0.0848280277177885,0.0,0.712247976392621
71501-0029,0.0,0.017537645299493,0.254041591497647,0.0,0.0,0.0,0.00318796136008462,2.10426492414826e-06,1.54312761104206e-05,1.40284328276551e-05,0.0,7.01421641382755e-06,1.40284328276551e-06,7.7156380552103e-06,7.01421641382755e-07,3.92796119174343e-05,0.0158696646362848,0.0,0.709275459501317
71501-0030,0.0,0.0117370702647441,0.531414117486577,0.0,1.46676709132019e-06,0.0,0.0269899812473827,4.40030127396056e-06,5.72039165614872e-05,3.66691772830046e-06,2.20015063698028e-06,3.66691772830046e-06,6.08708342897877e-05,4.40030127396056e-06,3.66691772830046e-06,3.9602711465645e-05,0.000354957636099485,2.20015063698028e-06,0.429320527478781
71501-0031,2.69150024223502e-05,0.166625653329642,0.142999407869947,0.0,1.28166678201668e-06,1.28166678201668e-06,0.00370786200037425,6.40833391008338e-06,2.17883352942835e-05,2.17883352942835e-05,8.97166747411674e-06,1.79433349482335e-05,0.000173025015572251,7.69000069210006e-06,0.0,6.40833391008339e-05,0.000238390021455102,0.0,0.686077510080309
71501-0032,5.34404041519631e-06,0.0210804580911444,0.501221113234872,0.0,0.0,0.0,0.00726611361786192,3.56269361013088e-06,3.74082829063742e-05,1.78134680506544e-06,0.0,0.00131819663574842,7.48165658127484e-05,0.000181697374116675,1.78134680506544e-06,5.16590573468977e-05,0.000961927274735336,0.0,0.467794140437819
71501-0033,1.26864914239318e-05,0.0170689694058211,0.245022666531344,9.86727110750251e-06,2.81922031642929e-06,0.0,0.0140524036672418,5.63844063285858e-06,3.24210336389368e-05,5.07459656957272e-05,7.04805079107322e-05,2.25537625314343e-05,5.21555758539418e-05,3.80594742717954e-05,4.22883047464393e-06,7.61189485435908e-05,0.0602960745176314,0.0,0.66318211035556
71501-0034,0.0,0.00216507173387601,0.143768484642824,0.0,0.0,0.0,0.00261617067795904,1.21918633535955e-05,2.74316925455899e-05,0.0,0.0,2.03197722559926e-06,6.09593167679777e-06,1.93037836431929e-05,1.01598861279963e-06,8.33110662495695e-05,4.3687510350384e-05,0.0,0.851255203131683
71501-0035,2.40916542895793e-06,0.00858987933694949,0.461998426814975,0.0,2.16824888606213e-05,0.0,0.0239434906156984,6.02291357239482e-06,3.97512295778058e-05,9.63666171583171e-06,2.40916542895793e-06,0.0,0.0,2.40916542895793e-06,0.0,2.65008197185372e-05,0.000770932937266537,8.43207900135275e-06,0.504578016606377
71501-0036,0.0,0.0188386875383704,0.518943242656343,0.0,0.0,0.0,0.00262862290186028,2.68090046084679e-06,3.88730566822784e-05,0.0,0.0,0.0,0.0,3.48517059910083e-05,0.0,0.000128683222120646,0.00851722076411025,0.0,0.450867137254061
71501-0038,0.0,0.0320412438489419,0.397743358931414,0.0,0.0,1.29632414325937e-06,0.00521251938004594,2.59264828651875e-06,9.46316624579343e-05,5.1852965730375e-06,2.59264828651875e-06,0.00364915246327514,6.48162071629687e-06,0.00218171353310553,6.48162071629687e-06,0.000133521386755716,0.0223097385054938,0.0,0.536609490129788
71501-0039,3.63569599037268e-06,0.0234756890098364,0.252037353140605,7.63496157978262e-05,1.81784799518634e-06,0.0,0.0153680869513053,3.63569599037268e-06,4.18105038892858e-05,3.45391119085404e-05,4.36283518844721e-05,3.63569599037268e-06,9.08923997593169e-06,4.18105038892858e-05,1.81784799518634e-06,3.63569599037268e-05,0.242639079005492,0.0,0.466181664821551
71501-0040,0.0,0.0113495521337916,0.273287689768084,9.7421048358726e-06,0.0,0.0,0.0157908694828566,1.08245609287473e-06,5.19578924579872e-05,3.2473682786242e-06,3.2473682786242e-06,0.0,0.0,5.08754363651124e-05,2.81438584147431e-05,4.4380699807864e-05,0.0247038129515872,0.0,0.674675398479149
71501-0041,0.0,0.0170741651892268,0.236876898338396,0.0,0.0,0.0,0.00329755409262288,4.58120879775338e-06,2.38222857483176e-05,9.16241759550675e-07,9.16241759550675e-07,9.16241759550675e-07,0.0,3.6649670382027e-06,4.58120879775338e-06,0.000156677340883165,0.00900757273814269,0.0,0.733547733905068
71501-0042,0.0,0.0122596967828462,0.503351417532061,1.47867528438622e-06,0.0,0.0,0.0395442131303408,7.39337642193112e-06,0.000173005008273188,0.000155260904860554,0.000201099838676526,0.0,4.73176091003592e-05,1.47867528438622e-05,1.47867528438622e-06,5.61896608066765e-05,0.00022327996794232,0.0,0.443963382085257
71501-0044,0.0,0.0134850139933183,0.266810918774967,9.96675091893443e-07,0.0,0.0,0.00439035377979062,5.98005055136066e-06,8.57140579028361e-05,1.59468014702951e-05,1.99335018378689e-05,0.00520364065477567,3.98670036757377e-06,0.0305779918192908,4.98337545946722e-06,0.000286045751373418,0.159163032124832,0.0,0.519945461938972
71501-0045,0.0,0.0114065668243748,0.429657429476006,0.0,3.55732631354274e-06,0.0,0.00858916438404895,1.77866315677137e-06,3.20159368218847e-05,1.77866315677137e-06,0.0,0.000983600725694568,0.0,2.49012841947992e-05,2.13439578812564e-05,3.3794599978656e-05,0.00476859592330404,0.0,0.544475472235068
71501-0046,0.0,0.37464803884835,0.225282960072117,0.0,0.0,0.0,0.00449156220669904,6.49203705283776e-06,1.11292063762933e-05,4.63716932345554e-06,1.85486772938222e-06,1.85486772938222e-06,0.000298633704430537,0.000118711534680462,1.85486772938222e-06,3.52424868582621e-05,1.11292063762933e-05,0.0,0.395085898924548
71501-0047,1.63254244814433e-06,0.0207765514663088,0.145052212788848,0.0,0.0,0.0,0.000932181737890412,4.08135612036082e-06,1.14277971370103e-05,1.30603395851546e-05,2.04067806018041e-05,1.63254244814433e-06,5.87715281331959e-05,4.89762734443299e-06,0.0,2.77532216184536e-05,9.79525468886598e-06,0.0,0.833085595016827
71501-0048,0.0,0.00271345152398865,0.481578657431376,0.0,0.0,0.0,0.00398486395204513,2.92502859215449e-06,6.43506290273987e-05,6.82506671502714e-06,1.26751238993361e-05,0.000150151467730597,1.07251048378998e-05,1.07251048378998e-05,0.0,4.97254860666263e-05,0.0274806436232914,0.0,0.483934280457591
71501-0049,0.0,0.00792065818357938,0.236905832699094,0.0,4.71748551731946e-06,0.0,0.00338794084902159,6.28998068975928e-06,1.7297446896838e-05,7.8624758621991e-07,0.0,7.8624758621991e-07,2.35874275865973e-06,4.87473503456344e-05,0.0,5.11060931042942e-05,0.0235394664838379,0.0,0.728114012189983
71501-0050,0.0,0.0242709027561015,0.385155408578475,0.0,2.81206149416075e-06,0.0,0.0174727440939678,2.81206149416075e-06,4.63990146536524e-05,0.0,0.0,0.0032957360711564,3.3744737929929e-05,4.63990146536524e-05,2.95266456886879e-05,9.84221522956264e-05,0.00582237332365984,0.0,0.56372271948843
71502-0001,0.0,0.0186630386019249,0.515418868053571,0.0,1.62839530598769e-06,0.0,0.0197296375273469,8.14197652993845e-07,8.63049512173476e-05,4.88518591796307e-06,3.25679061197538e-06,1.058456948892e-05,0.0,0.000390000675784052,1.62839530598769e-06,4.55950685676553e-05,0.0101432743609973,0.0,0.435500483226307
71502-0002,8.51852609054171e-07,0.00489985620727959,0.331914998739258,0.0,1.27777891358126e-05,0.0,0.00375326259549268,8.51852609054171e-07,3.91852200164919e-05,0.0,0.0,8.51852609054171e-06,6.81482087243337e-06,1.70370521810834e-05,4.25926304527086e-06,0.000621852404609545,0.0126943075801253,0.0,0.646025426096675
71502-0003,1.76910575242426e-06,0.0148174400803882,0.310708633000191,0.0,0.0,0.0,0.00512391996093815,2.94850958737377e-06,2.59468843688892e-05,2.35880766989902e-06,1.17940383494951e-06,1.76910575242426e-05,0.0,4.77658553154551e-05,4.71761533979804e-06,0.000111453662402729,0.019318634816473,0.0,0.649815541240214
71502-0004,0.0,0.0167991968902949,0.198036557571643,0.0,0.0,0.0,0.00407417374729068,0.0,1.06083734683463e-05,2.45667596109072e-05,2.90334431765267e-05,0.000310992843256257,0.0,0.000160800608362302,6.70002534842924e-06,0.000108317076466273,0.0149349148370945,0.0,0.765504137823988
71502-0006,0.0,0.0151842423710429,0.44230865691481,1.56748656664012e-06,0.0,0.0,0.0165385507646199,2.35122984996019e-06,2.42960417829219e-05,3.91871641660031e-06,0.0,1.56748656664012e-06,2.03773253663216e-05,3.13497313328025e-06,1.56748656664012e-06,5.32945432657642e-05,0.000149694967114132,0.0,0.525706779692898
71502-0007,7.28932573008064e-07,0.0127628804207982,0.266305310492474,0.0,1.45786514601613e-06,7.28932573008064e-07,0.00462872183860121,1.45786514601613e-06,6.19592687056854e-05,5.10252801105645e-06,1.02050560221129e-05,0.00210297047312827,7.28932573008064e-07,0.000359363758492976,7.28932573008064e-07,8.74719087609677e-05,0.035255552826108,0.0,0.678414629968313
71502-0010,7.06429925178979e-06,0.0360854497637497,0.729286970000949,0.0,2.01837121479708e-06,0.0,0.0529691249755272,1.3119412896181e-05,4.74317235477315e-05,3.5321496258949e-05,3.02755682219562e-06,7.36705493400935e-05,2.32112689701665e-05,5.04592803699271e-06,2.01837121479708e-06,3.83490530811446e-05,1.00918560739854e-06,0.0,0.181407168043532
71502-0011,0.0,0.0051260598996033,0.16627216153716,0.0,0.0,9.40043994058922e-07,0.00206621669894151,6.58030795841245e-06,3.29015397920623e-05,5.64026396435353e-06,6.58030795841245e-06,9.40043994058922e-07,0.0,6.86232115663013e-05,0.0,6.39229915960067e-05,9.40043994058922e-06,0.0,0.826340032713531
71502-0012,0.0,0.00968140039474095,0.239339544043021,0.0,2.97021027603649e-06,0.0,0.0103571232325392,4.45531541405474e-06,3.71276284504561e-05,1.48510513801825e-06,1.48510513801825e-06,4.45531541405474e-06,0.0,2.82169976223467e-05,5.94042055207298e-06,0.000196033878218408,0.0316535309117209,0.0,0.708686231441755
71502-0013,0.0,0.0232024642654489,0.185871004350293,1.35102272420222e-06,1.35102272420222e-06,0.0,0.0100502580453403,2.70204544840444e-06,2.02653408630333e-05,4.05306817260666e-06,9.45715906941555e-06,0.0,5.40409089680888e-06,1.35102272420222e-06,0.0,3.647761355346e-05,0.0828136399254236,0.0,0.697980221027318
71502-0014,0.0,0.00624951521934247,0.481268075393088,0.0,0.0,0.0,0.00859197535652155,2.216140148703e-06,2.6593681784436e-05,8.42133256507141e-05,0.000126319988476071,0.0,8.86456059481202e-06,2.216140148703e-06,0.0,6.20519241636841e-05,6.64842044610901e-06,0.0,0.503571309849635
71502-0015,1.33227461910269e-06,0.0105116467447202,0.706637125697446,0.0,7.99364771461612e-06,0.0,0.0392381520818123,3.99682385730806e-06,0.000995209140469707,6.66137309551343e-06,1.33227461910269e-06,0.000115907891861934,2.26486685247457e-05,4.52973370494913e-05,2.66454923820537e-06,4.39650624303886e-05,0.000556890790784923,3.99682385730806e-06,0.241805178817899
71502-0016,0.0,0.0241793196203286,0.204428115297419,0.0,0.0,0.0,0.00415014822759522,1.40274056229136e-06,1.68328867474963e-05,2.80548112458272e-07,8.41644337374816e-07,1.68328867474963e-06,0.000256420974786861,2.55298782337028e-05,0.0,7.91145677132327e-05,3.64712546195754e-06,2.80548112458272e-07,0.766856382651915
71502-0018,2.64264502340393e-05,0.0492126569483396,0.253864042520158,0.0,0.0,0.0,0.0280351603920364,8.25826569813727e-06,3.96396753510589e-05,1.32132251170196e-05,9.90991883776472e-06,0.00278303554027226,4.95495941888236e-06,9.90991883776472e-06,0.0,4.62462879095687e-05,0.069666729429486,0.0,0.596279816468303
71502-0019,5.84030763403297e-06,0.00681563900891648,0.35983720559635,0.0,0.0,0.0,0.011685621246038,5.84030763403297e-06,0.00010095388910257,2.08582415501178e-05,3.67105051282073e-05,0.000178546547669008,4.17164831002355e-06,3.83791644522167e-05,4.17164831002355e-06,0.000103456878088584,0.00037377968857811,5.00597797202826e-06,0.620783819344267
71502-0020,3.07260567203007e-06,0.0126109978799021,0.260030521216342,0.0,0.0,0.0,0.00126591353687639,9.21781701609021e-06,3.99438737363909e-05,8.19361512541352e-06,1.43388264694737e-05,2.04840378135338e-06,5.12100945338345e-06,0.000260147280231879,1.02420189067669e-06,0.000214058195151428,9.21781701609021e-06,0.0,0.725526183721335
71502-0021,6.72401353678405e-07,0.053765884641479,0.48232626661924,0.0,0.0,0.0,0.00783683777712181,1.00860203051761e-05,0.000107584216588545,6.58953326604837e-05,7.06021421362326e-05,0.000272322548239754,0.00043437127447625,0.000100860203051761,6.92573394288757e-05,9.41361895149767e-05,0.00441700449231344,0.0,0.45042821880209
71502-0022,0.0,0.0125195164416507,0.236938662197758,0.0,0.0,0.0,0.0148709124199228,1.01478248137512e-05,2.3195028145717e-05,1.15975140728585e-05,2.3195028145717e-05,0.000115975140728585,8.69813555464386e-06,1.59465818501804e-05,2.89937851821462e-06,9.13304233237605e-05,5.79875703642924e-06,0.0,0.735362125128479
71502-0024,6.17138427852198e-06,0.0450511052332104,0.395586966530114,0.0,1.2342768557044e-06,0.0,0.0304261587699691,1.72798759798615e-05,3.70283056711319e-05,4.93710742281758e-06,0.0,0.0074414551630418,6.17138427852198e-06,0.00677371138410572,4.93710742281758e-06,0.000134536177271779,0.0643342125498802,0.0,0.450174094750497
71502-0025,1.03937624952513e-06,0.0142997384409668,0.142262545401254,0.0,0.0,0.0,0.00213851663339797,2.59844062381284e-06,2.13072131152653e-05,6.23625749715081e-06,6.23625749715081e-06,2.07875249905027e-06,5.19688124762567e-07,4.2094738105768e-05,0.0,5.61263174743573e-05,6.23625749715081e-06,0.0,0.841154726225697
71502-0026,0.0,0.00561790184164792,0.157153057512765,0.0,0.0,0.0,0.0086320790727543,2.6944373341237e-06,3.32313937875257e-05,0.0,3.59258311216494e-06,8.98145778041234e-07,8.98145778041234e-07,1.43703324486597e-05,2.6944373341237e-06,6.19720586848451e-05,0.0963521809224855,0.0,0.73212442911609
71502-0028,0.0,0.00914939898252616,0.205722424220859,0.0,0.0,0.0,0.00389254442435383,7.4910645645491e-06,3.27734074699023e-05,0.0,0.0,7.4910645645491e-06,7.4910645645491e-05,9.36383070568637e-06,1.87276614113727e-06,4.58827704578632e-05,0.000179785549549178,9.36383070568637e-07,0.780875124890092
71502-0029,0.0,0.00734791337610787,0.359015530345233,0.0,6.55381005747691e-06,1.09230167624615e-06,0.00426980725244621,6.55381005747691e-06,4.80612737548307e-05,5.46150838123076e-06,1.63845251436923e-05,4.36920670498461e-06,1.09230167624615e-06,1.31076201149538e-05,1.09230167624615e-06,7.75534190134768e-05,0.0116504896788415,0.0,0.617534937269115
71502-0030,1.96481410893715e-06,0.0983526998510671,0.411212015231239,2.94722116340573e-06,0.0,0.0,0.0341327507004562,4.91203527234288e-06,1.96481410893715e-05,3.04546186885259e-05,2.75073975251201e-05,0.000187639747403498,0.000189604561512435,2.65249904706516e-05,1.96481410893715e-06,0.00135473932811217,0.000138519394680069,9.82407054468577e-07,0.454315124746048
71502-0031,0.0,0.0111889723516575,0.126794909651353,0.0,0.0,0.0,0.00257326198586975,7.20196469596906e-06,2.88078587838762e-05,2.16058940879072e-06,2.16058940879072e-06,7.20196469596906e-07,1.5124125861535e-05,2.16058940879072e-06,0.0,0.000337051947771352,0.000622249749731727,7.20196469596906e-07,0.85842449820311
71502-0032,1.29629202866822e-05,0.212512674855391,0.192450395225036,0.0,0.0,0.0,0.00566767681423271,1.00822713340861e-05,4.89710321941327e-05,1.44032447629802e-05,0.0,0.000950614154356693,3.02468140022584e-05,9.36210909593713e-05,2.88064895259604e-06,0.000105143686769755,0.00447364782338165,0.0,0.583626679418339
71502-0033,0.0,0.0151287548184397,0.264801584674689,4.68477092997795e-05,2.03685692607737e-06,0.0,0.00284956283958224,6.11057077823211e-06,4.99029946888956e-05,1.01842846303868e-06,2.03685692607737e-06,5.09214231519343e-06,8.14742770430948e-06,1.32395700195029e-05,2.03685692607737e-06,4.88845662258569e-05,0.0098013555282843,0.0,0.707233388158732
71502-0034,0.0,0.0151794676893057,0.0975193262406668,0.0,0.0,0.0,0.00282052703210351,2.63929541369636e-06,1.58357724821782e-05,0.0,0.0,0.0,0.0,1.2316711930583e-05,0.0,4.31084917570405e-05,0.000274486723024421,0.0,0.884132292043316
71502-0035,1.24129387508363e-06,0.00731370351199276,0.363877851717516,0.0,1.24129387508363e-06,0.0,0.0056950562988837,1.365423262592e-05,2.85497591269235e-05,1.24129387508363e-06,0.0,1.24129387508363e-06,1.24129387508363e-06,3.7238816252509e-06,2.48258775016726e-06,7.44776325050179e-05,0.00314792126721209,0.0,0.619836372641386
71502-0036,0.0,0.0077889119648652,0.289642399933475,0.0,0.0,0.0,0.00346071203816536,3.07983865751886e-06,1.84790319451132e-05,4.10645154335848e-06,3.07983865751886e-06,0.0,0.0,7.69959664379715e-05,0.0,0.00018992338388033,0.0268839116414821,0.0,0.67192839991089
71502-0038,0.0,0.0238999218264227,0.62884545023782,0.0,1.9993242284108e-06,0.0,0.032890882881586,1.19959453704648e-05,0.000103964859877361,4.59844572534483e-05,6.19790510807347e-05,0.00763741855252925,2.9989863426162e-05,0.000633785780406223,5.99797268523239e-06,0.000109962832562594,0.00129956074846702,0.0,0.304421105666285
71502-0039,1.06811018197393e-06,0.00409620254787003,0.803604444620089,0.0,3.84519665510615e-05,0.0,0.0162224574438201,5.34055090986966e-06,7.26314923742274e-05,1.06811018197393e-06,0.0,2.13622036394786e-06,1.06811018197393e-06,8.86531451038363e-05,2.13622036394786e-06,5.02011785527748e-05,0.00126677867582108,2.13622036394786e-06,0.17454522538727
71502-0040,0.0,0.0111113600215059,0.481865633190708,0.0,0.0,0.0,0.00549594151601365,2.24019355272296e-05,3.73365592120493e-05,0.000358430968435673,0.00048537526975664,0.0,0.000761665807925805,3.73365592120493e-05,0.0,4.48038710544591e-05,1.49346236848197e-05,0.0,0.499764779676964
71502-0041,6.13314067094106e-07,0.0039123304339933,0.424441546876207,0.0,0.0,6.13314067094106e-07,0.0293906234092166,2.45325626837642e-06,2.75991330192348e-05,2.45325626837642e-06,0.0,9.62903085337746e-05,1.22662813418821e-06,3.06657033547053e-06,1.83994220128232e-06,0.00010303676327181,0.000573448652732989,6.13314067094106e-07,0.541442244827616
71502-0042,0.0,0.016240474601613,0.377502746112445,0.0,2.29320454696598e-06,0.0,0.0743525710262778,1.37592272817959e-05,6.42097273150473e-05,0.00017657675011638,0.000220147636508734,1.14660227348299e-05,5.04505000332515e-05,2.98116591105577e-05,6.87961364089793e-06,9.6314590972571e-05,7.56757500498772e-05,0.0,0.531156623577353
71502-0044,0.0,0.0313751380122934,0.199897417728194,0.0,0.0,0.0,0.0296860323319546,4.11976995204588e-06,1.23593098561376e-05,1.5449137320172e-05,1.85389647842065e-05,3.08982746403441e-06,3.08982746403441e-06,7.20959741608029e-05,1.02994248801147e-06,8.03355140648946e-05,6.07666067926767e-05,0.0,0.738770537053211
71502-0045,0.0,0.018960170764177,0.387428891694624,0.0,0.0,0.0,0.0198106803647564,1.22640173118868e-06,4.660326578517e-05,6.13200865594342e-07,6.13200865594342e-07,1.83960259678303e-06,4.90560692475474e-06,9.81121384950947e-06,3.06600432797171e-06,3.67920519356605e-05,0.00648153314933219,0.0,0.567213253478229
71502-0046,0.0,0.0134928927919689,0.223567586076639,0.0,0.0,0.0,0.00719077428550852,2.71760177078931e-06,6.25048407281542e-05,0.0,0.0,3.39700221348664e-05,1.35880088539466e-06,1.35880088539466e-05,0.0,0.000131803685883282,0.0168735893948308,0.0,0.738629214490796
71502-0047,3.00343593070473e-06,0.0637464259112425,0.257582174007064,0.0,0.0,0.0,0.00786149354861962,0.0,1.35154616881713e-05,0.0,0.0,0.0,1.50171796535236e-06,5.70652826833898e-05,0.0,1.05120257574665e-05,0.0226564189432711,0.0,0.648067889665778
71502-0048,0.0,0.00987779857137191,0.343987466150312,0.0,3.60582557179379e-07,0.0,0.00336928341428412,2.88466045743503e-06,2.34378662166596e-05,1.44233022871752e-06,3.60582557179379e-07,0.00111708476214172,3.60582557179379e-07,5.40873835769068e-05,2.52407790025565e-06,6.99530160927995e-05,0.0131580180940327,0.0,0.628334937925713
71502-0049,0.0,0.00773859958795456,0.227958335457931,0.0,0.0,0.0,0.00620346452319139,5.42450552919849e-06,0.000105235407266451,0.0,0.0,0.0,0.0,1.62735165875955e-05,1.0849011058397e-06,9.3301495102214e-05,0.026076682979963,0.0,0.731801597625368
71502-0050,2.98649209624867e-06,0.0277206196373801,0.392135371713739,0.0,0.0,1.49324604812433e-06,0.0252403379514456,1.19459683849947e-05,7.31690563580924e-05,2.98649209624867e-06,0.0,0.006449329681849,8.959476288746e-06,2.6878428866238e-05,2.98649209624867e-06,8.21285326468383e-05,0.0526652948712971,0.0,0.495575511959408
71601-0001,8.5891356881594e-07,0.0157030873218774,0.431159580558148,0.0,1.28837035322391e-06,0.0,0.0125697706228369,4.2945678440797e-07,5.84061226794839e-05,8.5891356881594e-07,0.0,1.71782713763188e-06,8.5891356881594e-07,5.15348141289564e-06,2.57674070644782e-06,3.99394809499412e-05,0.00479316717077736,8.5891356881594e-07,0.535661447192061
71601-0003,1.8237725099122e-05,0.157502817728528,0.241208504615968,0.0,0.0,0.0,0.00486217751142594,1.45901800792976e-05,0.000103955033064996,1.09426350594732e-05,1.45901800792976e-05,0.000731332776474794,2.18852701189464e-05,7.47746729064003e-05,1.09426350594732e-05,0.000100307488045171,0.00180553478481308,0.0,0.593519406763278
71601-0005,8.22710979900738e-06,0.0638302478784882,0.252438039038069,0.0,0.0,0.0,0.0101262731452414,1.7320231155805e-06,2.98773987437636e-05,1.7320231155805e-06,0.0,6.06208090453175e-06,6.49508668342688e-06,6.49508668342688e-06,4.33005778895125e-07,4.71976298995686e-05,0.000101323352261459,8.6601155779025e-07,0.673394999129658
71601-0006,4.42776574589052e-05,0.408655016957289,0.121784642610779,0.0,0.0,0.0,0.00235374404491863,1.86247289311268e-05,2.91670283261042e-05,2.10845987899549e-05,0.0,3.40867680437604e-05,4.56832973782356e-05,0.000121939263001906,1.05422993949774e-06,6.07939265110366e-05,0.0210037744945934,0.0,0.44582611039404
71601-0007,0.0,0.00554502702323296,0.269271601038815,0.0,0.0,0.0,0.0107522636344494,4.3868884677476e-06,2.63213308064856e-05,7.89639924194567e-05,5.26426616129712e-05,0.00110110900540465,1.31606654032428e-05,3.07082192742332e-05,2.1934442338738e-05,9.21246578226995e-05,0.00187320137572822,0.0,0.711136555064224
71601-0008,0.000312081235726321,0.791274762434649,0.0706489039949282,0.0,2.85545677790257e-05,0.0,0.0140050059906906,1.96132384744823e-05,6.34545950645016e-05,3.25925874649485e-05,0.0,8.59521333146431e-05,0.000269970459001698,2.19206782950096e-05,5.76859955131833e-07,6.05702952888424e-06,0.0675381866868798,8.65289932697749e-07,0.055691502218315
71601-0009,0.000158748576313904,0.282701196502451,0.208435726165056,0.0,1.73180265069714e-06,0.0,0.0224580167742405,1.44316887558095e-05,6.98493735781179e-05,1.55862238562742e-05,0.0,0.00264908078801639,2.8863377511619e-05,0.000120071650448335,9.23628080371806e-06,6.17676278748646e-05,0.00767246301013855,0.0,0.475603230158304
71601-0010,1.99792000328307e-05,0.38168047751368,0.148607989736091,0.0,1.61993513779708e-06,0.0,0.0021642333440969,1.4039437860908e-05,0.000181432735433273,2.05191784120964e-05,0.0,3.887844330713e-05,6.42574271326176e-05,0.000257569686909736,1.07995675853139e-06,0.000118255265059187,0.00810291555926101,0.0,0.458726752580827
71601-0011,4.42974752653973e-06,0.0144852744117849,0.384947274930065,0.0,0.0,0.0,0.00857377633761764,8.85949505307945e-06,8.41652030042548e-05,0.0,0.0,0.00221265888950659,2.21487376326986e-06,0.000197123764931018,0.0,7.30908341879055e-05,0.0741739074581444,0.0,0.515237224054415
71601-0014,5.54055296934855e-07,0.0623001938085429,0.441469598431802,0.0,0.0,0.0,0.0126717986961971,2.21622118773942e-06,3.93379260823747e-05,6.09460826628341e-06,2.21622118773942e-06,0.00708969157957841,1.88378800957851e-05,4.93109214272021e-05,5.54055296934855e-07,7.2581243898466e-05,6.03920273658992e-05,1.66216589080457e-06,0.476214960157884
71601-0015,0.0,0.0103852242744063,0.429962204949012,0.0,0.0,0.0,0.0152840333737431,1.14098267132568e-06,0.000821507523354489,0.0,5.7049133566284e-07,7.98687869927976e-05,0.0,2.73835841118163e-05,1.25508093845825e-05,0.0001043999144263,0.00105141553162661,5.7049133566284e-07,0.542269129287599
71601-0016,1.4087496501605e-06,0.0241675698317202,0.130858285420192,0.0,0.0,0.0,0.007150343640998,1.4087496501605e-06,1.83137454520865e-05,1.4087496501605e-06,0.0,1.87833286688067e-06,6.10458181736218e-06,6.10458181736218e-06,0.0,9.10991440437126e-05,2.20704111858479e-05,0.0,0.837674004060956
71601-0017,8.89582088184752e-05,0.134587910419616,0.258948290244534,0.0,7.99025827710855e-06,0.0,0.00331329376557434,5.3268388514057e-06,6.87162211831335e-05,6.39220662168684e-06,5.3268388514057e-07,4.2082026926105e-05,1.27844132433737e-05,5.11376529734947e-05,1.59805165542171e-06,7.51084278048204e-05,0.00140308935346026,5.3268388514057e-07,0.60138625654269
71601-0019,4.09940230714362e-06,0.0647346866826817,0.211948322934516,0.0,4.09940230714362e-06,0.0,0.00411323778993023,6.66152874910838e-06,3.89443219178644e-05,3.07455173035771e-06,0.0,1.0248505767859e-05,5.12425288392952e-06,1.94721609589322e-05,0.0,6.4053161049119e-05,0.00223109970566291,1.0248505767859e-06,0.716815850748961
71601-0020,8.20043839543662e-07,0.00757064472666709,0.283026650604741,0.0,8.20043839543662e-07,0.0,0.00374432017135636,4.10021919771831e-06,1.80409644699606e-05,0.0,0.0,2.46013151863099e-06,1.64008767908732e-06,0.000198450609169566,0.0,3.77220166190085e-05,0.000350978763324687,0.0,0.705043351617577
71601-0022,4.48982963790422e-05,0.565111509408887,0.26479937645246,0.0,7.18372742064675e-06,0.0,0.00409292869791349,8.97965927580844e-06,5.7469819365174e-05,3.59186371032338e-05,0.0,0.0150301536958482,8.6204729047761e-05,0.000594453444058519,1.79593185516169e-06,3.23267733929104e-05,0.0127367487168067,0.0,0.137360052010187
71601-0024,4.67899519513983e-07,0.0333907134110764,0.219200631102872,0.0,0.0,0.0,0.00167180498322346,9.35799039027967e-07,2.66702726122971e-05,0.0,0.0,7.48639231222373e-06,4.67899519513983e-07,6.55059327319577e-06,1.21653875073636e-05,0.000165168530388436,0.000113699583241898,4.67899519513983e-07,0.745402770245895
71601-0025,2.84653477089665e-06,0.0436952575781872,0.356286524599279,0.0,9.48844923632216e-07,0.0,0.0150695550771269,9.48844923632216e-06,1.89768984726443e-05,4.74422461816108e-06,0.0,0.0,6.64191446542551e-06,2.46699680144376e-05,0.0,5.59818504943008e-05,0.109633337856161,0.0,0.47519102620425
71601-0026,1.3439487364194e-06,0.014413850198098,0.151266806078949,0.0,0.0,0.0,0.00316096742805842,5.37579494567759e-06,2.28471285191298e-05,1.47834361006134e-05,1.07515898913552e-05,0.00263145162590918,6.71974368209699e-06,0.00310989737607449,9.40764115493579e-06,6.18216418752923e-05,0.272564899284482,0.0,0.552719077083524
71601-0027,0.000120936127154146,0.387232949704612,0.11498896854166,0.0,0.0,0.0,0.00390573866835283,1.0417718818522e-05,3.71414323095131e-05,2.9441379269736e-05,4.52944296457477e-07,9.73830237383576e-05,0.000524509495297759,0.000139053899012446,1.35883288937243e-06,0.000129089124490381,8.15299733623459e-06,0.0,0.492774406110762
71601-0029,0.0,0.00759735570937702,0.290202803645237,0.0,0.0,0.0,0.0447655744235845,6.22478960211145e-06,4.97983168168916e-05,3.11239480105572e-06,0.0,0.00328357651511379,3.11239480105572e-06,0.00211331606991684,6.22478960211145e-06,9.33718440316717e-05,0.0344355360788805,0.0,0.617439993028236
71601-0031,1.92155446069652e-06,0.0226166960023981,0.485719007248103,0.0,1.53724356855722e-05,0.0,0.0126918672129005,9.60777230348262e-06,9.41561685741297e-05,3.84310892139305e-06,0.0,0.000109528604259702,5.18819704388062e-05,0.000151802802395025,2.69017624497514e-05,0.000121057931023881,0.000463094625027863,0.0,0.477923260801058
71601-0032,0.000196364107209452,0.180692967329186,0.38685708812896,5.35052063241014e-07,1.01659892015793e-05,0.0,0.0310784990933543,1.49814577707484e-05,4.76196336284502e-05,3.37082799841839e-05,2.62175510988097e-05,9.04237986877313e-05,2.94278634782558e-05,6.63464558418857e-05,1.60515618972304e-06,6.74165599683677e-05,0.0363236144693059,1.07010412648203e-06,0.364461948969944
71601-0033,0.0,0.00162995638006483,0.188446683860062,0.0,0.0,0.0,0.00288436294818536,1.40392453063293e-06,1.12313962450634e-05,7.01962265316466e-07,0.0,0.0,7.01962265316466e-07,2.03569056941775e-05,2.1058867959494e-06,9.96786416749381e-05,0.00227154989056408,0.0,0.804631266241652
71601-0035,3.74569396230382e-05,0.637859057994217,0.141895949454881,0.0,0.0,0.0,0.00875102855547917,7.2497302496203e-06,4.047766056038e-05,2.59782000611394e-05,0.0,7.4309735058608e-05,4.047766056038e-05,0.000139557307305191,0.0,6.70600048089877e-05,0.0213432058548821,0.0,0.189718190902314
71601-0038,0.0,0.0173953275854456,0.266983050066521,0.0,4.22356480388261e-05,0.0,0.00454417176854097,1.919802183583e-06,3.64762414880771e-05,1.919802183583e-06,0.0,0.0,0.0,1.5358417468664e-05,1.919802183583e-06,7.67920873433202e-05,0.00990809906947188,0.0,0.700992729709131
71601-0039,0.000156398092709585,0.731177454709864,0.236407037705177,0.0,2.19444985316344e-05,0.0,0.0126020636885079,2.26411492786704e-05,4.98105284130749e-05,2.47311015197784e-05,2.08995224110804e-06,7.28000030652633e-05,3.79674657134627e-05,0.000103800961308366,3.48325373518006e-07,5.9215313498061e-06,2.82143552549585e-05,0.0,0.019286775931692
71601-0044,1.17102692034753e-06,0.00429727845536865,0.347011968675811,0.0,7.8068461356502e-07,0.0,0.00262270995927168,5.07444998817263e-06,1.63943768848654e-05,3.51308076104259e-06,0.0,2.34205384069506e-06,3.12273845426008e-06,0.000511348421885088,6.24547690852016e-06,0.000130764672772141,0.0076417313398812,7.8068461356502e-07,0.637744773902026
71601-0046,2.24809867054938e-06,0.00784061879665273,0.395436809318519,0.0,1.49873244703292e-06,0.0,0.398841929438178,5.24556356461523e-06,5.54531005402181e-05,1.42379582468128e-05,4.49619734109877e-06,0.00701406785211407,2.24809867054938e-06,0.00015886563938549,2.24809867054938e-06,2.09822542584609e-05,0.0130045014429047,0.0,0.177594549409837
71601-0051,0.0,0.0162035555789767,0.56880512069621,0.0,0.0,0.0,0.0216351673335416,7.52822142004841e-06,3.10539133576997e-05,4.70513838753025e-06,2.82308303251815e-06,1.69384981951089e-05,0.0,0.000113864348978232,5.6461660650363e-06,6.96360481354478e-05,0.00841749257529162,0.0,0.384686468398409
71601-0052,0.0,0.0303321948354254,0.130496225553114,0.0,1.74037896752018e-06,0.0,0.00979311245023604,6.09132638632062e-06,4.35094741880044e-06,4.35094741880044e-06,8.70189483760089e-06,1.74037896752018e-06,1.9144168642722e-05,4.35094741880044e-06,0.0,7.65766745708878e-05,5.22113690256053e-06,0.0,0.829246198359693
71601-0053,8.42234635651636e-05,0.165954536486306,0.394534677061506,0.0,1.55969376972525e-06,0.0,0.00516882515286949,4.67908130917576e-06,0.000106059176341317,2.33954065458788e-05,1.55969376972525e-06,6.4727291443598e-05,2.18357127761535e-05,2.4955100315604e-05,2.33954065458788e-06,9.67010137229656e-05,0.0372782407902033,0.0,0.396631685334901
71601-0055,1.74111631672647e-05,0.059741328152545,0.0669125509820622,0.0,1.45093026393872e-06,0.0,0.00128915153950956,3.62732565984681e-06,7.98011645166298e-06,2.17639539590809e-06,0.0,7.25465131969362e-06,3.62732565984681e-06,5.07825592378554e-06,0.0,0.000109545234927374,1.30583723754485e-05,0.0,0.871885759554739
71601-0067,0.0,0.021024776640624,0.38091854551943,0.0,0.0,0.0,0.0440744446285416,1.2745185506175e-05,0.000140197040567925,6.37259275308752e-06,0.0,0.0723066236729076,1.59314818827188e-06,2.07109264475344e-05,1.59314818827188e-06,5.09807420247002e-05,0.0519971705688176,0.0,0.429444246186003
71601-0074,6.14366342554289e-06,0.0110504026147432,0.461110098544361,0.0,4.0957756170286e-06,0.0,0.0109971575317218,4.0957756170286e-06,7.52598769629005e-05,5.11971952128575e-07,0.0,5.63169147341432e-06,5.11971952128575e-06,3.02063451755859e-05,2.55985976064287e-06,0.000128504959984272,0.0187033593551611,0.0,0.497876852314523
71601-0076,3.71360665478313e-05,0.174633590810061,0.317494800950683,0.0,0.0,0.0,0.00804986135868489,8.66508219449396e-06,4.58011487423252e-05,9.90295107942167e-06,0.0,4.20875420875421e-05,8.54129530600119e-05,5.81798375916023e-05,1.23786888492771e-05,0.00155228758169935,7.42721330956625e-06,0.0,0.497962467815409
71601-0077,3.67458938760212e-06,0.0276071900690547,0.279006060316548,0.0,9.1864734690053e-07,0.0,0.0400658853877197,2.75594204070159e-06,3.76645412229217e-05,2.75594204070159e-06,0.0,0.0,0.0,1.19424155097069e-05,1.83729469380106e-06,5.51188408140318e-05,0.0106902991758815,0.0,0.64251389683774
71601-0080,0.0,0.00325761381183606,0.407389629960373,0.0,0.0,0.0,0.00799240944354524,1.67438745325668e-05,9.67423861881639e-05,3.72086100723707e-06,3.72086100723707e-06,0.00934866328068315,0.0,0.000180461758850998,5.58129151085561e-06,0.000107904969209875,0.0307250097672601,0.0,0.540871797733996
71601-0081,3.64859786411081e-06,0.0274459693331296,0.483715294233067,0.0,8.10799525357958e-07,0.0,0.0606417235003351,4.86479715214775e-06,2.87833831502075e-05,4.05399762678979e-06,0.0,4.86479715214775e-06,1.25673926430483e-05,2.55401850487757e-05,2.02699881339489e-06,2.79725836248495e-05,0.314605621029869,2.02699881339489e-06,0.113474231372185
71601-0082,0.000194577794994785,0.45197274847119,0.401428617651087,0.0,1.77291840541946e-05,0.0,0.0151407231822822,2.21614800677432e-05,7.62354914330366e-05,2.57073168785821e-05,8.86459202709729e-07,8.24407058520048e-05,0.000183497054960914,0.000122774599575297,1.50698064460654e-05,4.74255673449705e-05,0.00961675266059649,0.0,0.121052652574034
71601-0084,0.000218767564511189,0.503755229386206,0.126429141185855,0.0,0.0,0.0,0.00181408795802355,2.6083824999411e-05,5.8057545966431e-05,3.44979620959952e-05,2.52424112897526e-06,8.24585435465251e-05,4.54363403215547e-05,7.74100612885746e-05,1.68282741931684e-06,4.79605814505299e-05,0.135551748625971,0.0,0.231854913351216
71601-0085,5.33649372350514e-05,0.264054156517137,0.438326253214404,0.0,0.0,0.0,0.00543988828939805,1.11176952573024e-05,3.89119334005583e-05,2.11236209888745e-05,8.8941562058419e-06,3.11295467204467e-05,4.44707810292095e-05,8.11591753783074e-05,4.44707810292095e-06,2.00118514631443e-05,0.121774339692284,4.44707810292095e-06,0.170086284432892
71601-0091,5.5714444898414e-06,0.0803550867288192,0.558960739887828,0.0,0.0,0.0,0.0411228317795194,5.5714444898414e-06,5.20001485718531e-05,7.42859265312187e-06,0.0,7.42859265312187e-06,1.67143334695242e-05,2.41429261226461e-05,5.5714444898414e-06,5.01430004085726e-05,0.017984622813208,0.0,0.301402146863277
71601-0095,0.0,0.00211513758263917,0.421322348182318,0.0,0.0,0.0,0.068937086424552,4.555213745813e-06,0.000150322053611829,1.51840458193767e-06,0.0,0.00583826561755033,4.555213745813e-06,0.00101733106989824,4.555213745813e-06,5.31441603678183e-05,0.061386060438576,0.0,0.439165120424667
71601-0098,1.17370065469023e-06,0.00710323636218524,0.313125142311204,0.0,5.86850327345113e-07,0.0,0.0699965727940883,4.6948026187609e-06,1.5844958838318e-05,8.80275491017669e-06,3.52110196407068e-06,2.34740130938045e-06,1.17370065469023e-06,7.04220392814135e-06,0.0,5.80981824071661e-05,0.000496475376933965,2.34740130938045e-06,0.609172940096666
71601-0101,0.000190617830782557,0.271837192165675,0.198765227535722,0.0,2.35746433830017e-05,0.0,0.00443472720096238,1.34712247902867e-05,3.97401131313458e-05,1.81861534668871e-05,0.0,2.29010821434874e-05,0.000117199655675494,9.90135022086073e-05,0.0,5.79262665982328e-05,1.81861534668871e-05,0.0,0.524362036471994
71601-0110,4.20177335844593e-06,0.0107218751674144,0.205765043136456,0.0,0.0,0.0,0.00669342496000437,4.20177335844593e-06,2.73115268298986e-05,4.20177335844593e-06,7.35310337728038e-06,0.00245068431131359,1.05044333961148e-06,2.62610834902871e-05,2.10088667922297e-06,0.000109246107319594,0.0057081091074488,0.0,0.768474934846252
71601-0124,0.000125373188177038,0.639628751048535,0.195412604064256,0.0,0.0,0.0,0.00788678530517999,2.43530653293527e-05,5.59218537192543e-05,5.59218537192543e-05,0.0,4.05884422155878e-05,0.000112745672821077,0.000178589145748586,0.0,1.35294807385293e-05,0.0592555177732279,0.0,0.0972093191063327
71601-0131,1.56398089440939e-06,0.000481706115478093,0.468632799181725,0.0,0.0,0.0,0.00316549733028461,3.12796178881879e-06,3.44075796770067e-05,0.0,0.0,0.0,0.0,2.03317516273221e-05,0.0,0.000111042643503067,0.00519867249301682,0.0,0.522350850962005
71601-0134,7.94252786834466e-06,0.102947074965549,0.466143982145197,0.0,3.97126393417233e-06,0.0,0.00946252913914912,1.09209758189739e-05,9.53103344201359e-05,1.58850557366893e-05,5.95689590125849e-06,5.95689590125849e-06,1.1913791802517e-05,2.77988475392063e-05,1.98563196708616e-06,5.55976950784126e-05,0.00436640469562248,0.0,0.416836769138514
71601-0135,0.000145353083822713,0.495061647237561,0.199596809536331,0.0,1.826043766617e-05,0.0,0.00841075758903789,1.4608350132936e-05,0.000100067198410612,3.652087533234e-05,7.30417506646799e-07,0.0268099745814708,7.08504981447395e-05,9.86063633973179e-05,7.30417506646799e-07,8.76501007976159e-05,1.60691851462296e-05,0.0,0.269531364127735
71601-0137,1.62946330367167e-06,0.0113589886898952,0.815099910542465,0.0,3.25892660734334e-06,0.0,0.0269448051895147,1.14062431257017e-05,8.47320917909268e-05,9.77677982203002e-06,1.62946330367167e-06,0.0225973970953187,6.02901422358518e-05,0.000211830229477317,0.0,3.74776559844484e-05,0.00643149165959208,0.0,0.117145375827564
71601-0138,0.0,0.00785395637288618,0.571126335729738,0.0,0.0,0.0,0.0551283184310531,3.07395552754841e-06,4.22668885037906e-05,6.91639993698391e-06,0.0,8.45337770075811e-06,7.68488881887101e-07,7.76173770705972e-05,3.84244440943551e-06,6.45530660785165e-05,0.0391245374657542,2.3054666456613e-06,0.326557054535814
71601-0141,0.000288124726612888,0.642319313356221,0.177449252026814,0.0,0.0,0.0,0.00735520337210576,1.6743325517456e-05,5.44158079317319e-05,4.81370608626859e-05,0.0,0.000171619086553924,6.34851092536872e-05,2.02315183335926e-05,0.0,1.60456869542286e-05,0.000406025643798307,5.58110850581865e-06,0.171785822170535
71601-0143,5.6057810891523e-05,0.321529766697583,0.144290257152467,0.0,0.0,0.0,0.00337875714737089,1.27404115662552e-05,4.33173993252678e-05,7.64424693975314e-05,6.62501401445272e-05,1.01923292530042e-05,5.86058932047741e-05,0.000160529185734816,0.0,3.82212346987657e-05,0.0999204998318266,0.0,0.430358362296536
71601-0155,5.34269300704873e-05,0.409236701222118,0.541309883438738,0.0,1.35831178145307e-05,0.0,0.0169426756206579,1.99219061279783e-05,5.16158476952166e-05,2.17329885032491e-05,2.71662356290614e-06,4.98047653199458e-05,0.000115003730829693,9.05541187635378e-06,3.62216475054151e-06,2.26385296908845e-05,9.23652011388086e-05,9.05541187635378e-07,0.0320543469599171
71601-0160,0.0,0.029940370377713,0.305111141950221,0.0,0.0,0.0,0.00523604034636726,4.40558716564347e-06,3.08391101595043e-05,0.0,0.0,2.20279358282173e-06,0.0,1.10139679141087e-05,0.0,9.47201240613346e-05,0.000185034660957026,0.0,0.659384231081858
71601-0161,1.64204661040528e-05,0.445266481358666,0.198261619988451,0.0,0.0,0.0,0.00650341682532182,8.21023305202642e-06,3.74021727925648e-05,2.37184510391874e-05,0.0,3.01041878574302e-05,5.1998142662834e-05,0.000187923112079716,2.73674435067547e-06,4.92613983121585e-05,0.0135140436036355,0.0,0.336046663315675
71601-0162,1.29331305418464e-06,0.0104706624866789,0.622586677840892,0.0,0.0,0.0,0.0355906819381072,0.0,4.13860177339086e-05,3.87993916255393e-06,0.0,0.0267702869085679,5.17325221673858e-06,1.16398174876618e-05,5.30258352215704e-05,7.242553103434e-05,0.030469162243536,0.0,0.273923704876308
71602-0001,2.31501309139903e-07,0.0108560223908066,0.437163368158847,0.0,3.00951701881874e-06,0.0,0.0130999645802997,1.15750654569952e-06,2.82431597150682e-05,2.31501309139903e-07,2.31501309139903e-07,3.24101832795864e-06,4.72262670645403e-05,1.94461099677519e-05,0.0,6.96818940511109e-05,0.000105564596967796,4.63002618279806e-07,0.538601917293842
71602-0003,0.0,0.000471897986266093,0.247416253814102,0.0,0.0,0.0,0.00121953518048353,2.09422183254183e-06,4.6770954260101e-05,1.39614788836122e-06,0.0,0.00106735506065215,0.0,8.37688733016734e-05,6.91093204738805e-05,8.4466947245854e-05,0.00653257596964216,0.0,0.743004775523852
71602-0005,0.0,0.0529178160322451,0.36449077009084,0.0,2.12027470279049e-06,0.0,0.00747396832733649,0.0,3.74581864159654e-05,0.0,0.0,3.53379117131749e-06,2.82703293705399e-06,8.48109881116197e-06,7.06758234263498e-07,9.39988451570452e-05,4.16987358215464e-05,0.0,0.574926620826328
71602-0006,4.42754399049155e-05,0.116706170530447,0.192614018980402,0.0,3.29074215509507e-06,0.0,0.0223252922552982,3.8890589105669e-06,2.42318285966092e-05,5.98316755471831e-06,2.99158377735916e-07,1.79495026641549e-05,1.25646518649085e-05,6.58148431019014e-06,8.97475133207747e-06,5.77375669030317e-05,3.94889058611409e-05,5.98316755471831e-07,0.668128653658662
71602-0007,2.17113304920439e-06,0.0119282049723289,0.503092779028592,0.0,0.0,0.0,0.0117480009292449,4.34226609840878e-06,0.00157407146067318,0.0,0.0,0.00481774423618454,0.000345210154823498,0.000197573107477599,6.51339914761317e-06,5.86205923285185e-05,0.0113962773752738,0.0,0.454828491344778
71602-0008,7.19637524114777e-05,0.580985054604804,0.179649665691466,4.6130610520178e-07,0.0,0.0,0.0070233854516971,3.69044884161424e-06,5.72019570450207e-05,2.5141182733497e-05,0.0,6.34295894652447e-05,7.17330993588768e-05,0.000132856158298113,2.3065305260089e-07,2.37572644178917e-05,0.0275593493369647,0.0,0.204332079503339
71602-0009,3.58078369396074e-05,0.0566036934266522,0.211218291856934,0.0,0.0,0.0,0.0174930387137339,3.64147494301092e-06,3.45940119586037e-05,3.64147494301092e-06,0.0,0.00489899762333069,9.10368735752729e-06,1.09244248290328e-05,3.15594495060946e-05,7.76847987842329e-05,0.00467322617686401,6.0691249050182e-07,0.704905188130734
71602-0010,6.83932710791725e-06,0.168348571191289,0.294648959323102,0.0,4.88523364851232e-07,0.0,0.0190304276777798,1.02589906618759e-05,2.83343551613715e-05,1.17245607564296e-05,0.0,2.19835514183055e-05,2.97999252559252e-05,0.00010698661690242,0.0,6.49736075252139e-05,0.00181339873032777,0.0,0.515877253619347
71602-0011,0.0,0.0283112818324086,0.40525984187956,0.0,3.48410811187471e-06,0.0,0.00488355820347772,2.32273874124981e-06,3.54217658040596e-05,0.0,5.80684685312452e-07,0.000700305730486817,3.48410811187471e-06,0.000234015928180918,0.0,4.00672432865592e-05,0.0258073694693413,0.0,0.534718266307804
71602-0014,2.03713700764945e-05,0.239049450428683,0.22885894059226,0.0,3.21653211734124e-06,5.36088686223539e-07,0.0102698509619843,6.43306423468247e-06,9.64959635202371e-05,1.23300397831414e-05,0.0,0.00548472334875303,3.43096759183065e-05,0.000171012290905309,2.14435474489416e-06,9.43516087753429e-05,0.00694288457528106,0.0,0.508952949104276
71602-0015,5.14138445172928e-05,0.044626492902355,0.278580485477037,0.0,1.44827731034628e-06,0.0,0.00527679838024666,1.44827731034628e-05,0.00624497176221314,3.62069327586569e-06,0.0,0.00160469125986367,2.17241596551941e-06,0.000201310546138132,7.24138655173138e-06,8.03793907242183e-05,0.0107302865923556,0.0,0.652574204298342
71602-0016,3.69793766016692e-05,0.228828382411129,0.0745615170419457,0.0,0.0,0.0,0.00733116141128093,1.57162350557094e-05,1.94141727158764e-05,1.66407194707512e-05,0.0,2.12631415459598e-05,1.84896883008346e-05,1.84896883008346e-05,1.84896883008346e-06,6.84118467130881e-05,4.25262830919196e-05,0.0,0.689019159015017
71602-0017,7.6229922150192e-06,0.0872553098905148,0.215072878981822,3.176246756258e-07,0.0,0.0,0.0163541769232968,5.3996194856386e-06,2.35042259963092e-05,3.176246756258e-06,3.176246756258e-07,7.6229922150192e-06,5.7172441612644e-06,4.09735831557282e-05,1.588123378129e-06,5.43138195320118e-05,0.0113849388731312,0.0,0.669782141234988
71602-0019,0.0,0.025461201116306,0.320951381436606,0.0,0.0,0.0,0.0078932481133577,7.87906579492683e-07,4.17590487131122e-05,1.57581315898537e-06,0.0,5.04260210875317e-05,7.87906579492683e-07,0.000107943201390498,0.0,0.000180430606703824,0.00324538720093036,0.0,0.642065071628587
71602-0020,1.23441140178334e-05,0.0906993272932634,0.434355188587202,0.0,0.0,4.74773616070517e-07,0.00591330538815829,9.97024593748086e-06,9.92276857587381e-05,6.64683062498724e-06,9.49547232141034e-07,0.00795957967342222,1.18693404017629e-05,0.00438643343887551,9.49547232141034e-07,6.93169479462955e-05,0.0399745141522893,0.0,0.416499902434022
71602-0022,1.10747367535074e-05,0.172618599355893,0.350147736988292,0.0,2.21494735070147e-06,0.0,0.00170550946004013,1.21822104288581e-05,3.21167365851714e-05,5.53736837675368e-06,0.0,0.02401335170263,3.87615786372758e-05,0.00010520999915832,1.43971577795596e-05,9.52427360801634e-05,3.10092629098206e-05,4.42989470140295e-06,0.451162625864383
71602-0024,1.75672826927131e-06,0.0123814208418242,0.674112852224018,0.0,1.75672826927131e-06,0.0,0.0630524910406858,3.51345653854262e-06,0.00018796992481203,3.51345653854262e-06,1.75672826927131e-06,5.27018480781393e-06,0.000895931417328368,7.02691307708524e-06,7.02691307708524e-06,0.000137024805003162,0.000159862272503689,0.0,0.249040826364978
71602-0025,1.49838212190387e-06,0.00310165099234102,0.437984586143112,0.0,0.0,0.0,0.0736170120312593,2.24757318285581e-06,4.34530815352124e-05,2.99676424380775e-06,0.0,0.0130411687979904,1.49838212190387e-06,4.19546994133085e-05,5.9935284876155e-06,0.000106385130655175,0.029133043596177,0.0,0.442916510897359
71602-0026,7.57140401844697e-07,0.00654926447595663,0.627037180893713,0.0,0.0,0.0,0.136217129695879,6.05712321475757e-06,8.63140058102954e-05,3.02856160737879e-05,7.57140401844697e-07,3.02856160737879e-06,3.02856160737879e-06,1.51428080368939e-06,3.02856160737879e-06,5.37569685309735e-05,0.0122967172663597,1.51428080368939e-06,0.217709665427228
71602-0027,0.0,0.0130833667107306,0.320692897576371,0.0,0.0,0.0,0.00726452604382438,3.43801516508489e-06,8.76693867096648e-05,0.0,0.0,3.43801516508489e-06,3.43801516508489e-05,0.000128925568690683,1.71900758254245e-06,0.000110016485282717,0.0041307752208495,0.0,0.654458847817978
71602-0029,6.74319841967821e-06,0.0902406753987537,0.164743080591158,0.0,0.0,0.0,0.00691994119930978,3.19414661984758e-06,2.30688366988992e-05,7.80791395962741e-06,7.09810359966128e-07,4.25886215979677e-06,1.73903538191701e-05,1.98746900790516e-05,0.0,9.22753467955966e-05,0.00315759138630932,0.0,0.734763388265557
71602-0031,0.0,0.003452678381829,0.342234619589296,0.0,0.0,0.0,0.0045000170405539,6.55405919101937e-06,4.32567906607278e-05,0.0,0.0,1.31081183820387e-06,5.24324735281549e-06,1.31081183820387e-06,1.31081183820387e-06,0.000199243399406989,0.000256919120287959,0.0,0.649297535935907
71602-0032,0.00025683162825669,0.553120411228381,0.37521612009298,0.0,1.20971419106412e-05,0.0,0.0126247634078207,1.48887900438661e-05,4.55969195093399e-05,4.37358207538567e-05,0.0,7.72355983525554e-05,7.35134008415889e-05,0.000183318227415101,0.0,5.58329626644979e-06,0.00920592499399796,0.0,0.0491199794534697
71602-0033,1.1245229211507e-06,0.0213749316852325,0.194654917651186,0.0,1.1245229211507e-06,0.0,0.00731389707916416,4.49809168460281e-06,1.46187979749591e-05,1.1245229211507e-06,0.0,0.0,0.0,0.000100082539982412,1.1245229211507e-06,4.1607348082576e-05,0.000530774818783131,0.0,0.775960173896225
71602-0035,0.000128278656535594,0.743537029432825,0.176571837744468,0.0,0.0,0.0,0.0169925102911383,2.37553067658507e-05,4.41169982794371e-05,5.09042287839658e-05,0.0,8.41616582561569e-05,0.000177825439218654,0.000177146716168201,0.0,1.49319071099633e-05,0.00823358932504386,0.0,0.0539639122954074
71602-0038,0.0,0.0123890731528529,0.199498385307846,0.0,3.19635530259363e-06,0.0,0.00170578827981747,1.06545176753121e-06,1.91781318155618e-05,0.0,0.0,0.0,0.0,0.000340944565609987,6.39271060518726e-06,0.000110806983823246,0.00576515951411138,0.0,0.780160009546448
71602-0039,0.000576051452156078,0.849071806576934,0.127283858622324,0.0,0.0,0.0,0.0155325898622179,5.06418859038311e-05,8.77189809405645e-05,7.86757870291661e-05,1.98950266050765e-05,0.000160064532231752,8.86233003317044e-05,0.0,0.0,5.42591634683904e-06,9.0431939113984e-06,0.0,0.00703560486306796
71602-0044,0.000242821195496849,0.309369245083945,0.340375148002742,0.0,0.0,2.14886013714025e-06,0.00499395095871395,3.00840419199636e-05,0.000410432286193789,1.93397412342623e-05,0.0,0.00265813998964249,2.79351817828233e-05,0.000100996426445592,0.000154717929874098,9.45498460341712e-05,0.00670444362787759,0.0,0.33481604682796
71602-0046,0.0,0.00783177873675129,0.673830734383159,0.0,8.73205344715274e-07,0.0,0.0281346762067261,9.60525879186801e-06,3.31818030991804e-05,1.13516694812986e-05,0.0,0.00190009483010044,5.23923206829164e-06,2.09569282731666e-05,1.04784641365833e-05,0.00033443764702595,0.000414772538739755,0.0,0.287461819096302
71602-0051,8.40204808324077e-07,0.0261883436706532,0.21995721677116,0.0,0.0,0.0,0.0115040842355733,5.88143365826854e-06,1.0922662508213e-05,1.68040961664815e-06,0.0,1.42834817415093e-05,5.04122884994446e-06,1.51236865498334e-05,1.68040961664815e-06,6.38555654326299e-05,1.59638913581575e-05,8.40204808324077e-07,0.742214242143665
71602-0052,1.4207471709372e-06,0.0537795426614857,0.109537475758501,0.0,0.0,0.0,0.00399372029750446,2.13112075640579e-06,3.76498000298357e-05,7.10373585468598e-07,7.10373585468598e-07,7.10373585468598e-07,1.4207471709372e-06,1.4207471709372e-06,1.4207471709372e-06,1.27867245384348e-05,0.000345241562537739,0.0,0.832283637965206
71602-0053,3.53843268662579e-06,0.0359127328141273,0.288777388943341,0.0,0.0,0.0,0.00816670264073231,4.71791024883438e-06,2.24100736819633e-05,0.0,0.0,0.0,1.1794775622086e-06,7.07686537325157e-06,0.0,0.00011794775622086,0.00348299724120198,0.0,0.663503307844823
71602-0055,6.54014956069676e-05,0.87480623067525,0.101377884275532,0.0,4.8703241409444e-05,0.0,0.003002902713188,9.74064828188879e-06,3.33965083950473e-05,2.50473812962855e-05,0.0,4.17456354938091e-05,0.000449461342150012,0.000148892766594586,5.00947625925709e-05,6.95760591563485e-06,0.0010060698154008,0.0,0.0189274711328931
71602-0067,1.56045538546592e-05,0.0371299212861719,0.353953636641276,0.0,0.0,0.0,0.0152590244478774,4.45844395847405e-06,4.79282725535961e-05,2.22922197923703e-06,0.0,8.91688791694811e-06,1.11461098961851e-06,6.35328264082553e-05,1.11461098961851e-06,8.80542681798625e-05,0.0582473410954843,0.0,0.53517712283236
71602-0074,1.22526871674544e-06,0.000417816632410195,0.390383478476623,0.0,0.0,0.0,0.00439748942439939,4.28844050860904e-06,7.47413917214719e-05,0.0,0.0,5.63623609702903e-05,2.45053743349088e-06,7.35161230047265e-06,0.0,3.36948897104996e-05,0.00201556703904625,6.12634358372721e-07,0.602604921291801
71602-0076,0.0005672253308713,0.459356357488287,0.176347434035711,0.0,1.21722174006717e-06,0.0,0.00527300457797096,2.43444348013433e-05,2.1909991321209e-05,3.40822087218807e-05,1.21722174006717e-06,9.12916305050375e-05,4.50372043824852e-05,0.000141197721847791,1.21722174006717e-06,0.000720595270119762,4.3819982642418e-05,0.0,0.357330048457597
71602-0077,2.83806490948041e-05,0.379321076155068,0.255735093064063,0.0,0.0,0.0,0.0266161556355651,1.46796460835194e-05,7.24195873453622e-05,2.3487433733631e-05,0.0,5.28467259006697e-05,0.000229981121975137,9.8842950295697e-05,2.93592921670387e-06,4.99107966839658e-05,0.00662052038366723,0.0,0.331133669921307
71602-0080,1.64552772988479e-05,0.292086657146984,0.350279831132288,0.0,0.0,0.0,0.0089754395844494,1.27985490102151e-05,0.000100560027937404,2.19403697317973e-05,1.82836414431644e-06,1.82836414431644e-05,8.04480223499233e-05,0.000104216756226037,0.0,4.02240111749617e-05,0.117126835449055,0.0,0.231134481667907
71602-0081,3.45892408377276e-05,0.587420131653807,0.361944797957088,0.0,5.9636622134013e-07,0.0,0.0285331418600185,1.90837190828842e-05,4.47274666005098e-05,5.12874950352512e-05,0.0,3.33965083950473e-05,0.000104364088734523,0.00018487352861544,0.0,7.15639465608156e-06,0.0013716423090823,1.78909866402039e-06,0.0202484223131614
71602-0082,3.45466102865987e-05,0.0670204239560014,0.639063925047674,0.0,0.0,0.0,0.0567393527347097,1.38186441146395e-05,0.000124367797031755,1.38186441146395e-05,6.90932205731974e-06,1.38186441146395e-05,2.07279661719592e-05,4.14559323439184e-05,9.67305088024763e-05,3.45466102865987e-05,0.000760025426305171,6.90932205731974e-06,0.236008622833928
71602-0084,0.000120144173007609,0.148190920013107,0.362702151672917,0.0,0.0,0.0,0.0590170022208468,1.67473695707576e-05,0.000190774383806022,5.82517202461135e-06,2.18443950922926e-06,0.0264615720683001,0.000168201842210653,0.00295627480249026,5.89798667491899e-05,8.95620198783995e-05,0.0114428222958459,7.28146503076419e-07,0.388576109513234
71602-0085,1.2250098000784e-05,0.0725091467398406,0.271686756827388,0.0,0.0,0.0,0.00937377499019992,4.9000392003136e-06,4.5733699202927e-05,4.9000392003136e-06,0.0,1.30667712008363e-05,2.61335424016725e-05,0.000134751078008624,2.4500196001568e-06,7.18672416045995e-05,0.00889193780216908,0.0,0.637222331111982
71602-0091,2.29543117379168e-06,0.0390888974584986,0.429415491405906,0.0,0.0,0.0,0.00379664316145145,2.29543117379168e-06,0.000107885265168209,4.59086234758337e-06,0.0,1.60680182165418e-05,1.60680182165418e-05,9.18172469516674e-06,2.29543117379168e-06,0.000146907595122668,0.0185838107830175,0.0,0.508807569413839
71602-0095,8.24618150257796e-06,0.106018063260581,0.46111203880653,0.0,2.06154537564449e-06,0.0,0.0156553755826443,6.18463612693347e-06,4.22616802007121e-05,7.21540881475572e-06,0.0,0.0131526594966118,1.85539083808004e-05,0.000203062219500982,6.18463612693347e-06,9.07079965283576e-05,0.0428492206327707,0.0,0.360828164008304
71602-0098,1.68644871003538e-06,0.00335856260603546,0.545923684822973,0.0,3.37289742007076e-06,0.0,0.0136399971667662,1.43348140353007e-05,0.000139132018577919,1.096191661523e-05,0.0,7.58901919515922e-06,2.52967306505307e-06,1.60212627453361e-05,1.68644871003538e-06,9.69708008270344e-05,0.000849126925502815,1.68644871003538e-06,0.435932656730111
71602-0101,6.57007701272881e-05,0.499243012865925,0.185901757352773,0.0,5.71311044585114e-06,0.0,0.00281942000502754,5.71311044585114e-06,2.85655522292557e-05,3.14221074521813e-05,2.85655522292557e-06,7.14138805731392e-05,4.28483283438835e-05,1.14262208917023e-05,0.0,3.42786626751068e-05,3.71352178980324e-05,0.0,0.311698736259969
71602-0110,0.0,0.0152685326169275,0.372401367973788,0.0,0.0,0.0,0.00592230610406486,6.37750017936719e-06,5.26143764797793e-05,2.3915625672627e-06,0.0,0.00167568817212873,7.97187522420899e-07,3.90621885986241e-05,1.5943750448418e-06,4.62368763004121e-05,0.0107365215519647,0.0,0.593846509514433
71602-0124,5.18118607711677e-05,0.623044799723245,0.179277009323744,0.0,2.39131665097697e-06,0.0,0.00898577086882114,3.10871164627006e-05,3.18842220130263e-05,4.22465941672598e-05,1.59421110065131e-06,0.000630510490307595,0.000129928204703082,0.000234349031795743,7.97105550325657e-07,2.63044831607467e-05,2.63044831607467e-05,0.0,0.187483210964346
71602-0131,0.0,0.0126753101172152,0.263904082114985,0.0,0.0,0.0,0.0228987893596434,5.41243018716785e-06,3.48801056506373e-05,4.81104905526031e-06,4.20966792335277e-06,0.00221428532768356,1.80414339572262e-06,0.00205431794659615,3.60828679144523e-06,4.08939169697126e-05,0.0402155590529209,6.01381131907539e-07,0.65594143509985
71602-0134,5.23746948519341e-07,0.00572088791867676,0.600543963580732,0.0,0.0,0.0,0.00278057254968918,4.18997558815473e-06,0.000189072648415482,1.57124084555802e-06,0.0,2.61873474259671e-06,1.57124084555802e-06,2.19973718378123e-05,4.18997558815473e-06,8.85132342997687e-05,0.000306915711832334,0.0,0.390333412069958
71602-0135,9.27779767349946e-07,0.00890483020702478,0.293359323537216,0.0,0.0,0.0,0.031984279699622,3.71111906939978e-06,2.13389346490487e-05,2.78333930204984e-06,0.0,0.00913677514886226,1.85555953469989e-06,9.83446553390942e-05,4.63889883674973e-06,0.000115972470918743,5.65945658083467e-05,0.0,0.656308624084049
71602-0137,5.76291558975208e-05,0.369679412395692,0.604762299103068,0.0,1.45283586296271e-06,0.0,0.00867197726602442,1.54969158716022e-05,9.73400028185016e-05,2.85724386382666e-05,1.45283586296271e-06,0.00845502044382198,3.38995034691299e-05,1.84025875975277e-05,4.8427862098757e-07,1.79183089765401e-05,1.0169851040739e-05,4.8427862098757e-07,0.00814798779811587
71602-0138,1.2698686828795e-06,0.0108370593396937,0.502009567190657,0.0,0.0,0.0,0.0161603488583246,6.34934341439752e-06,2.41275049747106e-05,1.2698686828795e-06,0.0,0.0,0.000129526605653709,3.17467170719876e-05,2.53973736575901e-06,4.31755352179031e-05,1.90480302431926e-05,0.0,0.470733971400018
71602-0141,2.38013001045043e-05,0.144793271870627,0.702606076305861,0.0,0.0,0.0,0.00436947588430133,7.74926049914094e-06,5.70124165293941e-05,9.40981632038543e-06,4.42814885665196e-06,2.10337070690968e-05,1.54985209982819e-05,2.76759303540748e-06,4.98166746373346e-06,3.09970419965638e-05,0.00263973023717165,2.76759303540748e-06,0.14541099863613
71602-0143,5.74530138806482e-06,0.0900468050553081,0.241451513834686,0.0,0.0,0.0,0.0142664538467752,6.78990164044024e-06,2.2284805384009e-05,7.13810172456538e-06,0.0,6.96400168250281e-06,2.21107053419464e-05,3.4820008412514e-05,5.50156132917722e-05,0.000165917340085629,0.0541982135942884,8.70500210312851e-07,0.599709357389781
71602-0155,6.14830052190288e-06,0.0748801520562552,0.194473380493726,0.0,4.39164322993063e-07,0.0,0.0100142640572108,7.02662916788901e-06,3.5133145839445e-05,4.83080755292369e-06,0.0,7.46579349088207e-06,1.01007794288404e-05,2.28365447956393e-05,0.0,8.87111932445987e-05,0.000540172117281467,8.78328645986126e-07,0.719908460588515
71602-0160,0.0,0.000279040965507224,0.201992530876074,0.0,0.0,0.0,0.00290890650343832,3.82247897955101e-06,3.31281511561088e-05,0.0,0.0,0.000462519956525672,0.0,0.000197494747276802,0.0,5.86113443531155e-05,0.000736464283393495,0.0,0.793327480693296
71602-0161,0.0,0.00512087798078853,0.419640219134334,0.0,2.36816643022592e-05,0.0,0.00970271617412564,1.12769830010758e-06,6.54065014062398e-05,0.0,0.0,0.0,5.63849150053791e-06,1.57877762015062e-05,2.25539660021516e-05,0.00921103971527873,0.00127542677742168,0.0,0.554915524120339
71602-0162,3.81381435066831e-05,0.00263868280386864,0.29481023294063,0.0,2.38363396916769e-06,0.0,0.00307607963721091,8.34271889208693e-06,3.33708755683477e-05,0.0,0.0,4.76726793833539e-06,4.76726793833539e-06,2.26445227070931e-05,5.95908492291924e-06,0.000125140783381304,9.77289927358755e-05,0.0,0.699131761326731
71701-0001,6.30892934314582e-07,0.00896057234607001,0.206202308437247,0.0,0.0,6.30892934314582e-07,0.0165502143458744,3.15446467157291e-06,7.94925097236374e-05,1.89267880294375e-05,1.89267880294375e-05,0.0087567939282864,2.52357173725833e-06,0.000345098435070076,1.89267880294375e-06,6.30892934314582e-05,0.307339492951349,0.0,0.451656251675809
71701-0002,3.58555630354244e-06,0.045857472344156,0.424553172455398,0.0,0.0,0.0,0.175522841338237,4.48194537942805e-06,0.0001245980815481,3.2270006731882e-05,4.21302865666237e-05,0.00638318660938143,0.000123701692472214,0.00066153513800358,7.17111260708488e-06,7.88822386779337e-05,0.011339321809953,0.0,0.335265649384584
71701-0004,6.05054016197296e-06,0.0871652916814149,0.225150885345289,0.0,3.63032409718378e-06,6.05054016197296e-07,0.0077416661372444,1.21010803239459e-06,6.35306717007161e-05,3.63032409718378e-06,4.84043212957837e-06,0.0113447628036993,3.56981869556405e-05,0.000169415124535243,3.93285110528242e-05,6.9581211862689e-05,0.071255396325507,0.0,0.596944477218204
71701-0006,4.32350376745314e-06,0.0339851415587192,0.200185430272693,9.60778614989588e-07,0.0,0.0,0.00292076698956835,0.0,2.49802439897293e-05,7.20583961242191e-06,6.72545030492711e-06,2.25782974522553e-05,2.88233584496876e-05,1.77744043773074e-05,4.80389307494794e-06,9.89601973439275e-05,8.31073501965993e-05,9.60778614989588e-07,0.76260745708322
71701-0007,0.0,0.0133438563041451,0.1922484998813,0.0,0.0,0.0,0.0120556482083042,3.72099392212853e-07,2.19538641405583e-05,1.48839756885141e-06,7.44198784425706e-07,1.41397769040884e-05,1.11629817663856e-06,4.09309331434138e-05,1.11629817663856e-06,6.54894930294621e-05,6.58615924216749e-05,0.0,0.782138782654512
71701-0008,0.0,0.0124182208296797,0.327272200090324,4.39318669461905e-07,0.0,4.39318669461905e-07,0.0717991681061675,8.7863733892381e-07,3.64634495653381e-05,1.31795600838571e-06,0.0,7.02909871139048e-06,8.7863733892381e-07,0.000389236341143248,0.000207358411986019,9.62107886121572e-05,0.0230189803237954,4.39318669461905e-07,0.564750739373321
71701-0009,3.37810162512024e-06,0.0291096647205986,0.366069671656967,0.0,0.0,2.8150846876002e-07,0.00700449371968682,1.4075423438001e-06,8.36080152217259e-05,1.68905081256012e-06,1.12603387504008e-06,0.00369113904238138,1.32308980317209e-05,7.88223712528056e-05,0.0319627530514814,4.84194566267234e-05,0.0933197758854779,1.4075423438001e-06,0.468609131402805
71701-0010,2.13269068254099e-06,0.0385942369366031,0.34653557727938,0.0,0.0,0.0,0.010555219360566,5.33172670635249e-07,6.07816844524183e-05,2.66586335317624e-06,2.66586335317624e-06,0.000264986817305719,6.39807204762298e-06,3.94547776270084e-05,6.93124471825823e-06,9.49047353730742e-05,0.0153820315478269,0.0,0.588451479954041
71701-0012,8.87856744700267e-06,0.0414876155564854,0.201262069061358,3.86024671608812e-07,0.0,0.0,0.00930975700518972,3.86024671608812e-07,3.47422204447931e-05,1.54409868643525e-06,1.54409868643525e-06,4.63229605930574e-06,5.01832073091455e-06,3.39701711015754e-05,0.0,3.0881973728705e-05,3.51282451164019e-05,0.0,0.747783446335622
71701-0013,6.82732111849726e-06,0.0357595167166958,0.327066800785597,0.0,0.0,0.0,0.0143561494819201,5.68943426541438e-07,8.5057042267945e-05,5.68943426541438e-06,1.33701705237238e-05,7.3962645450387e-06,1.4223585663536e-06,0.000235258106874885,1.70683027962432e-06,5.91701163603096e-05,0.131576417067392,8.53415139812158e-07,0.490823795945026
71701-0014,4.0576099460135e-06,0.0160103144444828,0.185800495434174,0.0,0.0,5.07201243251687e-07,0.0623340183931459,1.01440248650337e-06,7.10081740552362e-05,1.42016348110472e-05,1.11584273515371e-05,0.0172022373661242,1.6230439784054e-05,0.000118177889677643,5.07201243251687e-07,7.50657840012497e-05,0.190931343210908,0.0,0.527409662386564
71701-0015,0.0,0.0128058389996165,0.542248688259336,0.0,0.0,0.0,0.059270920042275,1.16910932575127e-06,4.20879357270457e-05,3.50732797725381e-06,5.84554662875635e-07,0.00112877505401285,1.16910932575127e-06,0.000236160083801756,0.00212836352753019,0.000171859070885437,0.00256268764204678,0.0,0.379398189283476
71701-0016,3.66326607034122e-06,0.0365687570619629,0.210684200414845,0.0,0.0,0.0,0.00798469894465375,1.22108869011374e-06,2.07585077319336e-05,1.09897982110237e-05,2.23866259854186e-05,5.69841388719745e-06,1.22108869011374e-05,0.000122515898574745,1.62811825348499e-06,2.9713158126101e-05,0.00145024633429175,0.0,0.743081311481816
71701-0017,6.06603485543628e-06,0.00989248964224549,0.653879330390632,0.0,4.04402323695752e-07,0.0,0.0173233823401549,8.08804647391504e-07,5.0550290461969e-05,4.04402323695752e-06,7.27924182652354e-06,0.000124151513374596,8.08804647391504e-07,4.48886579302285e-05,1.53672883004386e-05,5.82339346121883e-05,0.0199451226046745,4.04402323695752e-07,0.298646667623752
71701-0018,2.58125004943927e-05,0.0439466147530098,0.397584949147292,0.0,4.16330653135365e-07,0.0,0.01762327654722,4.16330653135365e-07,8.90947597709682e-05,4.16330653135365e-06,1.2489919594061e-06,9.15927436897804e-06,4.16330653135365e-06,8.61804451990206e-05,6.24495979703048e-06,7.24415336455536e-05,0.00897525622029221,0.0,0.531570561592581
71701-0019,4.77876469888287e-07,0.0204402102465317,0.441123468465649,4.77876469888287e-07,0.0,0.0,0.0193931829010065,4.77876469888287e-07,7.26372234230196e-05,4.30088822899458e-06,4.30088822899458e-06,0.00135908068036229,2.38938234944143e-06,4.96991528683818e-05,2.43716999643026e-05,8.88850233992213e-05,0.017872102097352,4.77876469888287e-07,0.499563459844757
71701-0022,6.38334660265226e-05,0.125457892027954,0.306197576137744,0.0,0.0,0.0,0.0210288547371469,6.03150860093126e-06,2.71417887041907e-05,7.03676003441981e-06,0.0,0.000125153803469324,1.1057765768374e-05,3.8702180189309e-05,2.01050286697709e-06,4.37284373567517e-05,0.00130180060636766,0.0,0.545689180277771
71701-0023,1.45010654657851e-06,0.0186425697628133,0.347486856596788,0.0,0.0,0.0,0.0347322269503752,7.25053273289255e-07,0.000110208097539967,3.62526636644627e-06,0.0,0.00193589223968231,3.19023440247272e-05,6.09044749562974e-05,4.35031963973553e-06,7.17802740556362e-05,0.0105625760852779,0.0,0.58635493242866
71701-0024,6.92915219051288e-07,0.0090640239804099,0.306834638554634,0.0,6.09765392765134e-05,0.0,0.0377119107968664,1.38583043810258e-06,4.22678283621286e-05,1.45512196000771e-05,1.80157956953335e-05,0.00127565691827342,0.0,8.73073176004623e-05,1.38583043810258e-06,0.000137197213372155,0.0205331566861468,2.77166087620515e-06,0.624214060912791
71701-0025,0.0,0.0406584994414224,0.442630607528671,5.13945505546554e-05,0.0,0.0,0.0384214840041224,9.01658781660621e-07,0.000124428911869166,6.85260674062072e-05,9.73791484193471e-05,1.53281992882306e-05,0.000105494077454293,0.00015959360435393,1.44265405065699e-05,0.000105494077454293,0.00104231755159968,0.0,0.476504124638097
71701-0026,0.0,0.0118832738522279,0.296290541971117,0.0,0.0,0.0,0.0170431264670356,1.52320372392846e-06,3.04640744785693e-05,1.52320372392846e-06,2.2848055858927e-06,2.2848055858927e-06,7.61601861964232e-07,2.05632502730343e-05,0.0,0.000136326733291598,0.000422689033390149,0.0,0.674164636997705
71701-0027,0.0,0.0515512432876332,0.347346648749247,0.0,2.66628272195471e-06,0.0,0.0614518176049316,1.33314136097735e-06,3.99942408293206e-05,1.99971204146603e-06,1.99971204146603e-06,4.66599476342073e-06,2.66628272195471e-05,2.0663691095149e-05,5.46587958000715e-05,3.06622513024791e-05,0.000776554842769308,0.0,0.538688428866243
71701-0028,4.46294583434214e-06,0.0146881126090493,0.398186816681153,0.0,0.0,0.0,0.0345309276567638,4.46294583434214e-06,3.23563572989805e-05,4.46294583434214e-06,2.23147291717107e-06,1.00416281272698e-05,5.57868229292768e-07,3.34720937575661e-06,5.57868229292768e-07,3.06827526111022e-05,0.00029622802975446,0.0,0.552204751028988
71701-0029,0.0,0.0211719963648938,0.395619712203106,0.0,1.51336643065717e-06,0.0,0.0103446162367571,1.51336643065717e-06,5.67512411496439e-05,6.81014893795727e-06,9.08019858394303e-06,0.00155725405714623,9.08019858394303e-06,0.000111989115868631,0.000287539621824863,3.40507446897864e-05,0.163563130458996,0.0,0.4072249626766
71701-0030,3.06391886252625e-06,0.0572248125954028,0.202764022484262,0.0,0.0,0.0,0.00325510739954789,1.2255675450105e-06,1.65451618576417e-05,2.451135090021e-06,0.0,5.51505395254725e-06,4.28948640753675e-06,4.28948640753675e-05,1.2255675450105e-06,3.4315891260294e-05,0.000713893094968616,0.0,0.735930637779223
71701-0031,1.01210272437811e-06,0.00802142014205874,0.422291258873611,0.0,1.01210272437811e-06,0.0,0.021494025557618,1.51815408656717e-06,0.00012853704599602,2.02420544875623e-06,0.0,0.00214464567295722,1.51815408656717e-06,7.48956016039804e-05,5.00990848567166e-05,5.46535471164181e-05,0.0405129539027693,5.06051362189057e-07,0.50521991980098
71701-0032,0.0,0.00606237365864451,0.397793489083101,1.20684279866845e-06,1.20684279866845e-05,0.0,0.0089012702020456,0.0,6.63763539267648e-05,6.43649492623173e-06,8.04561865778967e-06,1.60912373155793e-06,4.62623072822906e-05,0.000177808172337152,2.81596653022638e-06,9.61451429605865e-05,0.0146317620910563,1.20684279866845e-06,0.572191123671216
71701-0033,1.99180967860159e-06,0.0336881410307482,0.341269367029442,0.0,6.63936559533863e-07,0.0,0.0183624934270281,1.99180967860159e-06,7.3033021548725e-05,2.58935258218207e-05,1.9254160226482e-05,0.00259599194777741,0.000157352964609526,0.000222418747443844,9.29511183347409e-06,5.842641723898e-05,0.0728198979131146,0.0,0.53069378714725
71701-0034,6.69258666112363e-06,0.0270593089156277,0.237324240863832,1.18104470490417e-06,7.8736313660278e-07,0.0,0.017545206454488,7.8736313660278e-07,3.46439780105223e-05,1.02357207758361e-05,2.08651231199737e-05,1.06294023441375e-05,1.417253645885e-05,2.79513913493987e-05,2.36208940980834e-06,0.000114955017944006,0.000570050910900413,0.0,0.7172559292381
71701-0035,1.50848447090661e-06,0.034723200642011,0.270064276523305,0.0,6.03393788362646e-07,0.0,0.0208333773307971,1.20678757672529e-06,5.30986533759128e-05,5.73224098944513e-06,6.03393788362646e-06,4.52545341271984e-06,3.01696894181323e-07,2.47391453228685e-05,3.01696894181323e-07,3.22815676774015e-05,0.0804375208359418,0.0,0.593811291609659
71701-0036,2.52212534458538e-06,0.010556040364094,0.147313558189215,0.0,1.26106267229269e-06,0.0,0.00205679321850937,9.45797004219516e-07,1.60785490717318e-05,3.78318801687806e-06,5.35951635724392e-06,1.22953610548537e-05,3.78318801687806e-06,2.52212534458538e-06,4.41371935302441e-06,0.000124529938888903,5.10730382278538e-05,0.0,0.839845040618829
71701-0037,4.68865458119062e-07,0.0189965529011519,0.268734925975521,0.0,0.0,0.0,0.015799359342238,4.68865458119062e-07,2.90696584033818e-05,4.21978912307156e-06,7.97071278802405e-06,0.000460894745331038,7.50184732990499e-06,5.76704513486446e-05,0.0,0.000270535369334699,0.00572250291634315,0.0,0.68990785856017
71701-0038,0.0,0.0114480955710247,0.232793507006718,0.0,9.72733075964374e-07,0.0,0.00222196552877162,2.43183268991093e-07,1.41046296014834e-05,7.2954980697328e-07,7.2954980697328e-07,4.37729884183968e-06,9.97051402863483e-06,2.50478767060826e-05,2.43183268991093e-07,0.000184819284433231,3.62343070796729e-05,0.0,0.753258959783567
71701-0039,2.34065796244676e-05,0.0488020198131456,0.21490943225769,0.0,0.0,0.0,0.0195298212051733,1.04805580408064e-06,2.37559315591612e-05,9.43250223672576e-06,6.63768675917739e-06,1.25766696489677e-05,3.14416741224192e-06,8.38444643264512e-06,3.14416741224192e-06,5.79924211591288e-05,2.82975067101773e-05,0.0,0.716580906589232
71701-0040,1.04002916241771e-06,0.00778877839734626,0.404906233570789,0.0,0.0,5.20014581208857e-07,0.0201573252113989,2.08005832483543e-06,0.000316688879956194,2.08005832483543e-06,1.04002916241771e-06,0.00102286868123782,1.04002916241771e-06,7.280204136924e-06,2.08005832483543e-06,4.78413414712149e-05,0.00104210922074255,0.0,0.564700994215878
71701-0041,1.84531011359114e-06,0.00845213542361862,0.266818925254484,0.0,0.0,0.0,0.00436907924561262,1.23020674239409e-06,6.76613708316751e-05,2.27588247342907e-05,1.84531011359114e-05,0.00116008495807763,0.0,0.000418885395785189,6.15103371197047e-06,0.000129786811322577,3.69062022718228e-05,0.0,0.718496096861558
71701-0042,8.94871994397323e-06,0.0358532409929188,0.378724612870594,0.0,0.0,0.0,0.0642969418722278,1.556299120691e-06,7.15897595517859e-05,2.21772624698467e-05,2.25663372500195e-05,3.11259824138199e-06,2.3344486810365e-06,0.00093261224807408,1.556299120691e-06,5.36923196638394e-05,0.0208147225896817,1.556299120691e-06,0.49918877908334
71701-0043,2.67397866915613e-05,0.0166354311556044,0.280370885532603,0.0,0.0,0.0,0.00331338795442977,5.62942877717079e-06,8.53796697870903e-05,0.0001219709568387,0.00021063446007914,9.38238129528465e-07,2.48633104325043e-05,8.44414316575618e-06,1.4073571942927e-06,5.4417811512651e-05,0.0466993955400851,0.0,0.65244047465467
71701-0044,3.70119785567401e-06,0.0430131007599299,0.455342086913009,0.0,0.0,0.0,0.0175436778358948,1.4804791422696e-06,8.73482693939066e-05,7.40239571134802e-06,6.66215614021322e-06,0.00164999400405947,2.36876662763137e-05,0.000145086955942421,4.44143742680881e-06,4.44143742680881e-05,0.000218370673484767,0.0,0.481908544881465
71701-0045,5.48012268167977e-06,0.0154125405909643,0.307739333702328,0.0,0.0,1.21780504037328e-06,0.0183200501248555,1.21780504037328e-06,0.000115082576315275,5.48012268167977e-06,9.74244032298625e-06,0.00433234143112795,5.48012268167977e-06,5.90635444581042e-05,2.19204907267191e-05,8.40285477857564e-05,0.218121060781258,0.0,0.435765959791731
71701-0046,2.31531861099406e-06,0.0147393182775882,0.344503780915292,0.0,0.0,0.0,0.00949570045333938,1.15765930549703e-06,4.16757349978931e-05,2.89414826374257e-06,4.0518075692396e-06,9.7822211314499e-05,2.89414826374257e-06,5.67253059693544e-05,0.0,5.26734984001148e-05,0.000896607132107449,2.31531861099406e-06,0.630100068070367
71701-0047,1.04214648827898e-06,0.012219167575071,0.420016299171077,0.0,0.0,0.0,0.0195068979676059,6.25287892967387e-06,7.50345471560864e-05,3.12643946483694e-06,1.04214648827898e-06,9.37931839451081e-06,2.08429297655796e-06,4.37701525077171e-05,4.27280060194381e-05,0.000114636113710688,5.41916173905069e-05,0.0,0.54790434762672
71701-0048,5.20729458654862e-07,0.00742351916258371,0.396555791214565,1.04145891730972e-06,1.04145891730972e-06,5.20729458654862e-07,0.103569444220241,2.60364729327431e-06,0.000777449081771709,9.37313025578752e-06,1.1456048090407e-05,0.000115601939821379,0.000218706372635042,5.10314869481765e-05,1.04145891730972e-06,3.3847414812566e-05,0.00637008346772493,0.0,0.484856926977587
71701-0049,4.19899895864826e-07,0.0101229466895092,0.387358913634989,0.0,8.39799791729652e-07,0.0,0.0114414323625248,2.09949947932413e-06,5.66864859417515e-05,4.19899895864826e-06,0.0,0.00163047129564312,7.97809802143169e-06,0.00016879975813766,2.98128926064026e-05,0.000307786623668917,0.0152679801135409,8.39799791729652e-07,0.573598794047499
71701-0050,0.0,0.0270602507678338,0.311530904381739,0.0,0.0,0.0,0.0114108295582537,2.48088478274892e-06,8.68309673962122e-05,2.48088478274892e-06,0.0,2.9770617392987e-05,0.0,2.9770617392987e-05,2.23279630447403e-05,6.82243315255953e-05,0.0697773653995961,0.0,0.57997876362626
71701-0051,4.26529449299297e-06,0.0625769885655985,0.285494927711789,0.0,1.70611779719719e-06,0.0,0.010806550127447,1.02367067831831e-05,7.76283597724721e-05,8.70120076570567e-05,9.29834199472468e-05,4.26529449299297e-06,1.36489423775775e-05,1.79142368705705e-05,0.0,1.96203546677677e-05,0.103698692772544,8.53058898598595e-07,0.537092707028864
71701-0053,1.16330606931676e-06,0.0268607371405239,0.409739663734748,0.0,0.0,0.0,0.0641330636014327,5.81653034658378e-06,3.60624881488194e-05,4.65322427726702e-06,2.32661213863351e-06,1.97762031783848e-05,1.16330606931676e-06,2.55927335249686e-05,0.0,3.83891002874529e-05,0.0640144063823624,0.0,0.435117185636893
71701-0054,2.14065838089163e-06,0.0115231640643396,0.35254074743228,0.0,0.0,0.0,0.0242772066976919,6.42197514267488e-06,0.000194799912661138,3.21098757133744e-05,5.77977762840739e-05,0.00442045955654121,2.14065838089163e-06,0.000261160322468778,2.14065838089163e-06,0.000209784521327379,0.0125506800871676,0.0,0.593919245803239
71701-0056,4.29478856040119e-06,0.117440993184171,0.353569899831215,0.0,0.0,0.0,0.0345959534502184,1.57475580548044e-05,0.00136287956983398,0.000452384395028925,0.00050392185775374,0.00625607533631773,0.000572638474720159,0.000654239457367781,2.86319237360079e-06,0.000118822483504433,0.031558106341828,2.86319237360079e-06,0.452888316886679
71701-0057,9.46538555828264e-07,0.0209317536235862,0.482847301560558,0.0,0.0,0.0,0.0183448637505076,9.46538555828264e-06,5.30061591263828e-05,2.36634638957066e-05,3.02892337865044e-05,1.89307711165653e-06,4.73269277914132e-06,9.46538555828264e-06,2.83961566748479e-06,5.96319290171806e-05,0.000488413894807384,0.0,0.477191733689484
71701-0058,1.66248966139242e-06,0.0268384018486885,0.373778381815688,0.0,0.0,0.0,0.0747870974177379,1.16374276297469e-05,0.000131336683250001,2.90935690743673e-05,3.32497932278484e-05,0.00216954900811711,2.65998345822787e-05,2.82623242436711e-05,3.40810380585446e-05,4.98746898417725e-05,0.00856431549066304,8.31244830696209e-07,0.513515625324705
71701-0059,1.36469027671825e-06,0.0141504734792915,0.35478808407038,0.0,0.0,0.0,0.0244293206435333,1.0917522213746e-05,5.73169916221664e-05,2.72938055343649e-06,0.0,0.00218623382330263,1.6376283320619e-05,7.64226554962219e-05,2.72938055343649e-06,4.09407083015474e-05,0.0435991249605946,2.72938055343649e-06,0.560635236030007
71701-0060,2.6249581016303e-05,0.0598500543164407,0.363627369024687,0.0,3.02879780957342e-06,0.0,0.0212964869983806,1.41343897780093e-05,8.27871401283403e-05,3.02879780957342e-06,1.00959926985781e-06,0.00276327320160082,1.41343897780093e-05,0.000425041292610137,0.000200910254701704,0.000213025445939998,0.0245978766108156,0.0,0.526881590159234
71701-0061,0.0,0.00693994997035816,0.264022903743547,0.0,0.0,5.78377362310039e-07,0.0291265055885713,7.51890571003051e-06,5.32107173325236e-05,5.20539626079035e-06,6.94052834772047e-06,0.00183634812533437,1.73513208693012e-06,1.27243019708209e-05,5.78377362310039e-07,2.9497245477812e-05,0.106775401610781,0.0,0.591180901979497
71701-0062,5.71689261731921e-07,0.0297186945818722,0.496276016149078,0.0,0.0,0.0,0.0255516515531082,1.486392080503e-05,6.63159543609029e-05,1.54356100667619e-05,2.00091241606172e-05,0.00248570491001039,6.91744006695625e-05,2.80127738248641e-05,2.85844630865961e-06,3.37296664421833e-05,0.0440452274808741,0.0,0.401671733739156
71701-0064,2.54768956402662e-06,0.0131957580968759,0.245936116684182,0.0,0.0,0.0,0.0249329639183466,5.09537912805325e-06,2.92984299863062e-05,3.82153434603993e-06,0.0,0.00207764083946371,3.82153434603993e-06,1.40122926021464e-05,3.82153434603993e-06,1.91076717301997e-05,0.0191828285723385,0.0,0.694593165822745
71701-0065,0.0,0.0202727375570471,0.379200575088748,0.0,2.86398778795607e-06,0.0,0.0169605356802759,1.00239572578463e-05,7.8759664168792e-05,0.000183295218429189,0.000237710986400354,0.00213367090202727,1.57519328337584e-05,2.29119023036486e-05,2.43438961976266e-05,6.44397252290116e-05,0.00179428834915448,1.43199389397804e-06,0.578996659158245
71701-0066,3.0739610011816e-05,0.138393473006124,0.287759487293295,0.0,0.0,0.0,0.00404938130911752,9.74670561350264e-06,4.49847951392429e-05,0.000199432591783977,0.000293150914990733,9.74670561350264e-06,0.000251165106194106,0.000101215789063297,7.49746585654049e-07,2.39918907409296e-05,2.9989863426162e-06,1.4994931713081e-06,0.568828236056213
71701-0067,8.21582647517218e-07,0.00761032006395199,0.186567452346152,1.64316529503444e-06,0.0,0.0,0.00259455800085938,2.46474794255166e-06,1.15021570652411e-05,1.64316529503444e-06,4.10791323758609e-06,2.46474794255166e-06,1.64316529503444e-06,0.000142955380667996,1.56100703028271e-05,0.00032206039782675,1.15021570652411e-05,0.0,0.802709250938453
71701-0068,0.0,0.025247461328075,0.241606925017964,0.0,0.0,0.0,0.015521688028832,5.57031689532818e-06,1.67109506859845e-05,0.0,0.0,0.000328648696824362,8.35547534299226e-06,8.35547534299226e-06,5.57031689532818e-06,0.000169894665307509,0.00827749090645767,0.0,0.708803328821377
71701-0069,8.37021108835344e-07,0.0402364417228238,0.446588427513553,0.0,0.0,0.0,0.0285482789590471,1.00442533060241e-05,0.000196699960576306,9.20723219718878e-06,1.33923377413655e-05,0.00298983940075985,2.51106332650603e-06,5.02212665301206e-05,1.33923377413655e-05,0.000176611453964258,0.0157594334371519,0.0,0.465404662040172
71701-0070,7.76325940446096e-06,0.0455489837408236,0.328972969301161,0.0,0.0,0.0,0.0058894026657092,6.79285197890334e-06,2.62010004900557e-05,0.000286270190539498,0.000377488488541914,5.82244455334572e-06,1.64969262344795e-05,0.000130034595024721,3.88162970223048e-06,0.000189229447983736,0.0352354936219972,0.0,0.583303169835856
71701-0071,0.0,0.00915561939208977,0.516802104946101,0.0,0.0,1.24464646439502e-06,0.00831797232155193,1.24464646439502e-06,3.73393939318506e-05,0.0,0.0,3.36054545386656e-05,1.24464646439502e-06,0.000121975353510712,6.97002020061212e-05,4.97858585758008e-05,0.0045242898980759,0.0,0.460883873240226
71701-0072,0.0,0.0177694477234021,0.463486428118739,0.0,0.0,3.00362537582862e-06,0.0188807891124587,3.00362537582862e-06,7.35888217078013e-05,7.50906343957156e-06,1.50181268791431e-06,0.0242197332179941,1.50181268791431e-06,0.0095380123809438,6.60797582682298e-05,7.80942597715443e-05,0.085618341337995,0.0,0.380252965329152
71701-0073,0.0,0.019851995739773,0.218006633151409,0.0,2.20737151718163e-06,0.0,0.011916495135505,3.31105727577244e-06,7.06358885498121e-05,1.43479148616806e-05,1.32442291030898e-05,3.31105727577244e-05,1.10368575859081e-05,5.51842879295407e-06,4.41474303436326e-06,7.28432600669937e-05,0.046352594489297,0.0,0.70364161116047
71701-0074,0.0,0.0271983597867318,0.298872314429257,0.0,7.78976666143454e-07,0.0,0.0133427018260382,2.72641833150209e-06,0.00146097073735205,5.92022266269025e-05,6.97184116198391e-05,0.000771965876148163,0.000655508864559717,9.34771999372145e-05,1.20741383252235e-05,0.000105551338262438,0.0696319452098972,0.0,0.587722704560246
71701-0075,2.54035674229732e-06,0.0443914638932745,0.34946290507576,0.0,2.54035674229732e-06,0.0,0.0130358406230987,6.3508918557433e-06,0.00157502118022434,6.7319453670879e-05,9.90739129495955e-05,0.00256449013134915,2.54035674229732e-05,1.77824971960812e-05,1.52421404537839e-05,5.58878483305411e-05,0.000553797769820816,1.27017837114866e-06,0.588123070122737
71701-0076,0.0,0.0244492699211576,0.504881990035616,0.0,0.0,0.0,0.0085691672332092,3.80513642682469e-06,0.00373791234995079,2.53675761788313e-06,2.53675761788313e-06,0.00327622246349606,2.15624397520066e-05,3.04410914145975e-05,1.14154092804741e-05,8.24446225812016e-05,0.00377089019898327,0.0,0.451159805582896
71701-0077,3.26500659220379e-05,0.126384518271599,0.375100282345332,6.99644269757954e-06,0.0,0.0,0.0117796773551581,8.55120774148611e-06,7.77382521953282e-05,1.55476504390656e-05,1.01059727853927e-05,0.00157653175452126,2.40988581805518e-05,0.000116607378292992,3.10953008781313e-06,8.24025473270479e-05,0.0255370158461653,0.0,0.459244166521555
71701-0078,0.0,0.00242398513249535,0.255253946954358,0.0,0.0,0.0,0.0138054340016981,7.42187731933666e-07,3.71093865966833e-05,8.906252783204e-06,1.3359379174806e-05,1.85546932983417e-05,5.04687657714893e-05,4.60156393798873e-05,1.48437546386733e-06,0.000101679719274912,6.2343769482428e-05,0.0,0.728175969742491
71701-0079,7.16404737154684e-07,0.0487126565075699,0.437723294401512,1.43280947430937e-06,1.43280947430937e-06,0.0,0.103275474098745,3.58202368577342e-06,0.000124654424264915,7.16404737154684e-05,7.45060926640871e-05,3.08054036976514e-05,0.0036930664200324,0.00341223576306776,2.86561894861874e-05,3.08054036976514e-05,0.0201395699708925,0.0,0.382675470803283
71701-0081,7.33534713063226e-07,0.0101044406724459,0.591294263318423,0.0,0.0,0.0,0.0177141297857639,8.06888184369549e-06,7.55540754455123e-05,1.46706942612645e-06,2.20060413918968e-06,0.00410852792786713,7.33534713063226e-07,0.000809088788508739,2.93413885225291e-06,5.72157076189317e-05,0.00133429964306201,0.0,0.374486342317177
71701-0082,1.14195010819977e-06,0.00136919817973153,0.574481982882168,0.0,0.0,0.0,0.0777633765180799,1.25614511901975e-05,0.000108485260278978,2.28390021639955e-06,3.42585032459932e-06,2.28390021639955e-05,2.28390021639955e-05,1.14195010819977e-05,1.14195010819977e-06,1.94131518393961e-05,0.0597925076653401,5.70975054099886e-06,0.286381673984664
71701-0086,0.000597674353331209,0.00258717047422653,0.339797682278295,0.0,3.30206825044867e-06,0.0,0.025589377906852,4.953102375673e-06,3.4671716629711e-05,3.30206825044867e-06,1.65103412522433e-06,0.00024765511878365,9.90620475134601e-06,1.32082730017947e-05,1.15572388765703e-05,0.00233951535544288,5.77861943828517e-05,0.0,0.628700586612425
71701-0088,3.12816074575352e-06,0.0144364618416525,0.284875342794282,0.0,0.0,0.0,0.0303744408412667,5.21360124292254e-06,0.000124083709581556,2.60680062146127e-05,4.27515301919648e-05,0.000130340031073063,0.000535958207772437,0.000214800371208408,5.21360124292254e-06,0.000209586769965486,0.20436795512132,0.0,0.464648655412239
71701-0089,6.34256578350666e-07,0.00691783650007072,0.368293767350882,2.53702631340267e-06,0.0,0.0,0.00995973104984052,4.43979604845467e-06,2.21989802422733e-05,9.51384867526e-06,8.24533551855866e-06,6.659694072682e-05,0.0,2.53702631340267e-06,1.26851315670133e-06,3.805539470104e-05,5.708309205156e-06,0.0,0.614666929671728
71701-0092,0.0,0.0480148129302181,0.293659038761443,0.0,0.0,0.0,0.0429982520365423,1.17787294991213e-05,0.000101297073692443,2.00238401485062e-05,2.82689507978911e-05,0.000174325196586995,0.00150649950293762,0.000204949893284711,7.06723769947278e-06,9.30519630430583e-05,8.00953605940249e-05,0.0,0.613100538523513
71701-0093,1.88098623870468e-06,0.00943878894582007,0.448707386256762,0.0,0.0,0.0,0.0262002573189175,3.76197247740936e-06,0.000300957798192748,2.82147935805702e-05,3.76197247740936e-05,0.00779856894566959,8.84063532191199e-05,0.000178693692676944,1.69288761483421e-05,0.000238885252315494,0.0667712495015386,0.0,0.440188399581669
71701-0095,2.98440424949321e-06,0.0182018815176591,0.369499090129754,0.0,7.46101062373303e-07,0.0,0.0821934774352925,9.69931381085294e-06,5.59575796779977e-05,2.61135371830656e-05,4.1781659492905e-05,0.00111765939143521,3.35745478067986e-05,0.000209654398526898,0.0,8.95321274847963e-05,0.00648063382777451,0.0,0.522037214028789
71701-0098,2.34052014868686e-05,0.0389802992035848,0.333753917711567,0.0,0.0,0.0,0.00341928716267253,6.38323676914599e-06,0.000107451152280624,3.82994206148759e-05,7.65988412297518e-05,0.00673325091865416,0.000351078022303029,2.76606926662993e-05,2.12774558971533e-06,4.78742757685949e-05,0.000484062121660237,0.0,0.615948304293152
71701-0099,1.40127459937559e-06,0.0144415360211649,0.430023149056382,0.0,0.0,0.0,0.00569197742266365,1.12101967950047e-05,5.46497093756481e-05,3.7834414183141e-05,6.1656082372526e-05,0.00152879058791877,1.68152951925071e-05,1.82165697918827e-05,2.38216681893851e-05,5.88535331737749e-05,8.40764759625355e-06,0.0,0.548021680520602
71701-0100,5.06850078815187e-06,0.00886987637926578,0.293255852851285,0.0,0.0,0.0,0.0181072190656726,5.06850078815187e-06,5.82877590637465e-05,0.000197671530737923,0.000291438795318733,0.00105931666472374,2.78767543348353e-05,0.000100102890565999,2.53425039407594e-06,9.25001393837717e-05,0.0354643000146986,0.0,0.642462885902979
71701-0102,8.96877371949994e-05,0.217439614409165,0.282448275919341,0.0,4.98265206638886e-06,0.0,0.0929546960665284,1.32870721770369e-05,5.31482887081478e-05,0.000549752611324904,0.00065438830471907,0.000119583649593333,6.47744768630551e-05,3.4878564464722e-05,0.0,3.4878564464722e-05,0.000812172286821384,0.0,0.404725879396568
71701-0103,0.0,0.0305478733484018,0.147477321849845,0.0,0.0,0.0,0.0129971959562448,4.11955497820755e-06,3.29564398256604e-05,9.61229494915096e-06,8.23910995641511e-06,0.000216963228852265,1.37318499273585e-06,0.000453151047602831,2.7463699854717e-06,0.000543781257123397,1.09854799418868e-05,0.0,0.8076936808773
71701-0104,0.0,0.0224546908315565,0.480732942430704,2.66524520255864e-06,0.0,0.0,0.0179131130063966,3.19829424307036e-05,0.000101279317697228,7.99573560767591e-05,0.000125266524520256,0.00573294243070363,1.59914712153518e-05,7.19616204690832e-05,2.66524520255864e-05,0.000101279317697228,0.0197414712153518,0.0,0.452867803837953
71701-0105,0.0,0.0383432463943923,0.453257096698609,0.0,2.11090854207287e-06,0.0,0.0348715054788631,1.26654512524372e-05,0.000130172693427827,1.26654512524372e-05,1.05545427103643e-05,3.02563557697111e-05,0.0,2.04054492400377e-05,2.32199939628016e-05,8.30290693215329e-05,0.0225332450504472,0.0,0.450669826462209
71701-0107,0.0,0.00853404080553641,0.303521625423681,9.44135502327294e-07,0.0,9.44135502327294e-07,0.0246702606758122,2.83240650698188e-06,3.02123360744734e-05,2.83240650698188e-06,1.88827100465459e-06,0.00177591887987764,5.66481301396376e-06,6.89218916698925e-05,9.44135502327294e-07,8.59163307117838e-05,0.00126136503110926,0.0,0.660035688321988
71701-0111,6.38255774619121e-06,0.0543591805646862,0.333955632713587,0.0,3.1912788730956e-06,0.0,0.00432737415191764,7.44631737055641e-06,5.21242215938949e-05,1.38288751167476e-05,1.5956394365478e-05,0.000196795530507562,0.000114886039431442,5.10604619695297e-05,1.27651154923824e-05,7.23356544568337e-05,0.0105237739638449,2.1275192487304e-06,0.596285138639792
71701-0114,0.0,0.00732508418084019,0.333738291060011,0.0,0.0,0.0,0.00473265621019126,8.27194630073047e-06,3.25363221162065e-05,2.75731543357682e-06,1.10292617343073e-06,0.0,3.86024160700755e-06,3.08819328560604e-05,0.0,9.81604294353349e-05,1.59924295147456e-05,0.0,0.65401040500552
71701-0117,0.0,0.011802026100957,0.264167420341313,0.0,0.0,0.0,0.010987019766897,7.18418903676788e-06,2.95349993733791e-05,7.98243226307542e-07,7.98243226307542e-07,0.0,3.99121613153771e-05,0.000352823506027934,7.98243226307542e-07,9.81839168358277e-05,0.00547914150537497,0.0,0.70703435878319
71701-0120,0.0,0.0450346218326037,0.154445796420126,0.0,0.0,0.0,0.00533616800731938,3.25450515045781e-06,2.8883733210313e-05,8.13626287614452e-07,0.0,1.6272525752289e-06,7.32263658853007e-06,7.72944973233729e-06,2.44087886284336e-06,8.50239470557102e-05,0.0043573755833192,0.0,0.790688942127169
71701-0121,0.0,0.0308649511188801,0.113942868131714,0.0,0.0,0.0,0.00236816034346968,4.32146048078409e-06,2.91698582452926e-05,3.24109536058806e-06,6.48219072117613e-06,0.0,3.02502233654886e-05,5.40182560098011e-05,1.08036512019602e-06,0.000172858419231363,1.94465721635284e-05,0.0,0.852503151965238
71701-0122,0.0,0.0150471637059184,0.287549996085005,0.0,0.0,0.0,0.034946524363254,3.99489292887972e-06,0.0028331780651615,3.19591434310378e-05,4.07479078745731e-05,0.000733462341742317,0.000176574267456484,0.000140620231096566,1.27836573724151e-05,0.000107862109079752,0.0120398083090577,0.0,0.646335324920622
71701-0123,0.0,0.00408018610737523,0.190329928634607,0.0,0.0,0.0,0.0118063885556888,1.11066684437336e-05,3.93781881186919e-05,1.51454569687277e-05,1.31260627062306e-05,7.97660733686323e-05,9.0872741812366e-06,0.000177706695099738,5.04848565624255e-06,7.47175877123898e-05,0.0719631339383439,0.0,0.72139528027173
71701-0124,2.58303822121656e-06,0.0240455028013049,0.47558383121395,2.58303822121656e-06,0.0,0.0,0.0463836173383858,1.54982293272994e-05,7.23250701940637e-05,0.000749081084152802,0.000994469715168375,0.0,0.0158960172133667,9.29893759637961e-05,7.74911466364968e-06,4.39116497606815e-05,0.0285942331088673,0.0,0.407515608008452
71701-0126,8.72614308838565e-06,0.0466829263799547,0.486955628047181,0.0,0.0,9.69571454265072e-07,0.0167168662287112,8.72614308838565e-06,0.000161918432862267,3.87828581706029e-06,1.93914290853014e-06,0.0139555267269643,2.90871436279522e-06,2.27849291752292e-05,0.000246755935110461,4.55698583504584e-05,0.0028995034339797,0.0,0.432285372026991
71701-0128,0.0,0.000810368987666516,0.179421504453657,0.0,0.0,0.0,0.00691459530577422,1.03760433760117e-06,1.19324498824135e-05,5.18802168800586e-07,0.0,9.33843903841056e-06,1.03760433760117e-06,6.22562602560704e-06,0.0,4.25417778416481e-05,0.0123516420348044,0.0,0.800429256914466
71701-0129,3.2126140076396e-06,0.0261097171935889,0.20390260318113,0.0,0.0,0.0,0.00914631207974993,2.4094605057297e-06,2.52993353101618e-05,1.12441490267386e-05,6.82680476623414e-06,0.00146896775499321,2.12835678006123e-05,3.37324470802158e-05,0.0,3.2126140076396e-05,5.22049776241434e-06,8.03153501909899e-07,0.7592302416207
71701-0130,6.01172285957617e-06,0.0200350683833475,0.282392665698111,0.0,0.0,0.0,0.00646160012023446,5.00976904964681e-06,1.80351685787285e-05,1.20234457191523e-05,1.70332147687992e-05,1.00195380992936e-06,3.3064475727669e-05,0.00014127548720004,1.40273533390111e-05,5.61094133560443e-05,5.51074595461149e-05,0.0,0.690751966334352
71701-0131,7.11031222803056e-07,0.0144310896980108,0.172238781349367,0.0,0.0,0.0,0.00957119129015193,3.55515611401528e-06,3.48405299173497e-05,0.0,2.13309366840917e-06,7.11031222803056e-06,0.000202643898498871,9.95443711924278e-06,7.11031222803056e-07,7.46582783943209e-05,0.0072368757856895,0.0,0.796185744108395
71701-0132,1.49283588060896e-06,0.0120964491405744,0.234394640122054,0.0,0.0,0.0,0.00311106997518907,1.49283588060896e-06,3.73208970152239e-05,0.0,0.0,4.47850764182687e-06,0.0,7.0163286388621e-05,2.98567176121792e-06,0.000129876721612979,0.0103528168320231,0.0,0.739797213173978
71701-0133,0.0,0.00620956343627651,0.118551879733345,0.0,0.0,0.0,0.00266002675615618,2.36194881562439e-06,3.35396731818663e-05,0.0,0.0,1.41716928937463e-05,8.03062597312291e-06,1.65336417093707e-05,0.0,4.15702991549892e-05,9.68399014405998e-05,0.0,0.872365482291053
71701-0135,0.0,0.0099034960033444,0.370410897497242,0.0,0.0,0.0,0.0266217053404586,1.13326718410807e-05,0.000554041734452833,0.000176286006416811,0.000264429009625216,3.77755728036023e-06,2.51837152024015e-06,3.77755728036023e-05,1.25918576012008e-06,2.26653436821614e-05,2.64429009625216e-05,0.0,0.59196337280461
71701-0136,3.25187389233046e-05,0.0609951484542968,0.505551323950426,0.0,0.0,0.0,0.045452441969685,1.25072072781941e-05,6.69135589383382e-05,2.56397749202978e-05,2.81412163759366e-05,0.00797647144166826,4.37752254736792e-06,8.94265320390875e-05,2.25129731007493e-05,5.00288291127762e-05,0.0317507963964234,0.0,0.347941751434264
71701-0137,1.66913420339736e-06,0.0258281826633707,0.314999006865149,5.00740261019207e-06,0.0,0.0,0.139270888797272,6.67653681358942e-06,0.000100148052203841,0.000455673637527478,0.000547476018714333,0.00327651044126901,3.67209524747418e-05,9.8478918000444e-05,0.000388908269391584,0.000151891212509159,0.00649126291701232,1.66913420339736e-06,0.508339829047275
71701-0138,0.0,0.0120681508761642,0.127257175619422,0.0,0.0,6.22518873215939e-07,0.00691556216255586,3.11259436607969e-06,3.54835757733085e-05,9.33778309823908e-06,4.35763211251157e-06,0.00162228418360074,2.30331983089897e-05,0.0024838503041316,0.0,8.71526422502314e-05,0.483002433426275,0.0,0.366487443483068
71701-0139,0.0,0.0454299812445032,0.31881960461576,0.0,8.83027158383283e-07,0.0,0.0255009413069508,1.76605431676657e-06,7.24082269874292e-05,6.44609825619797e-05,7.32912541458125e-05,2.11926518011988e-05,9.88990417389277e-05,0.000105963259005994,7.94724442544955e-06,8.91857429967116e-05,0.0448648438631379,0.0,0.56484863148451
71701-0141,0.0,0.0339126529114383,0.367697764709723,0.000325325522518943,3.26451216368489e-05,0.0,0.0871151956287056,3.37708154863954e-06,0.000221761688360663,7.54214879196164e-05,9.56839772114537e-05,0.00454892884601746,3.03937339377559e-05,5.85360801764187e-05,6.75416309727909e-06,9.00555079637211e-05,0.0358465949449592,0.0,0.469938908594785
71701-0143,0.0,0.0221499582980974,0.3986018964921,0.0,0.0,1.45302796497621e-06,0.00506670851387206,4.35908389492864e-06,3.92317550543578e-05,6.39332304589534e-05,7.11983702838345e-05,0.00152277330729507,1.01711957548335e-05,1.74363355797146e-05,4.94029508091913e-05,5.08559787741675e-05,0.00838542438587773,0.0,0.563965197074183
71701-0146,3.69063066973137e-06,0.013573401477138,0.13397210768965,0.0,0.0,0.0,0.00204091876036145,8.85751360735528e-06,1.69769010807643e-05,3.02631714917972e-05,4.42875680367764e-05,2.21437840183882e-06,5.16688293762391e-06,9.89089019488006e-05,0.0,9.22657667432842e-05,2.95250453578509e-05,0.0,0.850081415312574
71701-0148,0.0,0.0150684712895796,0.49912493638722,0.0,0.0,0.0,0.0153743445888797,5.3195356400022e-06,7.18137311400297e-05,3.5463570933348e-06,6.2061249133359e-06,1.95049640133414e-05,3.36903923866806e-05,7.00405525933623e-05,0.000157812890653399,8.68857487867026e-05,0.0169817309414337,0.0,0.452995696495667
71701-0149,0.0,0.00808791739902847,0.476496142002987,0.0,0.0,0.0,0.0307676913753424,5.66380770240089e-06,0.000179353910576028,0.000475759847001675,0.000581484257446491,0.0143917353718007,3.77587180160059e-05,0.0164476975677722,7.55174360320118e-06,5.85260129248092e-05,0.0225664978222659,0.0,0.429896220163533
71701-0150,0.0,0.0108201773583322,0.374301629082449,0.0,0.0,0.0,0.0458853226686493,4.79670945731228e-06,4.91662719374509e-05,8.3942415502965e-06,7.19506418596843e-06,0.0012003765416924,0.0,1.07925962789526e-05,4.31703851158106e-05,8.27432381386369e-05,0.00172681540463242,0.0,0.56585942043758
71701-0151,3.55598964969946e-06,0.0156665050666926,0.35397269237015,0.0,0.0,0.0,0.0124951549641023,7.7046442410155e-06,5.98591591032742e-05,8.59364165344036e-05,0.000111421009023916,0.00485392587183976,0.000109643014199067,0.00274877999921768,2.72625873143625e-05,4.80058602709427e-05,0.0815346940130173,0.0,0.528274859034644
71701-0152,0.0,0.0441719830874909,0.312405854045924,0.0,0.0,0.0,0.0206235189146075,6.92567938029021e-06,9.00338319437727e-05,8.88795520470577e-05,0.000113119429878073,3.80912365915962e-05,1.96227582441556e-05,4.15540762817413e-05,3.4628396901451e-06,4.27083561784563e-05,3.80912365915962e-05,2.30855979343007e-06,0.622313846395357
71701-0153,0.0,0.00256465745477316,0.44204196461049,0.0,0.0,0.0,0.0378160353250485,4.60441194752812e-06,4.14397075277531e-05,4.60441194752812e-06,0.0,0.0,0.0,9.20882389505624e-06,1.84176477901125e-05,5.06485314228093e-05,0.0320467071547957,0.0,0.485401711920362
71701-0155,1.06681687448259e-06,0.0149962448046018,0.362949236585845,0.0,0.0,1.06681687448259e-06,0.00910528202370894,1.17349856193085e-05,0.000151487996176528,4.80067593517167e-05,7.14767305903338e-05,0.00409230953051523,0.0,0.00247501514879962,0.000119483489942051,3.84054074813734e-05,0.0584114243285455,0.0,0.547527758575074
71701-0156,6.17386555220478e-05,0.00815741774115673,0.416922723782838,0.0,0.0,0.0,0.0154679077719469,4.74912734784983e-06,3.32438914349488e-05,1.10812971449829e-05,6.33216979713311e-06,0.00424255376407918,0.0,2.8494764087099e-05,4.5908231029215e-05,5.54064857249147e-05,0.0289570124822897,0.0,0.526005429835601
71701-0158,0.0,0.0061173434294862,0.460862190353873,1.01448481417682e-06,0.0,0.0,0.0399930203444785,8.11587851341453e-06,6.28980584789626e-05,7.81153306916149e-05,9.43470877184439e-05,1.01448481417682e-06,3.24635140536581e-05,5.37676951513713e-05,1.1159332955945e-05,6.18835736647858e-05,0.000272896415013564,0.0,0.492349770016293
71701-0159,4.85694122469716e-07,0.0206303435460236,0.239756103839461,0.0,0.0,0.0,0.00497350781408989,5.82832946963659e-06,0.0174116485964168,1.45708236740915e-06,4.85694122469716e-07,0.00134148716626135,0.0,2.81702591032435e-05,4.85694122469716e-07,2.57417884908949e-05,3.73984474301681e-05,0.0,0.715786856048519
71701-0161,0.000115428122907865,0.104954352616933,0.460043815331578,0.0,0.0,5.91939091835206e-07,0.0122951668765091,5.91939091835206e-06,7.63601428467416e-05,1.18387818367041e-05,4.14357364284645e-06,0.00803557317166293,2.95969545917603e-05,0.000304256693203296,2.90050154999251e-05,9.88538283364795e-05,0.00313668524763476,0.0,0.410858412312807
71701-0162,1.0092803326588e-06,0.0249726232709766,0.449358854668678,1.0092803326588e-06,1.0092803326588e-06,0.0,0.0742749582410262,8.07424266127038e-06,0.000265440727489264,3.53248116430579e-05,3.83526526410343e-05,0.0249766603923073,0.000353248116430579,0.000298746978467004,3.93619329736931e-05,3.02784099797639e-05,0.0586472615701374,0.0,0.36669778614359
71701-0163,3.37989133649353e-06,0.00815736774062714,0.403756749220513,0.0,0.0,0.0,0.0117552620683245,0.0,3.88687503696756e-05,8.44972834123383e-06,2.02793480189612e-05,3.37989133649353e-06,3.04190220284418e-05,0.000143645381800975,5.0698370047403e-06,9.63269030900657e-05,0.00361310383871159,0.0,0.572367698378497
71701-0164,5.81149261407718e-06,0.0254814579485237,0.193780346887994,0.0,0.0,0.0,0.00204370823595047,2.90574630703859e-06,2.42145525586549e-05,9.68582102346196e-06,2.03402241492701e-05,0.0,2.42145525586549e-05,7.74865681876957e-06,9.68582102346196e-07,5.03662693220022e-05,1.35601494328467e-05,0.0,0.778534670880645
71701-0166,0.0,0.0070980004877281,0.286552367643218,0.0,0.0,0.0,0.0128625315855833,5.18859684775446e-06,7.78289527163169e-05,3.80497102168661e-05,4.32383070646205e-05,0.00478734535819478,0.000126255856628692,0.00176412292823652,1.72953228258482e-06,7.43698881511473e-05,0.19677234685424,0.0,0.489796624298891
71701-0167,7.5997851794056e-06,0.118663890211814,0.285598238200911,0.0,8.44420575489511e-07,0.0,0.0625403210824796,5.06652345293706e-06,0.000370700632639895,2.11105143872378e-05,0.0,0.0110863977356018,2.27993555382168e-05,0.000354656641705594,0.0,6.07982814352448e-05,0.068711346648157,0.0,0.452556229966122
71701-0169,3.62331530935262e-06,0.0273838093363173,0.212496572947603,0.0,1.20777176978421e-06,1.20777176978421e-06,0.0279333454915691,6.03885884892104e-06,3.01942942446052e-05,6.03885884892104e-06,1.20777176978421e-06,4.83108707913683e-06,0.000130439351136694,0.000265709789352526,1.20777176978421e-06,8.81673391942471e-05,7.24663061870524e-06,0.0,0.731639151612798
71701-0171,0.0,0.01557175180818,0.388019776476889,0.0,0.0,2.77967722388076e-06,0.00780996644003032,4.6327953731346e-06,7.78309622686614e-05,1.94577405671653e-05,2.3163976865673e-05,0.0001445432156418,9.26559074626921e-07,2.3163976865673e-05,0.0080054704047766,6.30060170746306e-05,0.0847264149020349,0.0,0.495507115047134
71701-0172,1.83731518905842e-06,0.0153415818286378,0.202906265166053,0.0,0.0,0.0,0.00121026576239263,1.04989439374767e-06,3.72712509780422e-05,2.09978878749534e-06,0.0,0.00285020080542648,3.14968318124301e-06,4.14708285530329e-05,2.09978878749534e-06,0.000170082891787122,0.0147476040753751,2.62473598436917e-07,0.76268475844686
71701-0174,1.79841963874246e-05,0.0780311801004867,0.49515887913496,0.0,2.24802454842807e-06,0.0,0.129528926455877,8.99209819371228e-06,0.000373172075039059,0.000150617644744681,0.000150617644744681,0.00535704249890409,8.76729573886947e-05,7.41848100981263e-05,1.57361718389965e-05,3.1472343677993e-05,0.00483100475457192,0.0,0.286180269088538
71701-0175,7.37702499336068e-07,0.0229831213668152,0.379391542978548,0.0,2.2131074980082e-06,0.0,0.0655042934285461,4.42621499601641e-06,7.37702499336068e-05,6.63932249402461e-06,5.90161999468854e-06,0.00406252766384373,4.42621499601641e-06,4.64752574581723e-05,7.37702499336068e-07,4.27867449614919e-05,0.00898669184691198,7.37702499336068e-07,0.518882970875505
71702-0001,0.0,0.0106204963129789,0.307216731525688,0.0,3.2335199613271e-06,0.0,0.00966067980445827,5.38919993554517e-07,5.87422792974423e-05,1.61675998066355e-06,5.38919993554517e-07,0.000510896153889682,1.23951598517539e-05,2.96405996454984e-05,4.31135994843613e-06,6.62871592072056e-05,5.28141593683427e-05,2.15567997421807e-06,0.671758921685763
71702-0002,7.7753846871574e-07,0.0129257995039305,0.174842742844702,0.0,7.7753846871574e-07,0.0,0.00912596900731664,1.55507693743148e-06,1.71058463117463e-05,0.0,0.0,0.000313348002892443,0.0,1.32181539681676e-05,0.0,8.39741546212999e-05,0.00460691542714076,0.0,0.798067816905241
71702-0004,0.0,0.0233949103467275,0.509191111212091,0.0,0.0,0.0,0.00373892558075469,7.10012453618436e-07,0.000103661818228292,0.0,3.55006226809218e-06,9.94017435065811e-06,4.26007472171062e-06,0.000126382216744082,2.48504358766453e-05,5.5380971382238e-05,0.00721017646649522,0.0,0.456136140627907
71702-0006,4.30722074232209e-06,0.0166618960933899,0.42793804337058,2.74095865420496e-06,0.0,0.0,0.0950309943688962,1.17469656608784e-06,0.000102198601249642,1.29216622269663e-05,1.56626208811712e-05,5.87348283043921e-06,4.4638469511338e-05,5.75601317383042e-05,8.22287596261489e-06,3.56324625046645e-05,0.0333696053528573,0.0,0.426708527631408
71702-0007,1.74540884747745e-06,0.0102379864963535,0.268137270587825,0.0,5.81802949159149e-07,0.0,0.0165586937360185,5.81802949159149e-07,3.02537533562758e-05,2.3272117966366e-06,4.07262064411405e-06,1.1636058983183e-06,0.0,9.89065013570554e-06,4.07262064411405e-06,4.47988270852545e-05,0.00997326615448614,0.0,0.694993294721011
71702-0008,3.57527929315707e-06,0.00975182964917827,0.428402223006514,0.0,2.55377092368362e-06,5.10754184736724e-07,0.0437925745535115,1.02150836947345e-06,4.29033515178848e-05,4.08603347789379e-06,1.53226255421017e-06,0.000113387429011553,5.61829603210396e-06,8.27421779273493e-05,3.06452510842034e-06,3.5242038746834e-05,4.49463682568317e-05,0.0,0.517712188995393
71702-0009,3.08553048816845e-05,0.0408328263751146,0.478469877091646,0.0,0.0,0.0,0.0481121765457153,4.16963579482223e-07,7.04668449324957e-05,1.66785431792889e-06,8.33927158964446e-07,0.0155256388820206,5.83749011275112e-06,0.000163032759577549,1.25089073844667e-05,6.42123912402623e-05,0.010320682519344,0.0,0.406388966142974
71702-0010,6.06959902086657e-06,0.0291990557132064,0.270076448384844,0.0,0.0,0.0,0.00524806094163045,1.07110570956469e-06,2.99909598678113e-05,2.21361846643369e-05,2.8562818921725e-05,9.9612830989516e-05,4.64145807478032e-06,2.03510084817291e-05,1.24962332782547e-05,0.000136744495587759,0.00386704864676505,0.0,0.691247709618958
71702-0012,5.97937712828455e-07,0.023329137803715,0.42421169386785,0.0,0.0,0.0,0.0258942905917491,2.39175085131382e-06,6.69690238367869e-05,2.39175085131382e-06,4.78350170262764e-06,0.00234690552285168,6.577314841113e-06,8.84947814986113e-05,1.01649411180837e-05,6.09896467085024e-05,0.000167422559591967,0.0,0.523807189005121
71702-0013,4.83069087223394e-06,0.0198128590356097,0.403863323067383,0.0,0.0,0.0,0.0429329847038369,1.31746114697289e-06,5.31375995945733e-05,2.19576857828815e-06,7.02645945052209e-06,7.90476688183735e-06,9.22222802881024e-06,7.55344390931124e-05,6.93862870739056e-05,7.15820556521938e-05,6.14815201920683e-05,8.78307431315261e-07,0.533026335609174
71702-0014,1.74791179163144e-05,0.0422830786844342,0.393237547767152,5.46222434884824e-07,1.63866730465447e-06,0.0,0.0396410007668963,2.73111217442412e-06,5.95382454024458e-05,6.55466921861788e-06,4.91600191396341e-06,0.00513940688983131,4.15129050512466e-05,0.000451725953649749,6.00844678373306e-06,7.21013614047967e-05,0.00327296482982986,2.18488973953929e-06,0.515759063468862
71702-0015,3.93590251556649e-05,0.0575271511675199,0.195150793171821,0.0,8.74645003459221e-07,0.0,0.0305837118359586,8.74645003459221e-06,5.33533452110125e-05,0.000401462056587782,0.000521288422061696,1.04957400415107e-05,0.000256270986013552,9.8834885390892e-05,0.0,0.000121575655480832,0.00477293778387697,0.0,0.710453144829842
71702-0016,6.94412858304015e-07,0.0399683208854042,0.201878317340427,0.0,0.0,0.0,0.0154732545151592,1.38882571660803e-06,2.91653400487686e-05,1.73603214576004e-06,2.77765143321606e-06,3.47206429152007e-06,6.59692215388814e-06,4.16647714982409e-06,0.0,0.000129160791644547,4.8261693652129e-05,0.0,0.742452687047916
71702-0017,1.84161045150763e-06,0.00379801462115924,0.361217771049761,0.0,1.22774030100509e-06,6.13870150502545e-07,0.0106776573978413,1.22774030100509e-06,1.47328836120611e-05,9.20805225753817e-06,2.45548060201018e-06,5.5248313545229e-06,9.20805225753817e-06,1.22774030100509e-06,7.36644180603054e-06,6.13870150502545e-05,7.67337688128181e-05,0.0,0.624113801703981
71702-0018,9.90494717444048e-07,0.0400635303311769,0.253697888215738,4.95247358722024e-07,0.0,0.0,0.0148351346305182,1.9809894348881e-06,1.68384101965488e-05,4.95247358722024e-06,7.92395773955239e-06,2.47623679361012e-06,4.95247358722024e-06,3.71435519041518e-05,1.48574207616607e-06,3.41720677518197e-05,0.0300610194270681,0.0,0.661229015750352
71702-0019,2.35586577596093e-06,0.0236830474725801,0.330880405887403,0.0,0.0,4.71173155192187e-07,0.0102169186971874,0.0,6.40795491061374e-05,9.42346310384374e-06,1.13081557246125e-05,4.24055839672968e-06,9.42346310384374e-07,2.30874846044172e-05,9.42346310384374e-06,3.58091597946062e-05,0.000915489440538419,0.0,0.634142997283216
71702-0022,4.35606897932753e-05,0.0673935883865901,0.294837603147812,0.0,0.0,0.0,0.0238367995506097,4.55111684407354e-06,2.86070201627479e-05,1.36533505322206e-05,2.01549460237542e-05,1.62539887288341e-05,3.90095729492017e-06,2.21054246712143e-05,1.30031909830672e-06,6.8266752661103e-05,0.00732599779986009,0.0,0.606383656549317
71702-0023,0.0,0.0141555719771766,0.281385700928507,0.0,0.0,0.0,0.035036788958797,5.50650483416059e-07,8.53508249294892e-05,2.20260193366424e-06,1.10130096683212e-06,0.0006651857839666,1.10130096683212e-06,0.00013270676650327,1.10130096683212e-06,4.90078930240293e-05,0.0110454980468427,0.0,0.657438131664936
71702-0024,1.48186786480623e-06,0.017620396824456,0.359390003912131,0.0,2.46977977467705e-05,0.0,0.061287585108611,0.0,6.12505384119909e-05,7.40933932403116e-06,9.87911909870821e-06,8.84181159334384e-05,1.48186786480623e-06,6.52021860514742e-05,1.97582381974164e-06,0.000135343931652302,0.0193388695916762,0.0,0.541966003975358
71702-0025,6.40961021994869e-06,0.0554011745902074,0.26879924110215,1.16538367635431e-06,5.82691838177153e-07,0.0,0.00309001481785344,5.82691838177153e-07,2.2724981688909e-05,4.66153470541723e-06,9.90576124901161e-06,4.66153470541723e-06,2.91345919088577e-06,0.000102553763519179,1.16538367635431e-06,5.36076491122981e-05,0.00325375122438123,0.0,0.669244883819988
71702-0026,0.0,0.00159875771544652,0.202694058129541,0.0,9.76638799906243e-07,0.0,0.00316430971169623,9.76638799906243e-07,4.34604265958278e-05,9.76638799906243e-07,4.88319399953121e-07,2.39276505977029e-05,6.34815219939058e-06,7.81311039924994e-05,0.0,0.000112801781389171,0.0207325767638097,0.0,0.771542210328932
71702-0027,0.0,0.0199858792890603,0.178532714389596,0.0,8.45551553278203e-07,0.0,0.0101339353660393,4.22775776639102e-06,0.00190502764953579,2.95943043647371e-06,2.95943043647371e-06,9.34334466372415e-05,1.77565826188423e-05,8.45551553278203e-05,3.38220621311281e-06,3.50903894610454e-05,0.00105271168383136,4.22775776639102e-07,0.78814409889571
71702-0028,0.0,0.0432657691629922,0.325178380441781,0.0,0.0,0.0,0.0158505611960728,4.88145150936921e-07,5.02789505465029e-05,0.0,0.0,5.85774181124306e-06,9.76290301873843e-07,8.78661271686459e-06,1.46443545281076e-06,2.09902414902876e-05,0.0275206473195218,4.88145150936921e-07,0.588095311317011
71702-0029,2.83557024380942e-06,0.0635004689324291,0.359742416799052,0.0,1.41778512190471e-06,0.0,0.00851309076447683,7.08892560952355e-07,7.23070412171402e-05,9.92449585333296e-06,9.92449585333296e-06,0.000861304461557111,3.68624131695224e-05,7.7978181704759e-05,4.25335536571413e-06,3.89890908523795e-05,0.0132534553195652,0.0,0.553874062400977
71702-0030,0.0,0.0226771305773554,0.536487055181365,0.0,0.0,0.0,0.00625053385527887,5.20834418405038e-07,8.95835199656666e-05,1.56250325521511e-06,1.04166883681008e-06,2.08333767362015e-06,2.08333767362015e-06,1.14583572049108e-05,0.0,2.81250585938721e-05,0.0116229408811268,0.0,0.422825880887252
71702-0031,1.39611591545122e-05,0.042817073686998,0.250651445700548,0.0,9.007199454524e-07,0.0,0.0150253597700642,4.503599727262e-06,3.69295177635484e-05,0.000173838949472313,0.000248148344972136,0.000512509648962416,6.35007561543942e-05,7.8812995227085e-05,4.9539596999882e-06,3.24259180362864e-05,0.0958357014761899,0.0,0.594499933797084
71702-0032,7.08828745557416e-07,0.0365287805735559,0.403755232928214,0.0,7.08828745557416e-07,0.0,0.0336310886617171,0.0,6.09592721179378e-05,4.2529724733445e-06,3.54414372778708e-06,0.00117736454637087,1.41765749111483e-06,6.09592721179378e-05,2.62266635856244e-05,0.000114830256780301,0.00267370202824257,0.0,0.521960223366114
71702-0033,0.0,0.047185464077303,0.421485875558575,0.0,4.02033485368996e-07,0.0,0.0100536513686225,8.04066970737993e-07,9.00555007226552e-05,1.60813394147599e-06,4.02033485368996e-07,2.37199756367708e-05,2.01016742684498e-06,3.81931811100547e-05,1.60813394147599e-06,0.000163225595059813,0.030944919402337,4.02033485368996e-07,0.490007658737896
71702-0034,0.0,0.0120741941564216,0.192301590599618,0.0,1.40047887193952e-05,0.0,0.00366672919077805,6.88760100953864e-07,2.5254537034975e-05,2.29586700317955e-07,4.59173400635909e-07,1.83669360254364e-06,4.59173400635909e-07,1.37752020190773e-05,1.14793350158977e-06,6.49730361899812e-05,0.0117670071513961,0.0,0.780067650017116
71702-0035,4.68012624172524e-07,0.0460313816504886,0.452748860447762,0.0,9.36025248345049e-07,0.0,0.0110006367311752,4.68012624172524e-07,4.2823155111786e-05,0.0,4.68012624172524e-07,2.34006312086262e-06,4.21211361755272e-06,3.67389909975432e-05,1.17003156043131e-06,4.56312308568211e-05,0.000105770853062991,0.0,0.489978094669126
71702-0036,0.0,0.0354443388272564,0.249436989141841,0.0,0.0,0.0,0.00390143345727226,1.73300764343021e-06,2.20958474537352e-05,1.29975573257266e-06,1.73300764343021e-06,1.73300764343021e-06,1.6463572612587e-05,2.51286108297381e-05,1.29975573257266e-06,0.000288979024541988,0.0303627271648082,1.29975573257266e-06,0.680492746063256
71702-0037,2.92666901531855e-06,0.0497873957877185,0.297318841931704,0.0,0.0,0.0,0.00912315898800175,3.65833626914819e-07,3.87783644529708e-05,3.65833626914819e-06,7.31667253829638e-06,2.19500176148891e-06,0.000137919277346887,2.34133521225484e-05,1.82916813457409e-06,4.09733662144597e-05,0.0362098465584019,0.0,0.607301380692691
71702-0038,5.87279927858534e-07,0.0244954457909794,0.428880547556314,0.0,1.7618397835756e-06,0.0,0.0237246408856651,1.46819981964633e-06,5.54979531826314e-05,8.80919891787801e-07,0.0,4.61014743368949e-05,9.10283888180727e-06,2.2022997294695e-05,1.7618397835756e-06,5.1680633651551e-05,0.00323679332239231,0.0,0.519471706468096
71702-0039,0.0,0.0288233880796978,0.25521819518389,0.0,0.0,0.0,0.0241473792074135,3.97788930011425e-07,4.05744708611653e-05,1.3127034690377e-05,5.17125609014852e-06,7.95577860022849e-07,0.0,2.94363808208454e-05,3.97788930011425e-07,3.34142701209597e-05,0.00011734773435337,7.95577860022849e-07,0.691569579648482
71702-0040,1.19333462942733e-05,0.0118697017807039,0.584043326002612,0.0,9.94445524522778e-07,9.94445524522778e-07,0.0452999769785861,2.48611381130694e-06,0.000130272363712484,3.72917071696042e-05,6.06611769958895e-05,0.00196850491579284,7.45834143392084e-06,5.46945038487528e-06,4.4750048603525e-06,5.41972810864914e-05,0.00295201153954587,0.0,0.353550245105961
71702-0041,1.53594337898328e-06,0.00770378000785379,0.312846067242577,0.0,5.11981126327759e-07,0.0,0.0113316782690123,1.53594337898328e-06,5.5293961643398e-05,2.5599056316388e-06,5.11981126327759e-07,0.0016506271512807,5.11981126327759e-07,1.99672639267826e-05,2.04792450531104e-06,0.000139770847487478,6.34856596646421e-05,0.0,0.66618011393628
71702-0042,0.0,0.0169868772116493,0.242933301896678,0.0,0.0,0.0,0.0108229753584988,0.0,1.71289467108392e-05,1.0075851006376e-05,1.10834361070136e-05,4.5341329528692e-06,9.5720584560572e-06,2.67010051668964e-05,5.037925503188e-06,4.43337444280544e-05,0.000146099839592452,0.0,0.72898227859325
71702-0043,1.80649543498604e-06,0.0237638452820963,0.304992430784127,0.0,1.20433028999069e-06,0.0,0.0148271123652204,1.20433028999069e-06,0.000155358607408799,2.40866057998138e-06,6.02165144995345e-07,0.000161982424003748,0.000920108341552888,2.70974315247905e-05,6.02165144995345e-06,0.000152949946828818,0.00342933050074849,0.0,0.651556536683298
71702-0044,1.11807631243524e-05,0.0858695031020406,0.377806060967459,0.0,0.0,0.0,0.00517607217306827,6.83268857599316e-06,0.000104974942667531,3.72692104145082e-06,0.0,0.00178643748586876,9.31730260362704e-06,8.44768769395518e-05,1.86346052072541e-06,8.13711094050095e-05,0.0403992029358199,4.34807454835929e-06,0.488654631196317
71702-0045,0.0,0.0359919464810393,0.370336117831838,0.0,0.0,0.0,0.0191755753589567,0.0,7.7286535244625e-05,3.92982382599788e-06,6.54970637666313e-07,0.0019210288802753,1.30994127533263e-06,2.2923972318321e-05,3.92982382599788e-06,1.89941484923231e-05,0.000159157864952914,3.27485318833157e-06,0.57228386951413
71702-0046,1.22175456172609e-06,0.0107960341846926,0.606818612208993,0.0,0.0,0.0,0.0123525494963317,6.10877280863047e-07,5.74224644011265e-05,0.0,0.0,4.88701824690438e-06,0.0,9.83512422189506e-05,6.10877280863047e-06,3.48200050091937e-05,0.00167991252237338,0.0,0.368149469453082
71702-0047,6.6474113318421e-06,0.0455292281136752,0.291350499165196,0.0,0.0,0.0,0.00514731217462306,9.97111699776315e-06,3.98844679910526e-05,2.2158037772807e-06,0.0,0.000122977109639079,4.4316075545614e-06,6.31504076524999e-05,3.10212528819298e-05,0.000145135147411886,0.0130078760745263,0.0,0.644539650146742
71702-0048,0.0,0.0519404679429091,0.076420906779866,0.0,0.0,0.0,0.00775518565358227,7.11289154689743e-06,1.84935180219333e-05,0.0,1.42257830937949e-06,1.13806264750359e-05,1.42257830937949e-06,7.82418070158717e-06,0.0,5.40579757564205e-05,0.000371292938748046,0.0,0.863410432335774
71702-0049,1.01212672404943e-05,0.0346383502527184,0.44900977859005,0.0,0.0,4.81965106690206e-07,0.0145312479667097,4.33768596021185e-06,0.000107960183898606,1.83146740542278e-05,2.65080808679613e-05,0.00637639836151142,1.92786042676082e-06,0.000204835170343337,4.24129293887381e-05,4.33768596021185e-05,1.3976988094016e-05,0.0,0.494969971164028
71702-0050,1.34903755046022e-05,0.0245805291990303,0.444414150267873,7.10019763400114e-07,0.0,0.0,0.00719747034158696,3.19508893530051e-06,8.20072826727132e-05,1.42003952680023e-05,4.15361561589067e-05,3.55009881700057e-07,0.00030850358719735,2.44956818373039e-05,1.02952865693017e-05,3.90510869870063e-05,0.0574015477720822,0.0,0.465868462448652
71702-0051,0.0,0.0213382438238359,0.220203412779146,0.0,0.0,0.0,0.0159805437386839,9.69639699517472e-06,5.37709287914234e-05,0.000123408689029496,0.00015602384255872,0.0,0.00158227569148533,6.52303070584481e-05,3.5259625436999e-06,5.02449662477236e-05,0.00185377480735022,0.0,0.738579848066274
71702-0053,3.75782473054518e-06,0.00355415063014963,0.438777895272431,0.0,0.0,0.0,0.0326885657660664,9.77034429941746e-06,9.62003131019565e-05,6.01251956887228e-06,2.25469483832711e-06,1.50312989221807e-06,1.20250391377446e-05,4.65970266587602e-05,3.75782473054518e-06,8.71815337486481e-05,3.38204225749066e-05,0.0,0.524676507658071
71702-0054,0.0,0.0112302795460836,0.343537226681428,0.0,4.61297167635391e-06,0.0,0.0164660023987453,0.0,2.99843158963004e-05,0.0,0.0,0.0,0.0,4.61297167635391e-06,5.0742688439893e-05,5.99686317926008e-05,0.00249331119106929,0.0,0.626123258603192
71702-0056,5.06454509496275e-07,0.00490501192447143,0.218293035592104,0.0,0.0,0.0,0.0282267356322654,8.60972666143668e-06,3.03872705697765e-05,1.26613627374069e-05,1.4687180775392e-05,1.51936352848883e-06,6.0774541139553e-06,0.000786523853247716,3.54518156647393e-06,0.000153455716377371,0.011347113285264,0.0,0.736210130001808
71702-0057,0.000156308338765101,0.243112624271458,0.368162459419951,2.5313091297992e-06,0.0,0.0,0.00812486947937299,1.13908910840964e-05,4.87277007486347e-05,1.83519911910442e-05,6.32827282449801e-07,0.00278127590636688,2.15161276032932e-05,9.99867106270686e-05,0.00012719828377241,2.2148954885743e-05,0.00822738749912986,0.0,0.369082590288633
71702-0058,0.0,0.0140009942922,0.303588597532092,0.0,0.0,1.17251438675153e-06,0.00673844018066102,1.28976582542668e-05,7.73859495256007e-05,2.34502877350305e-06,0.0,0.00241068957916114,3.51754316025458e-06,0.000274368366499857,7.1523377591843e-05,1.99327445747759e-05,0.00106464306317039,0.0,0.671733492169949
71702-0059,6.46426339718589e-06,0.0135641793617617,0.640391949837316,0.0,0.0,2.15475446572863e-06,0.0746514684651684,7.54164063005021e-06,0.000152987567066733,7.00295201361805e-05,9.26544420263311e-05,0.0108319506992178,3.44760714516581e-05,0.00014975543536814,0.000187463638518391,5.49462388760801e-05,0.00275485358443405,0.0,0.257047124480165
71702-0060,1.13662325144721e-05,0.0249653614064121,0.378871765028148,0.0,2.10275301517733e-05,0.0,0.0297619115275194,6.25142788295963e-06,5.68311625723603e-05,4.31916835549938e-05,5.39896044437423e-05,0.00248181686953497,0.000182428031857276,8.46784322328168e-05,7.95636276013044e-06,4.09184370520994e-05,0.000265401529212923,1.13662325144721e-06,0.563143968110898
71702-0061,6.58433612772559e-07,0.0439445177500533,0.432413764949735,0.0,6.58433612772559e-07,1.31686722554512e-06,0.0887476329311621,7.9012033532707e-06,9.41560066264759e-05,1.31686722554512e-06,0.0,0.0017468243746856,1.18518050299061e-05,2.89710789619926e-05,5.92590251495303e-06,4.93825209579419e-05,0.0201329245777465,0.0,0.412812196297496
71702-0062,6.35253790241739e-07,0.0165191395614462,0.546084486213087,0.0,0.0,0.0,0.0241428202981373,1.33403295950765e-05,0.000137850072482457,3.23979433023287e-05,4.82792880583722e-05,0.00217129745504627,1.27050758048348e-06,5.59023335412731e-05,5.59023335412731e-05,5.59023335412731e-05,0.00165420086978949,0.0,0.409026575207061
71702-0064,3.33210045616455e-06,0.0116490231947513,0.375327795382375,0.0,0.0,0.0,0.0496049794909217,1.99926027369873e-05,2.9988904105481e-05,5.66457077547974e-05,6.6642009123291e-05,0.000646427488495923,0.000286560639230151,1.66605022808228e-05,3.33210045616455e-06,2.33247031931519e-05,0.000156608721439734,0.0,0.562108686452679
71702-0065,0.0,0.00703956017688538,0.265031672044938,0.0,0.0,0.0,0.00420222301900323,2.39034301422254e-06,1.19517150711127e-05,0.0,0.0,0.0,0.0,0.000227879367355882,0.0,0.000112346121668459,0.0388853033743676,0.0,0.684486673837696
71702-0066,5.03665425131394e-06,0.0175804416642113,0.591476973675927,0.0,0.0,0.0,0.0119544988654936,5.03665425131394e-06,4.78482153874824e-05,1.25916356282848e-05,2.01466170052557e-05,0.00287844790462592,6.54765052670812e-05,0.000591806874529388,2.01466170052557e-05,0.000269461002445296,0.0202171301647741,0.0,0.354854956949198
71702-0067,4.933453197974e-05,0.0917339078065502,0.404572397512078,0.0,4.56801222034629e-06,0.0,0.0146642328297557,1.37040366610389e-05,4.56801222034629e-05,0.000237536635458007,0.0002466726598987,0.00139324372720562,1.91856513254544e-05,1.09632293288311e-05,2.64944708780085e-05,5.6643351532294e-05,0.0268151453358768,9.13602444069258e-07,0.460109376484604
71702-0068,0.0,0.0155383004965608,0.355229050702854,0.0,2.9158004309553e-06,0.0,0.0295953743741963,5.83160086191061e-06,4.66528068952849e-05,0.0,0.0,0.00210812371158068,2.62422038785977e-05,2.62422038785977e-05,1.16632017238212e-05,0.000116632017238212,6.12318090500614e-05,0.0,0.597231739070851
71702-0069,0.0,0.0220692020525809,0.519820069386732,1.31913939345971e-05,0.0,0.0,0.0543221602226707,5.27655757383883e-05,0.000105531151476777,2.63827878691941e-05,2.63827878691941e-05,0.00233487672642368,5.27655757383883e-05,0.000290210666561135,1.31913939345971e-05,6.59569696729853e-05,1.31913939345971e-05,0.0,0.400794121914863
71702-0070,0.0,0.0193310124238681,0.185221000007357,1.63482704755957e-06,8.17413523779786e-07,0.0,0.0623547558344934,7.35672171401807e-06,1.71656839993755e-05,0.0,0.0,8.17413523779786e-06,0.0,6.70279089499424e-05,4.90448114267871e-06,3.92358491414297e-05,0.0367549990967581,0.0,0.696191915616767
71702-0071,0.0,0.00907243830114376,0.366409032430143,0.0,1.07865133282081e-05,0.0,0.00400473822112745,9.80592120746191e-07,4.118486907134e-05,1.96118424149238e-06,3.92236848298477e-06,0.00115121514975603,2.059243453567e-05,7.94279617804415e-05,1.56894739319391e-05,7.06026326937258e-05,0.0139018544958188,0.0,0.605215573371825
71702-0072,0.0,0.0169230270515584,0.325135744039418,0.0,0.0,0.0,0.0135241583869556,8.10412175632527e-06,4.37622574841564e-05,1.62082435126505e-05,2.10707165664457e-05,0.0,3.24164870253011e-06,9.72494610759032e-06,0.0,9.88702854271683e-05,0.00100977357083813,0.0,0.643206314731673
71702-0073,5.41574802040871e-07,0.0163598916200506,0.269484372046725,0.0,0.0,0.0,0.0132393376106911,2.70787401020435e-06,2.491244089388e-05,5.41574802040871e-07,1.62472440612261e-06,3.79102361428609e-06,4.33259841632696e-06,3.24944881224522e-06,1.08314960408174e-06,5.25327557979644e-05,0.000164638739820425,0.0,0.700656442817554
71702-0074,0.0,0.0168216685556995,0.603100712435233,0.0,0.0,2.52995466321244e-06,0.0198778537888601,2.52995466321244e-06,0.000120172846502591,3.79493199481865e-06,1.26497733160622e-05,0.00852847716968912,5.05990932642487e-06,0.000576829663212435,0.000129027687823834,7.84285945595855e-05,0.0299711079177461,0.0,0.32076915681671
71702-0075,0.0,0.00433032757654491,0.587272279156736,0.0,0.0,0.0,0.182293710491785,1.37689271114306e-06,3.99298886231486e-05,1.37689271114306e-06,0.0,0.0020818617792483,0.0,0.000156965769070308,0.0,6.88446355571528e-05,0.00367630353875196,0.0,0.220077023378261
71702-0076,1.0580790152247e-06,0.0288157239006295,0.421090054163065,0.0,0.0,0.0,0.086921191100709,4.2323160608988e-06,0.000168234563420727,0.000154479536222806,0.000189396143725221,0.00362709486419027,0.000246532410547355,8.25301631875265e-05,3.1742370456741e-05,3.28004494719657e-05,0.00117235154886897,0.0,0.457462578390429
71702-0077,1.15892312862888e-06,0.00829209498533962,0.334717860164335,0.0,0.0,0.0,0.00671248276101846,3.47676938588663e-06,0.00135594006049579,8.11246190040215e-06,8.11246190040215e-06,0.000374332170547128,0.000100826312190712,1.27481544149177e-05,1.73838469294332e-05,0.000170361699908445,0.000662904029575718,0.0,0.647562205198929
71702-0078,1.41816211862075e-06,0.0270287518187929,0.406499153357215,0.0,0.0,0.0,0.0150311002952614,1.27634590675868e-05,4.11267014400018e-05,5.67264847448301e-06,8.50897271172451e-06,0.00179539324217387,1.41816211862075e-06,0.000138979887624834,1.98542696606905e-05,9.64350240662111e-05,0.00140539865955317,0.0,0.547914025339721
71702-0079,0.0,0.0148637279387908,0.497186464849203,0.0,2.82956937726837e-06,0.0,0.0565819556474432,3.77275916969116e-06,3.20684529423749e-05,7.54551833938232e-06,0.0,0.00137611390714485,9.43189792422791e-07,3.77275916969116e-06,1.88637958484558e-06,3.67844019044888e-05,3.77275916969116e-06,0.0,0.429898361867969
71702-0081,0.0,0.0446384835872592,0.518221982043479,0.0,0.0,0.0,0.0060139493286056,1.26409865025867e-05,7.42657957026966e-05,1.896147975388e-05,3.792295950776e-05,0.0,3.63428361949367e-05,2.21217263795267e-05,0.0,3.00223429436433e-05,1.896147975388e-05,0.0,0.430874345433918
71702-0082,0.000105865289947385,0.18441601177222,0.285726888724994,4.85215912258848e-06,0.0,0.0,0.0124475525709386,1.10276343695193e-05,2.1173057989477e-05,8.82210749561541e-06,0.0,0.00169693237678162,2.33785848633808e-05,0.000122627294189054,3.52884299824617e-06,7.41057029631695e-05,0.000156592408047174,0.0,0.51518064147308
71702-0086,0.0,0.00155912494112679,0.196829779286376,0.0,6.49635392136164e-06,0.0,0.00636317866597372,6.49635392136164e-06,1.29927078427233e-05,0.0,0.0,6.49635392136164e-06,0.0,3.24817696068082e-06,0.0,0.00191642440680168,0.0,0.0,0.793295762753155
71702-0088,3.05412365230431e-06,0.0217977895271046,0.351308717436043,0.0,4.58118547845647e-06,0.0,0.0221887173545995,3.5631442610217e-06,3.05412365230431e-05,8.65335034819555e-06,8.14432973947816e-06,6.10824730460862e-06,3.5631442610217e-06,0.000226514170879236,1.52706182615216e-06,4.17396899148256e-05,6.41365966983905e-05,5.09020608717385e-07,0.604302140380758
71702-0089,2.5643853040207e-06,0.0194021392102206,0.234271983834115,0.0,0.0,0.0,0.00516980077290573,5.1287706080414e-06,7.43671738166003e-05,5.38520913844347e-05,6.66740179045382e-05,5.1287706080414e-06,1.02575412160828e-05,5.1287706080414e-06,0.0,5.64164766884554e-05,0.000210279594929697,0.0,0.740666278589691
71702-0092,2.52807830123783e-05,0.0572144036595929,0.331190232569898,2.66113505393455e-06,0.0,0.0,0.0710017443740279,1.06445402157382e-05,0.000187610021302386,8.38257541989385e-05,0.000105114834630415,0.00580127441757733,0.00203842945131387,0.00109638764222104,2.92724855932801e-05,5.45532686056584e-05,0.000892810810595043,0.0,0.530265754252161
71702-0093,0.0,0.0141373270932675,0.286220688954509,0.0,0.0,0.0,0.0183093956574266,4.41722452531401e-06,4.63808575157971e-05,8.83444905062802e-06,8.83444905062802e-06,0.00213572805798932,0.0,3.53377962025121e-05,1.5460285838599e-05,7.06755924050241e-05,0.0202993553060805,0.0,0.658707564276138
71702-0095,3.41337702455925e-06,0.00786100728755995,0.35353028518765,0.0,0.0,0.0,0.0389534586042701,3.41337702455925e-06,4.77872783438295e-05,6.8267540491185e-06,6.8267540491185e-06,0.00286382332360521,2.7307016196474e-05,0.000197975867424436,6.8267540491185e-06,8.19210485894219e-05,0.0277848889799123,0.0,0.568624238390251
71702-0098,4.077999904167e-06,0.0179707260776879,0.291153900657883,0.0,0.0,0.0,0.0032256979241961,2.0389999520835e-06,3.05849992812525e-05,3.05849992812525e-06,4.077999904167e-06,0.000225309494705227,1.01949997604175e-06,8.76769979395905e-05,7.13649983229225e-06,3.05849992812525e-05,0.000477125988787539,0.0,0.686776983360741
71702-0099,0.0,0.00418103968967693,0.440790974860073,0.0,0.0,0.0,0.00231869857589627,0.0,5.20113284028831e-05,0.0,0.0,0.0,0.0,0.000120800504677664,1.17444935103284e-05,5.20113284028831e-05,6.71113914875911e-06,0.0,0.552466008080212
71702-0100,3.39303376238245e-06,0.0118128470437345,0.510956954277174,0.0,6.78606752476491e-06,5.08955064357368e-06,0.0178524471407753,1.35721350495298e-05,0.000134024833614107,4.07164051485894e-05,5.08955064357368e-05,0.00210028789891474,4.58059557921631e-05,0.000493686412426647,9.83979791090911e-05,0.00012384573232696,0.0234339876798944,0.0,0.432827262347674
71702-0102,0.0,0.0149756524801554,0.509142260642185,0.0,2.30182177684528e-06,0.0,0.0148985414506311,2.30182177684528e-06,4.4885524648483e-05,4.60364355369057e-06,0.0,1.15091088842264e-06,1.15091088842264e-06,0.000245144019234023,3.33764157642566e-05,8.17146730780076e-05,0.000552437226442868,3.45273266526793e-06,0.460011025726311
71702-0103,2.13724306331048e-06,0.0120113060158049,0.368718241903856,0.0,0.0,0.0,0.0129014677516737,8.54897225324193e-06,7.58721287475221e-05,7.48035072158669e-06,2.13724306331048e-06,5.34310765827621e-06,5.34310765827621e-06,5.34310765827621e-06,0.0,2.77841598230363e-05,0.0220317701181361,0.0,0.584197224789882
71702-0104,3.5878214987048e-06,0.0247141104235782,0.337826880437045,0.0,0.0,0.0,0.0123935313970259,4.78376199827306e-06,5.26213819810037e-05,1.19594049956827e-06,0.0,5.26213819810037e-05,1.07634644961144e-05,1.91350479930922e-05,8.37158349697786e-06,4.42497984840258e-05,0.0121686945831071,0.0,0.612699452976815
71702-0105,0.0,0.00495938863572764,0.496227340724337,0.0,0.0,0.0,0.0490065676055705,1.7274080932524e-06,4.318520233131e-05,1.03644485595144e-05,0.0,3.4548161865048e-06,0.0,0.00029538678394616,0.0,0.000100189669408639,0.00843320631125821,0.0,0.440919188394581
71702-0107,0.0,0.0212346333914093,0.380083269255103,1.2166752645052e-06,0.0,0.0,0.0138116976026631,1.09500773805468e-05,5.84004126962497e-05,9.73340211604162e-06,9.73340211604162e-06,0.00590939175970177,1.46001031740624e-05,0.000546287193762836,2.55501805546093e-05,6.44837890187757e-05,0.00914696463855011,0.0,0.569073088116489
71702-0111,1.8543375093965e-05,0.0245585606917535,0.324954105146642,0.0,0.0,0.0,0.0189142425958443,1.71169616251984e-05,3.99395771254631e-05,3.28075097816304e-05,7.55999138446265e-05,0.0,1.42641346876654e-05,1.28377212188988e-05,3.99395771254631e-05,6.98942599695603e-05,0.00153054165198649,0.0,0.629721606883301
71702-0114,1.03794870198028e-05,0.0341433225516412,0.306196164520059,0.0,0.0,0.0,0.032917245647427,9.08205114232742e-06,3.24358969368836e-05,4.80051274665878e-05,6.61692297512426e-05,1.29743587747535e-06,0.000164774356439369,1.42717946522288e-05,0.0,7.00615373836687e-05,0.000236133329700513,0.0,0.626090657034503
71702-0117,0.0,0.0133913954554384,0.466324037391134,0.0,0.0,0.0,0.0474868623534805,1.53477178966669e-05,5.52517844280008e-05,0.000103341300504224,0.000146314910614891,0.00167699397550913,7.46922270971122e-05,5.93445092004453e-05,5.7298146814223e-05,4.60431536900007e-05,0.00494708106869229,1.02318119311113e-06,0.465614972824308
71702-0120,0.0,0.145589393240561,0.202257605834431,0.0,0.0,0.0,0.00971959258872306,3.82234748196489e-06,1.52893899278596e-05,1.14670424458947e-05,1.14670424458947e-05,0.0,6.37057913660815e-06,0.000533854531647763,3.18528956830408e-06,0.000127411582732163,0.0205999046961361,0.0,0.621120635834763
71702-0121,1.6743000797804e-06,0.0238587761368707,0.468363681417529,0.0,8.37150039890199e-07,0.0,0.0248692162350182,1.00458004786824e-05,7.86921037496787e-05,3.51603016753884e-05,5.27404525130826e-05,0.00132269706302652,1.6743000797804e-06,5.35776025529728e-05,6.69720031912159e-06,0.000108829505185726,0.00248131271823455,8.37150039890199e-07,0.478753550562607
71702-0122,4.71093913042659e-07,0.0102929309060691,0.194150050006619,0.0,4.71093913042659e-07,0.0,0.013682922704324,9.42187826085318e-07,1.64882869564931e-05,4.71093913042659e-07,0.0,7.06640869563988e-06,0.0,1.83726626086637e-05,1.60171930434504e-05,2.54390713043036e-05,0.000247324304347396,0.0,0.781541032986467
71702-0123,0.0,0.0414254196372828,0.478266938327683,0.0,0.0,0.0,0.00552807807044215,1.40663564133388e-05,4.86912337384805e-05,5.41013708205338e-06,8.65621933128542e-06,0.0,2.81327128266776e-05,1.08202741641068e-05,5.41013708205338e-06,4.21990692400164e-05,0.00439303131062735,0.0,0.470223146514086
71702-0124,0.0,0.0301038018535142,0.255310204442871,0.0,0.0,0.0,0.193218742493015,1.89650158673966e-05,3.47691957568938e-05,0.00104939754466261,0.00122640435942498,0.0,2.84475238010949e-05,2.52866878231955e-05,0.0,4.42517036905921e-05,1.26433439115977e-05,0.0,0.518927085835662
71702-0126,0.0,0.015186887353873,0.543300553819098,0.0,7.87905958696394e-07,0.0,0.0285355901061073,7.87905958696394e-07,9.29729031261745e-05,7.87905958696394e-07,7.87905958696394e-07,0.00427754144976272,3.15162383478558e-06,3.86073919761233e-05,8.66696554566033e-06,6.46082886131043e-05,0.0180241367111387,7.87905958696394e-07,0.390463343857131
71702-0128,1.01985244774786e-06,0.0102719538537164,0.307267264572162,0.0,0.0,0.0,0.014071924074025,1.01985244774786e-06,0.000302896176981114,1.01985244774786e-06,0.0,6.11911468648716e-06,0.0,5.0992622387393e-06,1.01985244774786e-06,0.000716956270766745,0.00283111039494806,0.0,0.664522596870685
71702-0129,1.37515102104963e-05,0.0374414333002642,0.363694703376651,0.0,3.27416909773722e-06,0.0,0.0331090527501383,5.23867055637955e-06,7.85800583456933e-05,8.51283965411678e-06,7.20317201502189e-06,4.58383673683211e-06,2.68481866014452e-05,1.44063440300438e-05,5.893504375927e-06,6.22092128570072e-05,9.23315685561897e-05,6.54833819547444e-07,0.56543132266609
71702-0130,0.0,0.00374008365877421,0.257779330038827,0.0,0.0,0.0,0.00793495747021093,5.02530555428178e-06,3.20363229085463e-05,2.51265277714089e-06,0.0,1.88448958285567e-06,6.28163194285223e-06,6.53289722056631e-05,2.51265277714089e-06,2.51265277714089e-05,0.000163950593708443,0.0,0.73024096968296
71702-0131,1.71766706459287e-06,0.0389458104668905,0.358232062545983,0.0,0.0,0.0,0.00201711368952023,5.72555688197623e-06,4.46593436794146e-05,2.51924502806954e-05,3.89337867974384e-05,5.15300119377861e-06,3.43533412918574e-06,8.47382418532483e-05,2.29022275279049e-06,7.27145724010982e-05,0.00259253215615884,0.0,0.597927920964413
71702-0132,0.0,0.0159679889321983,0.361521640692375,0.0,0.0,0.0,0.0055009067678788,1.70658948331297e-05,2.73054317330075e-05,1.36527158665037e-05,6.82635793325187e-06,0.000141078063953872,1.13772632220865e-05,9.10181057766916e-06,6.82635793325187e-06,3.5269515988468e-05,0.000130838527053994,0.0,0.616610121668453
71702-0133,0.0,0.0113103632035513,0.346190874790421,0.0,0.0,0.0,0.0163968216861352,3.7705400167412e-06,8.67224203850475e-05,1.13116200502236e-05,1.13116200502236e-05,2.51369334449413e-06,2.89074734616825e-05,3.8962246839659e-05,1.25684667224707e-06,5.90717935956121e-05,0.000180985920803578,0.0,0.625677126144673
71702-0135,4.61397203010155e-06,0.00866760279032522,0.3178452545554,0.0,0.0,0.0,0.03392499834666,1.02532711780035e-06,1.4867243208105e-05,1.7943224561506e-05,2.35825237094079e-05,1.02532711780035e-06,6.66462626570224e-06,8.45894872185285e-05,5.12663558900173e-07,5.02410287722169e-05,9.74060761910328e-06,0.0,0.639347338276435
71702-0136,1.64298846457799e-06,0.0259772906134426,0.520140574093029,1.64298846457799e-06,0.0,0.0,0.0228161808075945,3.28597692915598e-06,8.54354001580555e-05,6.57195385831196e-06,0.0,0.00203237673068297,2.79308038978258e-05,6.57195385831196e-05,3.45027577561378e-05,0.000231661373505497,0.00499797090924625,0.0,0.423577213064387
71702-0137,0.0,0.0100042702600114,0.420375071171,0.0,0.0,0.0,0.0634750427026001,4.74473334598596e-06,0.00013166635035111,8.30328335547542e-06,5.93091668248244e-06,0.00732586828620232,2.37236667299298e-06,0.000115059783640159,0.00944201935851205,0.000192161700512431,0.0439931675839818,0.0,0.444924321503132
71702-0138,0.0,0.0139255323723477,0.165421239470805,0.0,0.0,0.0,0.00113187353976847,3.34449758479496e-06,2.29336977243083e-05,0.0,1.43335610776927e-06,0.00052221940859727,3.82228295405138e-06,0.000969426514221282,0.0,8.26568688813611e-05,0.000212136703949852,0.0,0.817703381287058
71702-0139,1.44868748913484e-06,0.0088601726835487,0.417097409746769,0.0,2.89737497826969e-06,0.0,0.00557020339572347,0.0,2.7525062293562e-05,1.44868748913484e-06,5.79474995653938e-06,0.00159500492553746,0.0,0.000338992872457553,0.0,4.34606246740453e-05,0.00223532479573506,0.0,0.564220316393348
71702-0141,0.0,0.0229441471319816,0.421626824219724,1.15961523966348e-06,0.0,0.0,0.0121527677116733,2.31923047932696e-06,3.24692267105774e-05,3.47884571899044e-06,4.63846095865392e-06,2.78307657519235e-05,4.63846095865392e-06,0.00010668460204904,1.15961523966348e-06,0.000177421131668512,0.0127847580172899,0.0,0.530129702964556
71702-0143,2.50712022142886e-06,0.0466148862770268,0.117528781740142,2.50712022142886e-05,5.01424044285772e-06,0.0,0.00915349592843676,2.75783224357174e-05,1.7549841550002e-05,0.00132375947691444,0.00165720646636448,7.52136066428657e-06,0.0021460949095431,4.01139235428617e-05,0.0,6.01708853142926e-05,1.50427213285731e-05,0.0,0.821375205583858
71702-0146,4.88180737527186e-06,0.00825350900245962,0.362621465469756,0.0,8.13634562545309e-07,0.0,0.00974408752104262,4.88180737527186e-06,2.3595402313814e-05,4.88180737527186e-06,1.62726912509062e-06,8.13634562545309e-07,2.52226714389046e-05,6.50907650036247e-06,2.44090368763593e-06,2.68499405639952e-05,1.13908838756343e-05,8.13634562545309e-07,0.619266215533423
71702-0148,5.30545728178433e-06,0.0179890371567701,0.601898823161151,0.0,0.0,0.0,0.0203588080759671,9.72667168327127e-06,7.42764019449806e-05,3.53697152118955e-06,3.53697152118955e-06,2.65272864089217e-06,1.76848576059478e-06,5.39388156981407e-05,8.84242880297389e-07,7.86976163464676e-05,0.0346163402778822,0.0,0.324902666964951
71702-0149,9.40455970672821e-07,0.0288400227966527,0.303731541200436,0.0,0.0,0.0,0.0352445279569346,4.70227985336411e-06,8.18196694485354e-05,3.47968709148944e-05,3.57373268855672e-05,0.00723774915029803,4.42014306216226e-05,0.000186210282193219,6.58319179470975e-06,4.23205186802769e-05,0.0340689579935936,0.0,0.590439888875723
71702-0150,2.40797618029962e-06,0.0114421008147387,0.202179700038407,6.01994045074906e-07,0.0,0.0,0.0119489798006918,7.82592258597378e-06,1.20398809014981e-05,2.40797618029962e-06,1.80598213522472e-06,6.01994045074906e-07,0.0,1.44478570817977e-05,3.61196427044944e-06,5.41794640567416e-05,0.00988895617844548,0.0,0.764440332156234
71702-0151,5.65325319281607e-07,0.00665953226113733,0.254503240162067,0.0,1.13065063856321e-06,0.0,0.0200345639900209,7.34922915066089e-06,2.65702900062355e-05,6.21857851209768e-06,5.08792787353446e-06,0.00691675528141046,5.65325319281607e-07,7.6318918103017e-05,2.82662659640804e-06,9.04520510850571e-06,0.0880997324315264,6.21857851209768e-06,0.623644279218698
71702-0152,0.000103345439513391,0.0184397791360321,0.462574187261936,8.8581805297192e-05,0.0,0.0,0.108689875099655,7.38181710809933e-05,0.000147636342161987,0.000782472613458529,0.00122538163994449,4.4290902648596e-05,0.000103345439513391,2.95272684323973e-05,1.47636342161987e-05,4.4290902648596e-05,0.00541825375734491,0.0,0.402220450586116
71702-0153,0.0,0.0316008148005187,0.394292785731449,0.0,0.0,0.0,0.00935026149182083,9.0265936343602e-06,2.36410785661815e-05,7.30724246591064e-06,7.30724246591064e-06,3.00886454478673e-06,4.29837792112391e-07,5.15805350534869e-06,2.14918896056195e-06,0.000105310259067536,9.0265936343602e-06,3.43870233689912e-06,0.564580334319238
71702-0155,0.0,0.0242093818710315,0.370219816965528,0.0,0.0,0.0,0.0201986142583069,1.30765595198287e-05,7.75253171532703e-05,4.67019982851026e-05,5.97785578049314e-05,7.47231972561642e-06,2.80211989710616e-06,4.85700782165067e-05,8.40635969131847e-05,7.0987037393356e-05,0.0935889364834143,0.0,0.49137227283681
71702-0156,3.18044914302798e-06,0.0405941927118948,0.299513497296088,0.0,0.0,0.0,0.0220034073211819,7.42104800039862e-06,0.00143862316236299,3.18044914302798e-06,4.24059885737064e-06,0.0023259684732678,3.39247908589651e-05,1.16616468577693e-05,4.02856891450211e-05,0.000575661294888064,9.54134742908393e-06,1.06014971434266e-06,0.633434153571167
71702-0158,1.43245440318578e-05,0.0505405724804022,0.333819174118414,0.0,7.16227201592889e-06,0.0,0.00712287951984128,7.16227201592889e-06,0.0171178301180701,0.000279328608621227,0.000139664304310613,0.00939331974889074,0.00310484491890518,0.000282909744629191,0.000139664304310613,0.000748457425664569,1.07434080238933e-05,7.16227201592889e-06,0.577264799939837
71702-0159,4.92503360104174e-07,0.0206688885134919,0.174395439812888,0.0,0.0,0.0,0.00312099379298015,1.28050873627085e-05,1.47751008031252e-05,0.0,0.0,0.0,1.42825974430211e-05,5.41753696114592e-06,9.85006720208349e-07,7.43680073757303e-05,0.0159029334977638,9.85006720208349e-07,0.78578763353613
71702-0161,2.53912151473833e-06,0.0144361753720448,0.478475866919563,0.0,5.07824302947666e-06,0.0,0.0101285557222912,1.90434113605375e-05,0.000180277627546421,1.14260468163225e-05,2.53912151473833e-06,0.00602025711144458,1.39651683310608e-05,0.000575111023088232,4.570418726529e-05,9.14083745305799e-05,0.0167645498010598,0.0,0.473227502748599
71702-0162,0.0,0.00600611941273149,0.233580926440379,0.0,0.0,0.0,0.0147328519940804,7.08083242265961e-06,1.8882219793759e-05,8.65435073880619e-06,1.02278690549528e-05,1.57351831614658e-06,0.000143976925927412,1.96689789518322e-05,1.18013873710993e-05,1.25881465291726e-05,0.0236122158520956,0.0,0.721833432071608
71702-0163,0.0,0.00546340388901609,0.418137341568533,0.0,0.0,0.0,0.0115992267182188,8.69507250241288e-06,3.04327537584451e-05,2.89835750080429e-06,0.0,1.44917875040215e-06,0.0,0.000152163768792225,0.0,1.73901450048258e-05,0.0187465763152022,0.0,0.545840422232721
71702-0164,0.0,0.0236392019843432,0.481009692518476,0.0,0.0,0.0,0.00738016777275806,5.09328348706561e-06,2.5466417435328e-05,2.5466417435328e-06,1.2733208717664e-06,1.2733208717664e-06,0.0,1.01865669741312e-05,0.0,4.58395513835905e-05,0.0120150557459878,1.2733208717664e-06,0.475862929554796
71702-0166,0.0,0.0258664873154239,0.475526253416013,0.0,0.0,0.0,0.0170684175021423,5.06451175068016e-06,5.57096292574818e-05,2.02580470027207e-06,0.0,0.00152441803695473,0.0,1.21548282016324e-05,0.0171139981078984,6.58386527588421e-05,0.0100864816026546,0.0,0.452673150592244
71702-0167,2.82470914323041e-06,0.0620355560263404,0.447802552830888,0.0,0.0,0.0,0.012167434634465,3.53088642903801e-06,0.000103808061013717,3.53088642903801e-06,7.06177285807602e-07,0.0156206415620642,3.03656232897269e-05,0.000435005208057483,1.83606094309977e-05,7.55609695814134e-05,0.0919117984570026,0.0,0.369788323358579
71702-0169,0.0,0.0284852052856288,0.371718620908016,0.0,0.0,0.0,0.0124620917910485,2.96834262589483e-06,6.03563000598616e-05,1.97889508392989e-06,9.89447541964944e-07,0.00114182246342755,0.0,0.000345317192145765,5.93668525178966e-05,0.000115765362409898,0.0168384182691594,0.0,0.568767098890335
71702-0171,0.0,0.0133619827605227,0.288313567458654,0.0,0.0,0.0,0.00337323518128782,1.42345613726672e-06,3.09601709855512e-05,0.0,0.0,4.62623244611685e-06,6.40555261770025e-06,8.54073682360033e-06,3.55864034316681e-07,5.19561490102354e-05,0.000509597297141487,0.0,0.694337349140339
71702-0172,4.3344364474092e-07,0.0149277991248773,0.160997440515278,0.0,0.0,0.0,0.00196263282338689,8.6688728948184e-07,3.59758225134964e-05,2.1672182237046e-06,1.73377457896368e-06,0.000181179443501705,3.46754915792736e-06,7.88867433428474e-05,8.6688728948184e-07,5.11463500794285e-05,0.00949241581982615,0.0,0.81226298759701
71702-0174,1.55761541540824e-06,0.00990954927282724,0.401613222285738,0.0,0.0,3.89403853852061e-06,0.0185247201354502,7.78807707704122e-06,8.48900401397493e-05,1.16821156155618e-05,1.32397310309701e-05,0.00499605144492194,1.40185387386742e-05,0.00032320519869721,4.75072701699514e-05,8.3332424724341e-05,0.00930130045311032,0.0,0.555064041357805
71702-0175,2.95934160567957e-06,0.0031576174932601,0.413760346598089,0.0,0.0,0.0,0.00961194153524724,8.87802481703871e-06,0.000127251689044221,1.18373664227183e-05,5.91868321135914e-06,0.000520844122599604,2.95934160567957e-06,5.91868321135914e-06,7.10241985363096e-05,9.46989313817462e-05,0.0224170126630227,0.0,0.550200791327945
71801-0002,7.7430172669285e-06,0.0486336244529825,0.406507071510769,0.0,1.86900416787929e-06,0.0,0.0028779994179387,3.20400714493593e-06,0.000114810256026871,3.92490875254652e-05,6.32791411124847e-05,8.38381869591569e-05,4.00500893116992e-06,8.38381869591569e-05,1.36170303659777e-05,0.000101460226256305,0.000877630957117034,0.0,0.540586760508476
71801-0003,0.0,0.00870881803363116,0.389760050237665,0.0,0.0,0.0,0.00983116491353954,7.79931703141892e-06,7.32129437465453e-05,7.54772615943766e-07,2.51590871981255e-07,6.7929535434939e-06,2.2643178478313e-06,1.20763618551003e-05,3.01909046377507e-06,0.000219387240367655,0.00777591908032466,1.50954523188753e-06,0.583596979601264
71801-0004,8.84795236262448e-07,0.0181475926933609,0.317565839825518,0.0,0.0,0.0,0.0193159648028455,9.73274759888693e-06,7.03412212828646e-05,8.84795236262448e-07,0.0,5.17605213213532e-05,1.7695904725249e-06,3.18526285054481e-05,8.84795236262448e-07,5.97236784477152e-05,0.00061802947252932,8.84795236262448e-07,0.644123853637172
71801-0005,7.98163585223119e-07,0.00633422621233067,0.22172186233913,0.0,0.0,0.0,0.00746602217617705,9.04585396586201e-06,4.78898151133871e-05,5.32109056815412e-07,2.66054528407706e-07,0.00181236344751329,0.000128504337220922,0.00168173067406511,2.12843622726165e-06,0.000200871168947818,0.0451867011047648,0.0,0.715407058107373
71801-0006,3.39929861138652e-06,0.0138510087418629,0.414327477097226,0.0,0.0,0.0,0.00496750837077283,4.81567303279757e-06,5.6654976856442e-05,2.91773130810676e-05,3.3709711229583e-05,6.51532233849082e-06,1.41637442141105e-06,6.51532233849082e-05,2.8327488428221e-07,7.84671429461721e-05,0.0440631249752134,1.69964930569326e-06,0.522509588854833
71801-0007,2.0390498435539e-06,0.0281307316416696,0.309683753564514,0.0,0.0,0.0,0.0221206322277945,1.63123987484312e-05,0.000100932967255918,0.000244685981226468,0.000255900755366015,1.32538239831004e-05,3.67028971839702e-05,1.52928738266543e-05,5.09762460888475e-06,9.07377180381486e-05,4.99567211670706e-05,0.0,0.639233969754774
71801-0008,1.13560162186624e-06,0.0178999205646665,0.370273129224083,0.0,0.0,0.0,0.00559340578850215,1.02204145967961e-05,7.43819062322385e-05,1.13560162186624e-06,3.40680486559871e-06,7.2110702988506e-05,1.13560162186624e-05,8.51701216399677e-06,3.40680486559871e-06,3.8610455143452e-05,0.00100443963454069,0.0,0.605004823467889
71801-0010,1.47650565741599e-06,0.0189317555393878,0.546642629154564,3.69126414353997e-07,0.0,0.0,0.0215030901417778,7.01340187272595e-06,6.45971225119496e-05,3.72817678497537e-05,4.57716753798957e-05,0.00253589846661196,8.48990753014194e-06,0.00338636572528357,1.84563207176999e-06,0.000144697554426767,0.0245948929884068,1.84563207176999e-06,0.382091979658182
71801-0011,1.93168468338239e-05,0.0190161479181107,0.13335546185454,0.0,3.54142191953439e-06,0.0,0.0199372395646369,6.11700149737758e-06,4.05653783510302e-05,8.37063362799037e-06,1.1268160653064e-05,2.22143738588975e-05,1.41656876781375e-05,0.000608802622712684,3.21947447230399e-06,0.000472940799981456,2.02826891755151e-05,3.21947447230399e-07,0.826460023624504
71801-0012,5.41168212088461e-06,0.0151952302979981,0.297811051891847,0.0,0.0,0.0,0.0453027372288167,1.00502667959286e-05,0.000157711878951494,7.65366471382252e-05,7.57635496923845e-05,0.00821106797227363,0.000279861275394318,0.000291457737081928,0.00138539062294646,8.65869139341537e-05,0.112897739308449,0.0,0.51821340272656
71801-0013,8.38213833378178e-07,0.0232922860019128,0.708429832700901,0.0,1.25732075006727e-06,4.19106916689089e-07,0.0217809864603319,9.22035216715996e-06,0.000171414728925837,1.67642766675636e-06,0.0,0.00709003170962932,0.0,0.000466046891358267,0.000273257709681286,0.000171833835842526,0.0438427745548456,8.38213833378178e-07,0.194467285771404
71801-0014,4.30007962314102e-06,0.037139787705069,0.178196732942838,0.0,0.0,0.0,0.00822031887957125,1.57669586181837e-05,1.57669586181837e-05,7.1667993719017e-07,0.0,9.31683918347221e-06,0.00396682345234759,1.79169984297543e-05,0.0,3.08172372991773e-05,0.000943867477279454,0.0,0.771437867791185
71801-0015,1.39205000243609e-06,0.0188135557829237,0.319516541034154,0.0,0.0,0.0,0.0214020727624536,2.78410000487218e-06,0.000204631350358105,3.48012500609022e-06,1.39205000243609e-06,0.00424853660743494,2.78410000487218e-06,0.000217855825381248,4.17615000730826e-06,0.000134332825235082,0.00558142448476749,6.96025001218044e-07,0.629864344727263
71801-0016,0.0,0.0135844209826976,0.387037950114656,0.0,0.0,0.0,0.0240956835777338,2.60879319835437e-06,0.000143918424775883,6.52198299588593e-06,3.47839093113916e-06,0.000250878945908412,0.0,0.000412189325339991,7.82637959506312e-06,0.000226095410524046,2.52183342507589e-05,0.0,0.574203209337393
71801-0017,7.60128522530589e-07,0.00305115588943779,0.373589486510379,0.0,7.60128522530589e-07,0.0,0.0180066845702271,4.56077113518354e-06,7.90533663431813e-05,1.52025704506118e-06,0.0,4.56077113518354e-06,7.60128522530589e-07,9.88167079289766e-05,1.06417993154283e-05,0.000152785833028648,0.000978285408496869,1.52025704506118e-06,0.604018647472915
71801-0018,5.04394830961772e-06,0.0192345148846915,0.291951876077174,0.0,0.0,0.0,0.0285801751103655,5.81994035725122e-06,0.000102042954263805,1.08638886668689e-05,1.31918648097694e-05,0.00267406859614503,8.18671610253338e-05,0.000766292147038077,5.43194433343447e-06,9.2343053668386e-05,0.00233845203554354,0.0,0.654138016393608
71801-0019,1.47069745620814e-06,0.00968380740040253,0.268332427628817,0.0,0.0,0.0,0.0278763349336973,2.20604618431222e-06,0.000153687884173751,2.64725542117466e-05,3.52967389489955e-05,0.00789323324746911,2.94139491241629e-06,5.51511546078054e-05,5.66218520640136e-05,5.95632469764299e-05,0.32112605421432,2.20604618431222e-06,0.364692524959574
71801-0020,9.79540203828323e-06,0.0411565477831373,0.350527529044533,0.0,0.0,4.66447716108725e-07,0.00393821806710597,8.86250660606578e-06,8.11619026029182e-05,4.94434579075249e-05,5.87724122296994e-05,0.00225434181195347,1.53927746315879e-05,6.29704416746779e-05,5.13092487719598e-05,0.000292929165716279,0.0121164458736402,0.0,0.589375813659735
71801-0021,5.0533945913129e-05,0.0600777940059672,0.181488956212513,0.0,0.0,0.0,0.00560926799635732,5.30076355732122e-06,1.97895172806659e-05,3.18045813439273e-06,0.0,9.18799016602345e-06,8.1278374545592e-06,4.16993399842603e-05,7.06768474309496e-07,7.88046848855088e-05,1.02481428774877e-05,0.0,0.752596402336435
71801-0022,0.0,0.0268752401096135,0.209710352206197,0.0,0.0,0.0,0.00380853244152399,2.12957528602326e-06,4.55729111208977e-05,0.0,0.0,5.53689574366047e-06,3.40732045763721e-06,6.94241543243582e-05,8.51830114409303e-07,7.70906253540419e-05,0.000563485620681754,0.0,0.758838376309582
71801-0023,2.82260960598326e-05,0.0566975635289774,0.345083586972287,3.07412927384316e-06,0.0,0.0,0.0161249259064978,5.03039335719789e-06,4.44351413219147e-05,5.86879225006421e-06,7.54559003579684e-06,0.00253559771832536,6.14825854768631e-06,0.00159603202571984,0.000330329163789328,8.02068274175442e-05,0.0837750531055832,8.38398892866315e-07,0.493675537951663
71801-0024,2.01177694221975e-06,0.0112518684378351,0.224557559955982,0.0,0.0,0.0,0.00369412541015102,7.54416353332408e-06,6.23650852088124e-05,1.05618289466537e-05,8.04710776887902e-06,0.000125736058888735,2.51472117777469e-06,0.000329428474288485,0.00292612956245863,0.000237389679181931,0.0267370185063361,0.0,0.7300476992313
71801-0025,2.30748396487782e-05,0.0700589959342889,0.35811886341662,0.0,0.0,3.78276059816037e-07,0.0172981859393275,7.94379725613677e-06,0.000970278093428134,4.91758877760848e-06,7.56552119632074e-07,0.00429343327891202,5.40934765536933e-05,0.000371467090739348,1.13482817944811e-06,9.11645304156649e-05,0.116740153095887,1.13482817944811e-06,0.431964024433607
71801-0026,3.46626858497673e-06,0.00592269758886357,0.456515082890036,0.0,0.0,0.0,0.00689383050408789,8.66567146244183e-06,0.00011669770902755,0.000183712235003767,4.62169144663564e-06,0.00466617522680951,4.62169144663564e-05,0.000174468852110495,1.9064477217372e-05,0.000229351438039294,0.016578007219082,5.77711430829455e-07,0.508637363602331
71801-0027,1.5704808236439e-06,0.063948932151564,0.505082861185724,0.0,4.71144247093171e-06,1.5704808236439e-06,0.0179286090827188,8.37589772610082e-06,6.28192329457561e-05,4.71144247093171e-06,2.6174680394065e-06,0.000762206693075174,5.75842968669431e-06,5.9154777690587e-05,6.91011562403317e-05,0.000108886670439311,0.000904073460811007,5.23493607881301e-07,0.411043516453142
71801-0028,1.44551283904504e-06,0.0257966221255977,0.379400863838473,0.0,4.33653851713511e-06,0.0,0.0197341412786428,7.22756419522518e-06,0.000109858975767423,1.73461540685404e-05,8.67307703427022e-06,0.011168032194462,4.33653851713511e-06,0.00208442951390294,1.44551283904504e-06,0.000131541668353098,0.0455654557123776,0.0,0.515964243794413
71801-0029,8.54956610951994e-06,0.0254606078741504,0.385704467805951,0.0,1.31531786300307e-06,0.0,0.0476993446428748,1.31531786300307e-05,0.000118378607670276,1.77567911505414e-05,4.40631484106028e-05,0.00292921288090783,0.000173621957916405,0.000108513723697753,3.28829465750767e-06,0.000151919213176854,0.000532046075584741,1.31531786300307e-06,0.537032445603386
71801-0030,5.2505306124466e-06,0.00402901010819799,0.123641965699828,0.0,0.0,0.0,0.00193899006970234,2.16198319336036e-06,1.14276254506191e-05,0.00012570387995681,7.72136854771559e-06,6.48594958008109e-06,3.08854741908623e-06,2.31641056431468e-05,1.23541896763449e-06,7.04188811551662e-05,6.36240768331764e-05,0.0,0.870069751754913
71801-0031,2.6178881795243e-06,0.0201670885829783,0.359590876435304,0.0,4.48780830775594e-06,3.73984025646329e-07,0.134071029290055,7.10569648728024e-06,0.000104341543155326,7.47968051292657e-07,3.73984025646329e-07,4.00162907441572e-05,1.86992012823164e-06,0.000813415255780765,2.54309137439503e-05,0.000126780584694105,0.0401303558719793,3.73984025646329e-07,0.444912713998334
71801-0032,0.0,0.00766867818948399,0.41050443699932,0.0,0.0,3.46356451356488e-07,0.0146972896568612,3.80992096492137e-06,8.00083402633487e-05,4.15627741627785e-06,2.7708516108519e-06,0.000325228707823742,6.58077257577327e-06,0.000193959612759633,4.15627741627785e-06,5.47243193143251e-05,0.00054239420282426,2.7708516108519e-06,0.565908688663303
71801-0033,4.3631968707152e-06,0.0153000952267717,0.368762128323802,0.0,3.2723976530364e-06,5.453996088394e-07,0.00517311528984171,8.18099413259101e-06,0.000128168908077259,1.96343859182184e-05,3.87233722275974e-05,0.00159256685781105,8.18099413259101e-06,0.000217614443926921,4.3631968707152e-06,0.000387779121884814,0.00226831697316307,5.453996088394e-07,0.606082405517699
71801-0034,0.0,0.00939368648099109,0.476328024555245,2.28974685703622e-06,0.0,0.0,0.00893688198301237,3.43462028555433e-06,9.50244945670031e-05,1.14487342851811e-06,0.0,0.0034643869946958,2.63320888559165e-05,0.000873538425959318,1.37384811422173e-05,0.00023011955913214,0.033059365121889,3.43462028555433e-06,0.467568597953653
71801-0035,8.78775324062132e-06,0.0492526107407948,0.340875666656353,0.0,3.66156385025888e-07,1.83078192512944e-07,0.0216953150473614,2.19693831015533e-06,4.54033917432101e-05,1.09846915507766e-06,3.66156385025888e-07,0.0032968720907731,4.94311119784949e-06,0.00012687318741147,0.000296037437293431,0.000138407113539786,0.0434927877261451,5.49234577538832e-07,0.540761535711141
71801-0036,0.0,0.0137915042517908,0.293476819217222,0.0,0.0,0.0,0.0106795476981224,1.33522163343893e-06,9.96965486301071e-05,2.80396543022176e-05,3.64960579806642e-05,0.00269714769954665,1.33522163343893e-05,3.42706885915993e-05,7.12118204500765e-05,8.2338667395401e-05,0.0315628591189852,0.0,0.647425381139015
71801-0037,6.82549479291534e-07,0.0273946352634752,0.233155660015961,0.0,0.0,0.0,0.0723753284982666,4.77784635504074e-06,4.72665514409387e-05,2.73019791716614e-06,1.70637369822884e-07,1.87701106805172e-06,5.28975846450939e-06,9.55569271008148e-06,1.0238242189373e-06,8.34416738433901e-05,7.50804427220688e-06,2.38892317752037e-06,0.66690766351198
71801-0038,1.02529505428425e-06,0.0358303454526626,0.235224857458355,1.02529505428425e-06,0.0,0.0,0.0151611661295829,3.46037080820933e-06,3.15278229192406e-05,4.22934209892252e-06,5.76728468034889e-06,0.00225795603329748,3.16559848010261e-05,0.000167892065139045,5.76728468034889e-06,3.34502511460235e-05,0.559720873674422,0.0,0.151519000255298
71801-0039,8.03606089603315e-06,0.0317220413078256,0.287826974954689,0.0,6.18158530464089e-07,0.0,0.0116232348483163,2.47263412185635e-06,4.57437312543426e-05,4.94526824371271e-06,4.94526824371271e-06,8.65421942649724e-06,7.41790236556906e-05,6.79974383510498e-05,2.47263412185635e-06,0.000222537070967072,2.41081826880995e-05,0.0,0.668361039198669
71801-0041,5.85445816989638e-05,0.132555941349338,0.165900333103658,5.00381040162083e-07,0.0,0.0,0.00673713032474229,1.00076208032417e-05,4.70358177752358e-05,6.35483921005846e-05,8.80670630685267e-05,2.75209572089146e-05,7.15544887431779e-05,0.000138605548124897,0.0,0.000169629172614946,0.022959483646797,1.00076208032417e-06,0.671171096790206
71801-0042,1.31881348987943e-06,0.009723611860881,0.373808452011894,0.0,0.0,0.0,0.0492550462200168,3.5168359730118e-06,6.76990924804772e-05,4.39604496626475e-07,0.0,5.2752539595177e-06,0.0,0.000239584450661429,2.63762697975885e-06,4.61584721457799e-05,0.000124847677041919,8.7920899325295e-07,0.566720532870987
71801-0043,5.02371444403306e-07,0.0185515726989253,0.240660789255681,0.0,0.0,0.0,0.00436234243747611,1.00474288880661e-06,4.87300301071207e-05,5.02371444403306e-07,5.02371444403306e-07,5.02371444403306e-07,1.00474288880661e-06,2.86351723309884e-05,3.76778583302479e-06,0.000130114204100456,0.00076737238132605,1.00474288880661e-06,0.735441652319776
71801-0044,5.51664786409186e-06,0.049186038309967,0.215442043082656,0.0,0.0,0.0,0.00543586837751052,2.36427765603937e-06,2.79772855964659e-05,9.45711062415748e-06,1.18213882801968e-05,1.97023138003281e-06,1.45797122122428e-05,7.09283296811811e-06,1.97023138003281e-06,6.10771727810171e-05,7.09283296811811e-06,7.88092552013123e-07,0.729784342413604
71801-0045,9.5623594930802e-07,0.00881314862679737,0.318974016200549,0.0,1.05185954423882e-05,0.0,0.00305134891424189,4.7811797465401e-07,6.02428648064052e-05,4.7811797465401e-07,9.5623594930802e-07,2.39058987327005e-06,4.30306177188609e-06,4.30306177188609e-06,4.7811797465401e-07,5.06805053133251e-05,0.00764510641471762,9.5623594930802e-07,0.661379638102943
71801-0046,1.15159690791624e-06,0.00913630922864427,0.29708735806856,0.0,2.30319381583248e-07,4.60638763166495e-07,0.0723343352994164,1.15159690791624e-06,0.000105255957383544,5.98830392116444e-06,8.29149773699692e-06,0.00460062964712537,1.38191628949949e-05,6.28771911722266e-05,7.60053959224717e-06,7.162932767239e-05,0.0566341540150311,0.0,0.559928757608889
71801-0047,3.95669789820208e-06,0.00989055773613573,0.264325224740441,0.0,0.0,0.0,0.0110067422132185,1.58267915928083e-06,0.000121866295264624,1.50354520131679e-05,2.13661686502912e-05,0.00787224613826285,0.000177260065839453,7.12205621676374e-05,0.000135714737908331,9.29824006077488e-05,0.101709689161813,0.0,0.60455455495062
71801-0048,2.59913557948897e-07,0.00739454072364613,0.22685853138963,0.0,1.29956778974449e-06,0.0,0.0175592401479116,1.29956778974449e-06,2.88504049323276e-05,8.05732029641582e-06,1.0136628760007e-05,1.03965423179559e-05,9.14895723980119e-05,0.00016036666525447,4.67844404308015e-06,9.77274977887854e-05,1.84538626143717e-05,0.0,0.747754671751269
71801-0049,3.4581195783169e-07,0.010731236675433,0.220984561225143,0.0,0.0,0.0,0.0174071365213738,2.07487174699014e-06,6.32835882831993e-05,3.4581195783169e-07,3.4581195783169e-07,2.10945294277331e-05,3.4581195783169e-07,1.41782902710993e-05,0.0,0.000486557424669188,0.00777004888052024,0.0,0.742518444745301
71801-0050,7.23359396776132e-07,0.00355868711233964,0.236165510416858,0.0,0.0,0.0,0.00352131354350621,1.44671879355226e-06,2.45942194903885e-05,0.0,2.41119798925377e-07,1.63961463269257e-05,0.0131844306052396,0.000592190226160727,1.01270315548658e-05,0.000529257958641203,0.000122006618256241,4.82239597850755e-07,0.74227259268404
71801-0051,2.04403269324567e-05,0.0640395442793869,0.172727810967857,0.0,9.39785146319848e-07,0.0,0.00241289836317621,2.58440915237958e-06,7.18935636934684e-05,2.34946286579962e-06,0.0,0.000984424940770041,1.8325810353237e-05,0.00112022389441326,1.40967771947977e-06,6.86043156813489e-05,0.0636854802255108,0.0,0.694843069977342
71801-0052,1.60970251409777e-07,0.0235121197721691,0.330641266848756,0.0,0.0,0.0,0.0164728906780196,4.82910754229332e-06,8.08070662077083e-05,1.60970251409777e-06,0.0,1.28776201127822e-06,3.21940502819555e-07,0.000122015450568611,1.60970251409777e-06,0.000251274562450663,1.11069473472746e-05,0.0,0.628898699489145
71801-0053,8.09921091596921e-06,0.0285979455983366,0.286415340789025,0.0,1.10443785217762e-06,3.68145950725873e-07,0.0285224756784378,5.5221892608881e-06,0.000103080866203245,7.36291901451747e-07,0.0,0.00681659042364027,3.68145950725873e-06,0.0112015768427361,2.94516760580699e-06,0.000104185304055422,0.0853259232916371,0.0,0.552890424302934
71801-0054,1.67696784738727e-05,0.0371153556429562,0.292842133222112,0.0,5.40957370124926e-07,0.0,0.0122986658097902,4.32765896099941e-06,4.19241961846818e-05,3.24574422074956e-06,0.0,0.00137349076274719,2.43430816556217e-06,0.000903398808108626,3.57031864282451e-05,0.000134698385161107,0.00884843970313341,5.40957370124926e-07,0.646378330978816
71801-0055,9.8454190755583e-05,0.112104413218907,0.274615410865812,0.0,0.0,0.0,0.0391769229652833,4.70697326321512e-06,9.57084563520408e-05,3.88325294215248e-05,3.84402816495902e-05,0.000179649479546044,2.43193618599448e-05,5.0207714807628e-05,1.72589019651221e-05,7.41348288956382e-05,0.0191377687926888,7.84495543869187e-07,0.554342986943248
71801-0056,2.42199852823223e-06,0.0373223918204266,0.323804451068162,0.0,0.0,2.01833210686019e-07,0.00692550295826937,1.41283247480213e-06,4.54124724043543e-05,1.00916605343009e-06,8.07332842744076e-07,0.000929240101998431,1.21099926411611e-06,0.000325556968836549,2.01833210686019e-06,9.86964400254633e-05,0.0050902335735014,1.61466568548815e-06,0.62544781743621
71801-0057,2.61045973925236e-06,0.0297085235239715,0.525815955129926,0.0,7.4584563978639e-07,7.4584563978639e-07,0.018903457740386,3.35630537903875e-06,0.000126420835943793,3.35630537903875e-06,1.49169127957278e-06,0.00153047525284167,1.49169127957278e-05,4.88528894060085e-05,0.000121199916465288,8.09242519168233e-05,0.0392381932635222,0.0,0.384398773829768
71801-0058,2.60705139619334e-07,0.0520359637526002,0.315838801840891,0.0,0.0,0.0,0.00715896313394691,4.69269251314801e-06,8.57719909347609e-05,7.82115418858002e-07,7.82115418858002e-07,0.000334223988991986,1.04282055847734e-06,0.00132073223731155,6.07442975313048e-05,0.000115231671711746,0.00149905455281117,0.0,0.62154295208422
71801-0059,1.05630153183528e-05,0.0167833109639478,0.392490290278263,0.0,3.30094228698524e-07,0.0,0.0195851507771408,2.31065960088967e-06,0.000120154299246263,1.98056537219115e-05,6.27179034527196e-06,7.59216726006606e-06,1.65047114349262e-06,0.000254502650326562,9.90282686095573e-07,0.000292793580855591,0.0166898942972261,0.0,0.553734389018689
71801-0060,3.96268060624485e-06,0.0377428344827938,0.164689572092765,0.0,0.0,0.0,0.0227104056030039,5.94402090936727e-06,9.05755567141679e-05,0.000248516683734498,0.000307956892828171,0.000363151372700867,4.86843617338652e-05,0.00264452320743897,3.11353476204952e-06,3.90607088329849e-05,2.91540073173728e-05,2.83048614731775e-07,0.771072261745244
71801-0061,2.73810000618985e-05,0.104433318890341,0.235724631612675,0.0,1.16514893880419e-06,0.0,0.00786941593268352,8.59297342368092e-06,3.80129841284868e-05,3.90324894499405e-05,4.34017979704562e-05,7.42782448487673e-06,3.26241702865174e-05,7.8356266134582e-05,2.91287234701048e-07,0.000132826979023678,1.45643617350524e-05,1.45643617350524e-07,0.65154881063781
71801-0062,8.65049600613254e-06,0.0558080095607944,0.179303155967112,3.32711384851251e-07,9.98134154553754e-07,0.0,0.221876904772678,6.65422769702503e-06,0.000385945206427452,9.28264763734991e-05,0.000121772366855558,8.31778462128129e-06,0.00121273299778281,9.48227446826066e-05,2.66169107881001e-06,6.55441428156965e-05,0.000140404204407228,0.0,0.540870266515128
71801-0064,0.0,0.0305901223650014,0.243094408749639,0.0,5.63997978631245e-07,0.0,0.00651192066127635,2.25599191452498e-06,2.42519130811435e-05,0.0,0.0,0.0010450882544037,5.63997978631245e-07,7.16277432861681e-05,5.0759818076812e-06,0.000109979605833093,5.63997978631245e-05,0.0,0.718487740939937
71801-0065,0.0,0.0053594450749854,0.284144940551619,0.0,0.0,0.0,0.00487942281627751,1.37739529041002e-06,5.37184163259909e-05,3.44348822602506e-07,1.03304646780752e-06,7.57567409725513e-06,2.75479058082005e-06,2.89253010986105e-05,2.06609293561503e-06,0.000118455994975262,0.0134833224978237,0.0,0.6919166179987
71801-0066,4.07325640556599e-05,0.0442481546297003,0.409101580349426,0.0,1.11088811060891e-05,7.40592073739272e-07,0.0263606342726756,8.14651281113199e-06,0.000104423482397237,7.25780232264486e-05,0.000135528349494287,0.00389551430786857,4.3694932350617e-05,0.00210698444978823,0.000230324134932913,0.00035548419539485,0.0114739929984425,7.40592073739272e-07,0.501809636732182
71801-0067,9.74499777083176e-06,0.0548314480823063,0.118962872370576,0.0,8.12083147569313e-07,0.0,0.0580980525434038,3.65437416406191e-06,1.98960371154482e-05,8.72989383637012e-05,0.000123436638430536,1.62416629513863e-05,0.000365437416406191,1.05570809184011e-05,1.21812472135397e-06,5.76579034774212e-05,0.0173164549971943,0.0,0.750095216749053
71801-0068,4.17703138379554e-06,0.0190510004539774,0.144425256969872,0.0,2.1984375704187e-07,0.0,0.00728012601444154,4.17703138379554e-06,3.91321887534529e-05,3.86925012393692e-05,4.77060952780859e-05,1.45096879647634e-05,3.95718762675367e-06,3.3855938584448e-05,2.1984375704187e-07,0.000170159067950408,0.0126968563441962,0.0,0.816189953799835
71801-0069,1.70836774537633e-05,0.0531985715910189,0.227727555918346,0.0,5.33864920430103e-07,0.0,0.0141965359640773,4.80478428387093e-06,5.44542218838705e-05,2.56255161806449e-05,3.95060041118276e-05,6.94024396559134e-06,2.66932460215051e-05,3.79044093505373e-05,6.94024396559134e-06,0.000131330770425805,0.16671213416239,0.0,0.537813385381604
71801-0070,4.52187808971451e-07,0.00979077043984986,0.313166510699555,0.0,0.0,0.0,0.00708126108849293,1.13046952242863e-06,9.08897496032617e-05,9.04375617942903e-07,6.78281713457177e-07,0.00100792662619737,2.26093904485726e-06,2.08006392126868e-05,2.26093904485726e-06,0.000104907571681377,0.0232612191752049,6.78281713457177e-07,0.645467348535737
71801-0071,1.43814446848994e-05,0.0363394095979261,0.472014021283288,6.25280203691279e-07,1.25056040738256e-06,0.0,0.0141150753181269,7.50336244429535e-06,5.50246579248326e-05,0.000177579577848323,0.000259491284531881,5.87763391469802e-05,8.69139483130878e-05,0.000323269865308391,2.93881695734901e-05,0.000267619927179867,0.00016132229255235,3.1264010184564e-06,0.476085220689521
71801-0072,1.98232282925352e-05,0.0384341503249465,0.184725198566961,0.0,1.54466713967807e-06,0.0,0.00556878248306272,1.54466713967807e-06,2.83188975607646e-05,2.31700070951711e-06,0.0,5.40633498887325e-06,4.37655689575453e-06,4.11911237247486e-05,7.208446651831e-06,0.000123573371174246,0.0597366548482468,2.57444523279678e-07,0.711299652037982
71801-0073,5.59203917303327e-06,0.0946752203563008,0.375805003996311,7.98862739004753e-07,0.0,0.0,0.00847952854316595,4.39374506452614e-06,4.19402937977495e-05,5.07277839268018e-05,5.59203917303327e-05,0.00341793422883184,1.35806665630808e-05,0.00316629246604534,2.79601958651663e-06,6.07135681643612e-05,0.00884261165804361,0.0,0.505376945380556
71801-0074,4.85658679080342e-05,0.0483248373043425,0.335717857489756,0.0,0.0,0.0,0.0169332992772679,5.39620754533714e-06,0.000160087490511668,0.000115119094300526,0.000149295075420994,0.0108535721095214,2.518230187824e-05,0.00667330999773359,1.79873584844571e-06,0.000259017962176183,0.137443204915585,0.0,0.443289456170204
71801-0075,1.38156849471205e-06,0.0108701809163944,0.245221499968915,0.0,0.0,0.0,0.00598909942457672,2.76313698942409e-06,5.8025876777906e-05,1.38156849471205e-05,2.48682329048168e-05,0.00973038690825694,2.76313698942409e-06,0.0212333261952294,0.000104999205598116,0.000129867438502932,0.0432955934872861,0.0,0.663321428818137
71801-0076,8.42998308945392e-06,0.0284714248863217,0.238298761972683,0.0,0.0,0.0,0.0171145516682094,6.74398647156314e-06,3.70919255935973e-05,3.37199323578157e-06,6.74398647156314e-06,0.00127798543636121,0.0,0.000170285658406969,2.02319594146894e-05,0.000123077753106027,0.0175073888801779,0.0,0.696953909910457
71801-0077,1.61602058163813e-06,0.00884609666388711,0.39649549776666,3.23204116327626e-06,0.0,0.0,0.0172316274620074,1.77762263980194e-05,0.000872651114084589,0.000547830977175325,0.000652872314981804,3.23204116327626e-06,8.8881131990097e-05,3.07043910511244e-05,6.46408232655251e-06,0.000142209811184155,0.055852903342577,0.0,0.519206404612769
71801-0078,3.07787011388119e-05,0.0678393351800554,0.354379809172053,0.0,0.0,0.0,0.00689442905509388,9.23361034164358e-06,8.00246229609111e-05,0.000196983687288396,0.000267774699907664,0.00046475838719606,3.53955063096337e-05,8.46414281317328e-05,4.61680517082179e-06,0.000143120960295476,0.000207756232686981,4.61680517082179e-06,0.569356725146199
71801-0081,0.0,0.00490175899202149,0.531495516758222,0.0,0.0,0.0,0.0155911002962401,3.04930574931353e-06,0.000129595494345825,0.0,0.0,0.00330239812650655,1.52465287465676e-06,3.50670161171055e-05,0.0060757417055072,0.00025919098869165,0.000214976055326604,0.0,0.437990080608398
71801-0082,0.0,0.01653554833237,0.572010614579658,0.0,0.0,0.0,0.157826188134792,5.63008114823628e-06,0.000185792677891797,5.63008114823628e-06,9.38346858039381e-06,0.00263112458994242,0.0,0.000302147688288681,3.75338743215752e-06,0.000947730326619774,0.0121009210812759,0.0,0.237435535570853
71801-0083,8.17178874385131e-06,0.0178294421610132,0.0914598270195759,0.0,4.66959356791504e-07,0.0,0.0047650867563789,1.63435774877026e-06,7.70482938705981e-06,1.54096587741196e-05,2.17136100908049e-05,3.73567485433203e-06,2.10131710556177e-06,7.72817735489938e-05,2.33479678395752e-07,0.000427968250499413,0.0333014400092645,0.0,0.852077782353979
71801-0084,2.50805084320669e-06,0.0653209301858967,0.268509415222865,0.0,0.0,0.0,0.00640305380270669,3.76207626481004e-06,7.14794490313908e-05,2.25724575888602e-05,2.38264830104636e-05,1.25402542160335e-06,0.0,8.52737286690276e-05,0.0,0.00026961546564472,0.0064820574042677,0.0,0.652804251647789
71801-0085,0.0,0.0102687608382082,0.426328436938523,0.0,0.0,2.29077056176566e-06,0.00308872230744737,2.29077056176566e-06,6.56687561039491e-05,1.52718037451044e-06,1.52718037451044e-06,0.00239309164685786,0.0,0.000470371555349217,3.05436074902089e-05,0.00039477612681095,5.4978493482376e-05,0.0,0.556897013827855
71801-0087,5.12556611877782e-06,0.0289676494768847,0.288400228805272,0.0,0.0,0.0,0.0107339605659445,4.10045289502225e-06,3.89543025027114e-05,1.02511322375556e-06,1.02511322375556e-06,5.33058876352893e-05,0.0,2.76780570414002e-05,2.05022644751113e-06,7.58583785579117e-05,0.00244592015188078,0.0,0.669243117902372
71801-0088,0.0,0.0184327089896958,0.46042360564282,0.0,0.0,8.04324693009373e-07,0.0134016580349222,4.02162346504686e-06,0.000172125484304006,1.20648703951406e-05,6.43459754407498e-06,0.00834245571589321,7.23892223708436e-06,0.000912908526565638,4.02162346504686e-06,0.000108583833556265,0.00798855285096909,0.0,0.490182814959474
71801-0089,3.67501139253532e-06,0.0241843312214268,0.274609713790113,0.0,0.0,0.0,0.00690167139518133,6.4312699369368e-06,7.35002278507063e-05,2.75625854440149e-06,0.0,1.83750569626766e-06,7.90127449395093e-05,3.95063724697547e-05,1.83750569626766e-06,0.00014883796139768,4.41001367104238e-05,0.0,0.693902788598645
71801-0091,0.0,0.012182722322222,0.263395298366333,0.0,0.0,0.0,0.0186144307229602,4.27214108318713e-06,9.6835197885575e-05,5.69618811091617e-06,8.54428216637426e-06,0.017102092779512,0.000344619380710429,0.00682972954498849,4.12973638041423e-05,0.000164477431702705,0.128337966232997,2.84809405545809e-06,0.552869169951469
71801-0092,9.29140008333225e-05,0.0516688951509054,0.316180537710744,0.0,0.0,0.0,0.00643139099518154,5.80712505208265e-06,0.000100172907148426,0.000124853188619777,0.000142274563776025,0.00303277105845017,0.00011033537598957,2.46802814713513e-05,2.90356252604133e-05,0.000190183345455707,0.0199823173042164,0.0,0.601883831366896
71801-0093,4.7104176538917e-06,0.0317990874978921,0.3651336769426,9.4208353077834e-07,9.4208353077834e-07,9.4208353077834e-07,0.0320317821299943,5.65250118467004e-06,0.000152617531986091,2.73204223925719e-05,3.01466729849069e-05,0.00900820272130249,3.10887565156852e-05,0.000487057185412402,5.65250118467004e-06,0.000237405049756142,0.0612448503358999,0.0,0.499797923082648
71801-0094,0.0,0.00929510101455126,0.344409517232617,0.0,6.14755358105242e-06,0.0,0.0168637640650903,4.09836905403495e-06,5.94263512835067e-05,2.76639911147359e-05,4.20082828038582e-05,0.0,8.19673810806989e-06,2.04918452701747e-05,1.02459226350874e-06,3.68853214863145e-05,5.22542054389456e-05,0.0,0.629173420437337
71801-0095,0.0,0.0284686999260014,0.5714513501101,0.0,0.0,0.0,0.0242028303634692,6.73735650834253e-06,5.16530665639594e-05,5.61446375695211e-06,4.49157100556169e-06,0.00198527438445827,1.12289275139042e-06,6.62506723320349e-05,2.80723187847606e-05,4.94072810611786e-05,0.00799836506815398,0.0,0.365680130525053
71801-0097,1.33160402357472e-06,0.0139951582877703,0.405197783145622,0.0,0.0,0.0,0.0244975192217041,1.33160402357472e-05,7.59014293437589e-05,0.000149139650640368,1.33160402357472e-05,0.00119844362121725,7.98962414144831e-06,7.59014293437589e-05,4.12797247308162e-05,0.000101201905791679,3.86165166836668e-05,0.0,0.554593101758516
71801-0100,0.0,0.0191642616041386,0.513809650958319,0.0,8.51035763714175e-06,0.0,0.0728497251686381,7.44656293249903e-06,0.000146803669240695,0.0,0.0,0.00873907349863994,6.38276822785632e-06,0.000213822735633187,3.19138411392816e-06,7.55294240296331e-05,0.0434155894858787,0.0,0.34156001238257
71801-0101,0.0,0.00593211741833984,0.201726916379928,0.0,0.0,0.0,0.00510973668849149,8.31527532708136e-06,1.91251332522871e-05,5.23862345606125e-05,5.57123446914451e-05,0.00136370515364134,5.57123446914451e-05,0.000182104529663082,8.31527532708135e-07,8.48158083362298e-05,0.000221186323700364,3.32611013083254e-06,0.785184008727713
71801-0102,0.0,0.0506384696706096,0.376446337747958,0.0,0.0,0.0,0.00464701034703782,4.16212301570785e-06,8.94856448377188e-05,4.16212301570785e-06,3.12159226178089e-06,0.00126528539677519,9.36477678534267e-06,0.000131106874994797,3.12159226178089e-06,6.24318452356178e-05,0.00180636138881721,0.0,0.564889578876393
71801-0103,0.0,0.0298715739079799,0.34433564893197,0.0,0.0,0.0,0.00566968213927101,2.34332801788428e-06,0.00131460701803308,0.0,1.17166400894214e-06,0.00339079564187855,3.51499202682642e-05,0.000152316321162478,1.40599681073057e-05,0.000157002977198247,0.106735076222602,1.17166400894214e-06,0.508319400295494
71801-0104,9.42978113477986e-07,0.110394447744868,0.463825473610757,0.0,0.0,9.42978113477986e-07,0.0298179109262874,6.6008467943459e-06,0.000132016935886918,9.24118551208426e-05,0.000111271417390402,0.00482993389723425,6.8837402283893e-05,0.000923175573094948,4.71489056738993e-06,6.9780380397371e-05,0.0122068516789725,5.65786868086792e-06,0.377509029015437
71801-0106,1.84769112516999e-06,0.0266187621947614,0.281431073730267,0.0,0.0,0.0,0.046810330810619,2.77153668775498e-06,8.68414828829894e-05,3.32584402530598e-05,3.78776680659847e-05,9.23845562584994e-07,1.84769112516999e-05,8.59176373204044e-05,9.23845562584994e-07,5.54307337550996e-05,8.31461006326494e-06,0.0,0.644807248861822
71801-0107,5.07292327203551e-06,0.0128712745719721,0.564296766011414,0.0,0.0,1.26823081800888e-06,0.0313100824350032,5.07292327203551e-06,0.000117945466074826,5.07292327203551e-06,1.26823081800888e-05,7.60938490805327e-05,0.000280279010779962,0.000143310082435003,1.26823081800888e-06,3.42422320862397e-05,1.0145846544071e-05,0.0,0.390829422954978
71801-0108,9.70920132918966e-06,0.0369184289541329,0.160035147308812,0.0,0.0,0.0,0.0407503270787198,1.05183014399555e-05,3.80277052059928e-05,3.7218605095227e-05,3.88368053167587e-05,5.66370077536064e-06,3.07458042091006e-05,3.15549043198664e-05,0.0,0.000173147423703882,0.00867921688818479,1.61820022153161e-06,0.753239839118534
71801-0110,1.06357294568227e-06,0.0113557683410496,0.240530212384882,0.0,0.0,0.0,0.0156962095323789,3.1907188370468e-06,0.000221223172701911,7.44501061977586e-06,1.16993024025049e-05,0.000435001334784047,1.16993024025049e-05,9.46579921657217e-05,0.0,0.000120183742862096,0.000445637064240869,0.0,0.731066008527728
71801-0111,1.23233904111699e-06,0.0171738768770064,0.414754795339294,1.23233904111699e-06,0.0,1.23233904111699e-06,0.0217495517366738,3.69701712335098e-06,0.000177456821920847,9.61224452071254e-05,0.000101051801371593,0.00484555710967201,3.94348493157437e-05,0.000191012551373134,1.23233904111699e-05,0.000160204075345209,0.0284645671717203,0.0,0.512226651796442
71801-0112,4.8545810253846e-06,0.0187993650208019,0.290052720749936,0.0,4.8545810253846e-06,0.0,0.00544683991048153,3.64093576903845e-06,5.82549723046152e-05,1.57773883325e-05,2.18456146142307e-05,0.00124034545198577,0.000276711118446922,5.70413270482691e-05,7.28187153807691e-06,0.000389580127287114,0.00350500750032768,0.0,0.680115878849076
71801-0120,0.0,0.00750725132229995,0.415273844053916,0.0,0.0,0.0,0.0127445828356936,6.82477392936359e-06,8.05323323664904e-05,2.72990957174544e-06,2.72990957174544e-06,8.18972871523631e-06,0.0,2.72990957174544e-05,3.13939600750725e-05,0.000151509981231872,0.000102371608940454,0.0,0.564060740487971
71801-0121,7.65598580305402e-05,0.1421350123281,0.22927060049103,0.0,0.0,0.0,0.00970019944824554,1.37415129798405e-05,0.000138723845320295,3.46809613300738e-05,3.01004570034602e-05,0.00509548388447706,1.11240819360614e-05,4.58050432661352e-05,1.96307328283436e-06,0.000750548351803672,2.87917414815707e-05,1.30871552188958e-06,0.612665356206191
71801-0122,1.49534697865143e-05,0.0313541031490346,0.441217079520891,0.0,0.0,0.0,0.0259658695359606,4.9844899288381e-06,6.64598657178413e-05,2.32609530012445e-05,3.32299328589207e-05,0.0025121829241344,4.48604093595429e-05,0.000147873201222197,2.15994563582984e-05,0.000136242724721575,0.00320004253431406,0.0,0.495257257832711
71801-0125,7.71280000863834e-06,0.0139478275356216,0.383125627629101,0.0,0.0,0.0,0.0321639185960236,6.17024000691067e-06,0.000120319680134758,2.62235200293703e-05,2.15958400241873e-05,0.00308049232345015,0.000265320320297159,7.8670560088111e-05,0.000166596480186588,0.000148085760165856,0.038816979883475,0.0,0.528024458831387
71801-0126,1.75065260438752e-05,0.0576081417017121,0.456418475998553,0.0,7.78067824172233e-06,0.0,0.0101810174792937,3.89033912086117e-06,8.94777997798068e-05,3.11227129668893e-05,3.11227129668893e-05,5.83550868129175e-06,1.55613564834447e-05,3.89033912086117e-05,1.94516956043058e-06,6.61357650546398e-05,6.80809346150704e-05,5.83550868129175e-06,0.475409166417037
71801-0127,1.62557748640204e-06,0.025589840790941,0.429267872411674,0.0,0.0,0.0,0.0122373473176346,3.25115497280409e-06,0.000100785804156927,6.17719444832777e-05,7.3150986888092e-05,0.000326741074766811,6.50230994560818e-06,0.000273097017715543,4.87673245920613e-06,5.52696345376695e-05,0.00864156991771327,3.25115497280409e-06,0.523353046169652
71801-0128,6.24476220569997e-06,0.0299111620128617,0.62284758658675,1.24895244113999e-06,1.24895244113999e-06,0.0,0.0859728902383126,7.49371464683996e-06,0.000111156767261459,4.37133354398998e-05,6.74434318215597e-05,9.99161952911995e-06,0.000234803058934319,0.000450871831251538,7.49371464683996e-06,3.99664781164798e-05,0.000517066310631957,0.0,0.259769618232707
71801-0129,3.35265955306813e-06,0.0283053870533699,0.351967787647014,0.0,0.0,0.0,0.0111330648225549,1.11755318435604e-05,5.58776592178022e-05,4.47021273742417e-06,3.35265955306813e-06,8.94042547484835e-05,1.00579786592044e-05,0.000120695743910453,4.47021273742417e-06,0.000948802653518281,0.000127401063016589,2.23510636871209e-06,0.607212464741197
71801-0130,1.54922347755227e-06,0.0023543032780536,0.219308075482299,0.0,0.0,0.0,0.00362931420007911,0.0,3.76977712871052e-05,0.0,0.0,8.77893303946285e-06,1.03281565170151e-06,1.08445643428659e-05,1.03281565170151e-06,7.59119504000611e-05,0.000175578660789257,0.0,0.774395880304928
71801-0132,0.0,0.0145093837486607,0.339983755573221,0.0,0.0,0.0,0.00278661044482079,6.91252203366398e-06,4.57954584730239e-05,8.64065254207998e-07,8.64065254207998e-07,0.000147755158469568,0.0,5.35720457608959e-05,9.59112432170878e-05,0.000153803615249024,0.0312627449624996,0.0,0.610952027097086
71801-0133,1.59069253981106e-06,0.0221774353900458,0.53030985099983,1.59069253981106e-06,0.0,1.59069253981106e-06,0.0151608905969392,6.36277015924423e-06,0.000103395015087719,0.000139980943503373,0.000170204101759783,0.00410875883033196,0.00129959580502563,0.000112939170326585,8.43067046099861e-05,5.09021612739538e-05,0.0175342038663373,3.18138507962212e-06,0.408733220182071
71801-0134,6.03487554577906e-06,0.0150705929566968,0.361443783625572,0.0,0.0,0.0,0.00950040282794268,6.03487554577906e-06,9.80667276189097e-05,1.05610322051133e-05,9.05231331866859e-06,0.00517641449939199,6.03487554577906e-06,9.05231331866859e-06,0.000175011390827593,8.2979538754462e-05,0.0568802107378541,0.0,0.551525767409862
71801-0135,9.9274009170933e-06,0.0191330797875139,0.297962996605822,0.0,0.0,0.0,0.0246030776928323,3.97096036683732e-06,2.08475419258959e-05,2.48185022927332e-05,3.67313833932452e-05,2.97822027512799e-06,1.88620617424773e-05,8.7361128070421e-05,0.0,6.75063262362344e-05,4.46733041269198e-05,0.0,0.657983169084485
71801-0137,0.0,0.00654124135849942,0.468445294769731,0.0,0.0,0.0,0.00844713884866608,6.2866327328202e-06,9.32517188701664e-05,1.0477721221367e-05,8.38217697709361e-06,0.00576274667175185,4.1910884885468e-06,0.000251465309312808,2.0955442442734e-06,9.74428073587132e-05,0.00514246557544693,1.0477721221367e-06,0.505186472004577
71801-0138,1.47561618042654e-05,0.0491970434554209,0.396654482995737,0.0,4.42684854127962e-06,0.0,0.142661096707458,8.85369708255925e-06,7.37808090213271e-05,0.000146086001862228,0.000193305719635877,0.000135756688599242,0.000565160997103365,0.00011509806207327,1.03293132629858e-05,6.78783442996209e-05,0.0416979620264932,0.0,0.368453982171605
71801-0139,1.812811501443e-05,0.0334427465786204,0.385599508848937,0.0,0.0,1.208541000962e-06,0.0401416893469528,3.625623002886e-06,0.000148650543118326,2.417082001924e-05,3.1422066025012e-05,0.0104877188063482,6.04270500480999e-06,0.00025983631520683,5.92185090471379e-05,7.00953780557959e-05,0.0809662043594491,0.0,0.448739733444197
71801-0141,0.0,0.0226674938148082,0.632257009270052,0.0,8.84125091912171e-06,0.0,0.015411773893849,2.94708363970724e-06,0.000117883345588289,1.47354181985362e-06,0.0,0.00154574536902645,0.0,0.000139986472886094,2.94708363970724e-06,0.000128198138327265,0.000604152146139984,0.0,0.327111548589305
71801-0142,5.50714946010267e-06,0.0266695513640029,0.156768876738194,0.0,0.0,0.0,0.00571799461086089,7.86735637157524e-06,6.52990578840745e-05,9.44082764589029e-06,7.86735637157524e-06,1.96683909289381e-05,2.91092185748284e-05,3.93367818578762e-05,0.0,8.41807131758551e-05,0.00630568613181756,1.57347127431505e-06,0.80426804083158
71801-0143,3.47907164452238e-06,0.00936566086705424,0.506453677900589,0.0,0.0,0.0,0.0893773505477798,5.21860746678356e-06,0.000121767507558283,0.000166995438937074,0.000187869868804208,1.56558224003507e-05,0.003110290050203,0.000125246579202806,1.73953582226119e-06,7.13209687127087e-05,0.00524122143247296,0.0,0.385752505801352
71801-0144,7.3608703493101e-06,0.0164883495824546,0.224659897119569,0.0,0.0,0.0,0.00449013091307916,7.3608703493101e-06,4.78456572705157e-05,9.07840676414913e-05,0.000112866678689422,0.00074835515217986,1.71753641483902e-05,1.47217406986202e-05,6.13405862442509e-06,0.000165619582859477,0.00165496901686989,0.0,0.751488429325217
71801-0145,2.35500526932429e-06,0.0170266880972146,0.479590935584718,0.0,4.71001053864858e-06,0.0,0.0102277878846754,4.71001053864858e-06,0.000108330242388917,0.0,0.0,0.000136590305620809,7.06501580797287e-06,6.00526343677694e-05,0.0,5.18101159251344e-05,0.00558607249883722,1.17750263466215e-06,0.487191715091463
71801-0146,4.04702644731783e-05,0.0604398105991623,0.180914729152755,8.43130509857882e-07,8.43130509857882e-07,0.0,0.00597189340132338,8.43130509857882e-06,3.96271339633204e-05,7.67248763970673e-05,0.00011550887985053,1.34900881577261e-05,0.00091563973370566,8.51561814956461e-05,8.43130509857882e-07,0.000117195140870246,0.000148390969734987,0.0,0.751110402881483
71801-0148,2.12855628541386e-06,0.0287855309257943,0.400561300292464,0.0,0.0,0.0,0.0355021902844177,8.51422514165542e-06,0.000138356158551901,3.19283442812078e-06,0.0,0.000908893533871716,6.38566885624157e-06,0.000848229679737421,0.0,0.000429968369653599,0.000404425694228633,0.0,0.53240088377657
71801-0149,0.000277173385811494,0.280104494366451,0.0526906606427651,0.0,0.0,0.0,0.00281330986598667,7.6222681098161e-05,9.00813503887357e-05,0.0023005391022354,0.00325678728328506,0.000110869354324598,0.000110869354324598,0.00010394001967931,4.15760078717242e-05,4.15760078717242e-05,0.0810039220034092,0.0,0.576977978574497
71801-0150,4.95639785996902e-06,0.0111426904460475,0.305820368812645,0.0,0.0,0.0,0.00357781119806049,6.37251153424588e-06,4.53156375768596e-05,3.32786713455062e-05,4.03592397168906e-05,2.12417051141529e-06,2.69061598112604e-05,9.48796161765497e-05,3.54028418569215e-06,0.000162145015704701,0.0363318124272472,3.54028418569215e-06,0.642703899127391
71801-0151,4.29260181373723e-05,0.0765099791695849,0.158634229658716,0.0,1.12963205624664e-06,0.0,0.0077481462737957,6.77779233747984e-06,6.32593951498118e-05,2.14630090686861e-05,2.14630090686861e-05,1.35555846749597e-05,4.51852822498656e-06,3.61482257998925e-05,0.0,5.76112348685786e-05,0.000172833704605736,0.0,0.756665958763911
71801-0154,3.02855243522116e-06,0.0124026793603394,0.231413962989575,0.0,6.05710487044231e-06,0.0,0.0382097317989677,6.8142429792476e-06,0.00175958896486349,8.32851919685818e-06,4.54282865283173e-06,6.8142429792476e-06,1.96855908289375e-05,9.61565398182717e-05,2.27141432641587e-06,0.000224112880206366,0.013221145655958,7.57138108805289e-07,0.702614322175894
71801-0155,1.86376614953369e-06,0.0354283307364858,0.573244145910524,0.0,0.0,0.0,0.01266988228453,3.72753229906737e-06,6.15042829346116e-05,9.31883074766843e-05,9.31883074766843e-05,7.45506459813474e-06,0.00111453215742114,4.65941537383421e-05,8.57332428785495e-05,0.000104370904373886,0.020971096714553,0.0,0.35607438663456
71801-0158,3.10520914359884e-06,0.0259129703033324,0.344401851325691,0.0,0.0,0.0,0.00691685336736643,4.65781371539827e-06,7.76302285899711e-05,1.70786502897936e-05,2.32890685769913e-05,0.000812012191051098,3.10520914359884e-06,5.27885554411804e-05,0.0,0.000267047986349501,0.157005584718645,0.0,0.464502025372664
71801-0159,0.0,0.0112926971480691,0.380851989100721,0.0,0.0,0.0,0.00766769020149905,8.82104135921662e-07,4.80746754077306e-05,4.41052067960831e-07,1.76420827184332e-06,0.000478541493737502,2.64631240776499e-06,0.000135402984863975,1.32315620388249e-06,0.000109821964922247,0.00994837044492451,8.82104135921662e-07,0.589459473048631
71802-0002,3.95680007330493e-05,0.0823472571045387,0.381318558503025,0.0,3.12378953155652e-06,0.0,0.00740858750567488,1.45776844805971e-05,8.12185278204696e-05,2.53374039781807e-05,3.74854743786783e-05,2.32548776238097e-05,6.24757906311304e-06,0.000162784143366668,1.35364213034116e-05,5.44927729393749e-05,5.55340361165604e-05,0.0,0.528408436175426
71802-0003,9.96804841760222e-06,0.0616278580637624,0.164606370739232,0.0,0.0,0.0,0.00648620910533376,5.78146808220929e-06,3.22964768730312e-05,1.57495164998115e-05,1.91386529617963e-05,1.15629361644186e-05,6.18019001891337e-06,5.96089295372613e-05,2.59169258857658e-06,4.82453543411947e-05,0.352978961237649,3.98721936704089e-07,0.414089078866601
71802-0004,0.0,0.0153505616733994,0.233279840628631,0.0,0.0,0.0,0.0090825078855625,6.64047368712301e-06,4.81434342316419e-05,6.08710087986276e-06,4.42698245808201e-06,4.98035526534226e-06,0.0,4.59299430026009e-05,4.42698245808201e-06,5.92108903768469e-05,0.000451552210724365,0.0,0.741655691439323
71802-0005,2.10177421270165e-06,0.0166765274906813,0.319500506352437,0.0,3.50295702116942e-07,0.0,0.0146616266121046,7.00591404233884e-06,0.000123304087145164,2.45206991481859e-06,1.40118280846777e-06,0.00486946055512761,0.000185306426419862,0.000452582047135089,3.85325272328636e-06,0.000354148954840228,0.0549284678661492,1.05088710635083e-06,0.588229854231449
71802-0006,5.01487160173494e-07,0.0203122359356672,0.392485916986824,0.0,0.0,0.0,0.0091932626203005,8.02379456277591e-06,0.000140917892008752,1.00297432034699e-06,1.00297432034699e-06,4.5635331575788e-05,2.00594864069398e-06,1.25371790043374e-05,1.00297432034699e-06,5.86739977402989e-05,0.000814916635281929,0.0,0.576922363268272
71802-0007,1.10765471021421e-05,0.0402714103825723,0.133857739824734,0.0,5.82976163270636e-07,0.0,0.00102312316653997,8.16166628578891e-06,4.08083314289445e-05,1.74892848981191e-06,0.0,8.80294006538661e-05,0.00585133175074738,1.10765471021421e-05,1.74892848981191e-06,5.24678546943573e-05,0.0215287267334213,1.16595232654127e-06,0.797250801009248
71802-0008,9.75410647882759e-06,0.0806462020510635,0.495473344277941,7.50315882986737e-07,7.50315882986737e-07,7.50315882986737e-07,0.0435490841644332,1.20050541277878e-05,0.000112547382448011,2.77616876705093e-05,2.77616876705093e-05,0.0064662222795797,0.00209713289294793,0.000254357084332504,8.17844312455544e-05,0.00010129264420321,0.0042032695764917,7.50315882986737e-07,0.366934479415834
71802-0010,2.47145239329854e-05,0.0983185730113668,0.168014929437703,0.0,0.0,0.0,0.0024933690465976,7.22783247096743e-06,2.49476798191456e-05,4.66311772320479e-06,1.86524708928192e-06,2.00514062097806e-05,0.0478974468497842,0.000294009572448062,3.03102652008312e-06,0.000822107654601005,0.000813247730926916,2.3315588616024e-07,0.681259582706921
71802-0011,9.16109257807541e-06,0.023184980345094,0.380414369304581,0.0,8.72485007435753e-07,0.0,0.0253679378336982,6.97988005948603e-06,9.64095933216508e-05,2.22483676896117e-05,2.26846101933296e-05,0.000471578146519025,0.000106443170907162,2.4865822711919e-05,8.72485007435753e-07,0.000155738573827282,5.40940704610167e-05,1.74497001487151e-06,0.570059019248328
71802-0012,2.0712484615802e-06,0.00652816090120849,0.414946046048824,0.0,8.28499384632082e-07,0.0,0.00419759213223844,5.38524600010853e-06,0.000135873899079661,1.24274907694812e-06,0.0,4.14249692316041e-07,8.28499384632082e-07,1.53272386156935e-05,4.14249692316041e-06,6.91796986167789e-05,0.000826428136170502,1.65699876926416e-06,0.573264821957553
71802-0013,0.0,0.00446744688346208,0.454171455546739,0.0,0.0,0.0,0.028833505910931,4.15135114618805e-06,5.9305016374115e-05,2.3722006549646e-06,0.0,0.00232594274219279,2.96525081870575e-06,8.53992235787256e-05,1.12679531110819e-05,0.00020638145698192,0.0189728608384069,0.0,0.490856945625603
71802-0014,0.0,0.0179164036891504,0.367156395741906,0.0,0.0,0.0,0.01935842144689,5.61642748876188e-06,5.47601680154283e-05,2.1061603082857e-06,0.0,0.00128054546743771,1.75513359023809e-05,1.26369618497142e-05,1.68492824662856e-05,8.84587329479996e-05,9.96915879255234e-05,0.0,0.593990562997712
71802-0015,2.08238628140577e-07,0.00985989080382818,0.094933075228495,0.0,0.0,0.0,0.0039357100718569,2.29062490954635e-06,1.74920447638085e-05,0.0,0.0,6.66363610049846e-06,0.00256570813732005,7.91306786934192e-06,2.08238628140577e-07,4.74784072160515e-05,2.49886353768692e-05,2.08238628140577e-07,0.888598164626379
71802-0016,0.0,0.0167187369431199,0.370196213740623,0.0,5.39122793303017e-07,0.0,0.0117949284718834,3.77385955312112e-06,8.84161381016947e-05,7.00859631293922e-06,5.39122793303017e-07,0.00258185905712815,0.0,0.000466880339000412,1.07824558660603e-06,0.000173058416650268,3.93559639111202e-05,0.0,0.597927611982543
71802-0017,3.09059952011418e-05,0.07165274023792,0.380847554773852,0.0,0.0,0.0,0.00460780292089751,4.2144538910648e-06,6.25143993841278e-05,4.2144538910648e-06,7.02408981844133e-07,0.000734017386027119,5.61927185475306e-06,0.000109575801167685,0.000100444484403711,0.000109575801167685,0.000165066110733371,2.1072269455324e-06,0.541562944273681
71802-0018,1.7689797373985e-06,0.0298773601727656,0.276054594960247,0.0,1.7689797373985e-07,0.0,0.0134974922943243,1.94587771113835e-06,4.49320853299218e-05,2.83036757983759e-06,1.0613878424391e-06,2.29967365861804e-06,2.9365063640815e-05,8.84489868699248e-06,5.30693921219549e-07,3.30799210893519e-05,0.00740070362938035,0.0,0.673043013096111
71802-0019,0.0,0.0065130767733143,0.342858502606702,0.0,0.0,0.0,0.00371298159084518,1.0383542085794e-05,4.75912345598892e-05,0.0,1.73059034763234e-06,8.65295173816168e-07,9.51824691197785e-06,2.24976745192204e-05,8.65295173816168e-07,7.18194994267419e-05,0.000898176390421182,0.0,0.645851991260519
71802-0020,1.07400041886016e-06,0.00756275294947365,0.224165367424493,0.0,3.22200125658049e-06,0.0,0.00338095331857179,3.22200125658049e-06,5.99650233863591e-05,3.58000139620054e-06,5.01200195468076e-06,3.75900146601057e-06,1.79000069810027e-07,2.41650094243537e-05,1.61100062829025e-06,0.000299109116652555,0.00838257326920358,3.58000139620054e-07,0.756103096880208
71802-0021,2.37441989953829e-07,0.0274456821767732,0.283731543337318,0.0,0.0,0.0,0.0093319450891654,3.32418785935361e-06,4.51139780912276e-05,0.0,0.0,6.64837571870722e-06,1.42465193972298e-06,3.94153703323357e-05,3.32418785935361e-06,0.000138191238153129,0.00628556435805777,0.0,0.672967585606741
71802-0022,1.03127921420649e-06,0.0890870549192276,0.317865004519581,0.0,0.0,0.0,0.00246114784470379,2.57819803551622e-06,6.39393112808024e-05,0.0,0.0,1.13440713562714e-05,4.64075646392921e-06,2.1141223891233e-05,3.60947724972271e-06,0.000182536420914549,0.00981571556081737,0.0,0.580480256417264
71802-0023,5.28285564762032e-06,0.032099621450375,0.385978310575782,0.0,1.98107086785762e-06,3.3017847797627e-07,0.0062598537639521,6.27339108154913e-06,9.74026510029997e-05,1.35373175970271e-05,1.7169280854766e-05,0.00342329045965797,2.14616010684576e-05,0.000633282320758486,6.6035695595254e-07,5.08474856083456e-05,0.0893175706127947,0.0,0.482073124627517
71802-0024,1.61036430466482e-06,0.0267639863494786,0.265664483281064,0.0,2.6839405077747e-07,0.0,0.00483807115931468,4.29430481243953e-06,8.34705497917933e-05,1.34197025388735e-06,8.05182152332411e-07,0.000741841156348928,1.10041560818763e-05,0.000146811545775276,0.00031938892042519,0.000230550489617847,0.0286279830321281,0.0,0.6725640891444
71802-0025,4.35682703904951e-06,0.0528526688107097,0.264977137550113,0.0,7.26137839841586e-07,0.0,0.00870130973482172,1.37966189569901e-05,6.75308191052675e-05,3.63068919920793e-06,3.26762027928714e-06,0.000604146682748199,3.04977892733466e-05,0.00077369986835121,1.34335500370693e-05,8.71365407809903e-05,0.0149900264967698,0.0,0.656876634263976
71802-0026,4.80348925459454e-06,0.0119012450644148,0.213282728574036,0.0,0.0,0.0,0.030554394712319,8.40610619554044e-06,4.68340202322967e-05,2.10152654888511e-05,2.16157016456754e-05,2.40174462729727e-05,1.02074146660134e-05,0.000123689848305809,1.20087231364863e-06,6.00436156824317e-05,0.00676691548741005,6.00436156824317e-07,0.737172281945605
71802-0027,1.23195531944447e-06,0.0220356768100735,0.469795073472275,0.0,0.0,0.0,0.00918884673890647,1.23195531944447e-05,5.60539670347236e-05,2.15592180902783e-06,3.07988829861119e-07,0.00178109940308685,3.69586595833342e-06,0.00029197341070834,6.46776542708349e-06,0.000188181175045143,3.72666484131953e-05,1.23195531944447e-06,0.496598417368599
71802-0028,3.90692150213318e-06,0.041523738455047,0.289433535451406,0.0,9.76730375533295e-07,0.0,0.0151412742815171,3.90692150213318e-06,7.03245870383972e-05,7.81384300426636e-06,1.95346075106659e-06,0.000976730375533295,6.83711262873306e-06,1.6604416384066e-05,4.88365187766647e-06,0.000107440341308662,0.00121114566566129,0.0,0.651488927784463
71802-0029,5.10159543894694e-06,0.128006115112399,0.167501533312851,0.0,8.50265906491157e-07,0.0,0.00982142148587935,7.65239315842041e-06,1.89892719116358e-05,2.55079771947347e-06,2.83421968830386e-07,4.53475150128617e-06,1.70053181298231e-06,5.12993763582998e-05,1.04866128467243e-05,0.000197545112274779,5.15827983271302e-05,2.83421968830386e-07,0.694318069737676
71802-0030,2.80298574041069e-06,0.0126951228448543,0.281804978663272,0.0,1.20127960303315e-06,0.0,0.0227414241650206,8.80938375557644e-06,2.80298574041069e-05,8.80938375557644e-06,4.8051184121326e-06,8.40895722123206e-06,3.64388146253389e-05,2.80298574041069e-05,8.00853068688767e-07,7.96848803345323e-05,0.000605044493394364,1.20127960303315e-06,0.681944407182531
71802-0031,3.39316104620958e-06,0.0206074210694188,0.425900149072875,0.0,7.54035788046572e-07,0.0,0.0107167336376119,3.77017894023286e-06,5.99458451497025e-05,2.639125258163e-06,1.13105368206986e-06,2.26210736413972e-06,2.639125258163e-06,4.78812725409573e-05,1.50807157609314e-06,0.000124415905027684,0.000465240081224735,0.0,0.542060116257238
71802-0032,3.11529197139414e-06,0.0158200756891337,0.303809815163497,0.0,0.0,0.0,0.00917110803458722,3.73835036567297e-06,5.2648434316561e-05,2.49223357711531e-06,3.11529197139414e-07,2.49223357711531e-06,5.29599635137004e-06,4.11218540224027e-05,5.60752554850946e-06,9.00319379732907e-05,4.26795000080998e-05,6.23058394278829e-07,0.670948843167479
71802-0033,0.0,0.0190458139890521,0.285030640869175,0.0,0.0,0.0,0.000899830130493082,3.54263830902788e-06,0.013579523078222,0.0,0.0,8.85659577256971e-06,4.72351774537051e-06,4.36925391446772e-05,1.77131915451394e-06,0.000181855433196765,0.00126117923801393,5.90439718171314e-07,0.679937980212003
71802-0034,1.03978206167987e-05,0.0271034048406311,0.53416426774091,0.0,0.0,0.0,0.0160898847030234,8.91241767154176e-06,3.7135073631424e-05,4.90182971934797e-05,6.98139384270771e-05,3.49069692135386e-05,3.7135073631424e-06,5.19891030839936e-05,0.0,6.98139384270771e-05,0.00120317638565814,2.22810441788544e-06,0.421101337159731
71802-0035,2.49810576326451e-06,0.00250079603100956,0.399887738970239,0.0,3.26675369042282e-06,7.6864792715831e-07,0.00965729255681701,1.15297189073747e-06,7.74412786611998e-05,2.30594378147493e-06,1.53729585431662e-06,0.00548391863631097,7.6864792715831e-07,9.10847793682598e-05,0.00877680635625717,0.000238280857419076,0.0222788758447201,0.0,0.550995466322364
71802-0036,3.67957830694574e-06,0.0137372038483037,0.334294037778565,0.0,0.0,3.34507118813249e-07,0.00377357480733226,1.00352135643975e-06,7.1250016307222e-05,0.0,1.00352135643975e-06,2.37500054357407e-05,1.00352135643975e-06,6.22183240992643e-05,2.34154983169274e-06,6.12148027428246e-05,0.00112294039785608,1.00352135643975e-06,0.646843440298675
71802-0037,1.02416465290292e-06,0.0116104425876339,0.179378854379661,0.0,0.0,0.0,0.0121419840424905,5.12082326451459e-07,3.53336805251507e-05,8.19331722322334e-06,1.07537288554806e-05,0.00139440017492732,3.37974335457963e-05,2.81645279548302e-05,4.91599033393401e-05,0.00016130593283221,0.00159155187061113,0.0,0.793554522173421
71802-0038,2.80555275000281e-06,0.0315954336823441,0.288974738803039,0.0,1.4027763750014e-06,0.0,0.00407296120481657,2.1041645625021e-06,6.03193841250603e-05,4.90971731250491e-06,3.50694093750351e-06,0.00288060128606538,4.20832912500421e-06,0.000364020469312864,7.71527006250771e-06,8.62707470625863e-05,0.00135929030737636,7.01388187500701e-07,0.670579009976546
71802-0039,4.32924763752197e-05,0.0535345648650414,0.307269490348816,0.0,0.0,0.0,0.0182565132391431,4.93686134103382e-06,0.000136713083290167,5.31661990572873e-06,2.27855138816946e-06,1.13927569408473e-05,3.7975856469491e-06,0.000114307327973168,3.7975856469491e-06,0.000239247895757793,0.000605714910688381,7.59517129389819e-07,0.619767876374916
71802-0041,3.68789208907061e-05,0.0816298879602349,0.298380133485659,8.01715671537089e-07,2.6723855717903e-07,0.0,0.0102841413959206,8.01715671537089e-06,8.31111912826783e-05,6.41372537229672e-06,1.60343134307418e-06,0.000108498854214686,1.44308820876676e-05,8.57835768544686e-05,2.6723855717903e-07,0.000343401545975053,3.74133980050642e-05,1.87066990025321e-06,0.608977077612758
71802-0042,2.73156127847994e-06,0.0209811221800044,0.375254604274165,0.0,0.0,0.0,0.0324199902938523,2.73156127847994e-06,5.55417459957588e-05,0.0,0.0,0.0,1.82104085231996e-06,0.000250393117193995,9.1052042615998e-07,0.000150235870316397,0.00187840363916804,0.0,0.569001514195469
71802-0043,5.65749737209247e-07,0.0609086167079475,0.313388014931267,0.0,5.65749737209247e-07,0.0,0.0231301122560629,0.0,5.0351726611623e-05,4.52599789767398e-06,2.82874868604624e-06,0.00231221917597419,1.24464942186034e-05,0.00022516839540928,5.09174763488322e-06,0.000179908416432541,0.00273426847993229,5.09174763488322e-06,0.597040223674816
71802-0044,1.28543574242033e-05,0.0520364684885576,0.241548936538714,0.0,1.35309025517929e-06,0.0,0.00723700322982644,3.38272563794823e-06,3.51803466346616e-05,1.28543574242033e-05,9.47163178625504e-06,8.11854153107575e-06,3.2474166124303e-05,3.45038015070719e-05,0.0,9.539286299014e-05,1.08247220414343e-05,2.02963538276894e-06,0.698919151504163
71802-0045,1.381061912315e-05,0.0240242624956756,0.394579055781781,0.0,1.381061912315e-06,0.0,0.00546486198703045,2.76212382463e-06,6.97436265719074e-05,4.83371669310249e-06,1.381061912315e-06,0.00279043559383245,6.90530956157499e-07,0.000555186888750629,6.76720337034349e-05,0.000161584243740855,0.00380758769225245,0.0,0.568454750542239
71802-0046,2.57264591902423e-06,0.00890060798262153,0.384717039239738,4.14942890165198e-07,1.65977156066079e-07,0.0,0.0377552386332412,1.41080582656167e-06,6.41501708195396e-05,4.95441810857246e-05,6.32372964611762e-05,2.66393335486057e-05,0.000250459528503713,4.68055580106343e-05,1.99172587279295e-06,4.67225694326013e-05,0.00094930634411994,2.48965734099119e-07,0.567123444099018
71802-0047,8.7965859863348e-07,0.034857938068516,0.375395479844969,0.0,5.86439065755653e-07,0.0,0.0280696126628615,5.27795159180088e-06,7.68235176139906e-05,5.86439065755653e-07,0.0,1.93524891699366e-05,5.86439065755653e-07,3.84117588069953e-05,2.05253673014479e-06,0.000307000850923084,0.00011200986155933,0.0,0.561113401481462
71802-0048,0.0,0.00154838111142035,0.415958344929956,0.0,0.0,0.0,0.0358474812134706,9.27729845069116e-07,3.06150848872808e-05,2.31932461267279e-06,1.39159476760367e-06,0.000770943501252435,1.85545969013823e-06,1.94823267464514e-05,0.0,8.07124965210131e-05,0.000333518879302347,9.27729845069116e-07,0.545403098617683
71802-0049,2.16708739120447e-06,0.0132631940019974,0.47893467222184,0.0,3.0958391302921e-07,0.0,0.00150829282427831,1.54791956514605e-06,9.93764360823766e-05,5.26292652149658e-06,0.0,0.00184666804121924,1.23833565211684e-06,0.000159435715210043,0.0111313991768783,0.000143956519558583,0.0217117389885646,0.0,0.471190740221328
71802-0050,4.06231902051395e-06,0.0142033906653495,0.311164750648511,0.0,0.0,0.0,0.012934931551194,1.01557975512849e-06,4.01154003275753e-05,7.10905828589941e-06,7.10905828589941e-06,5.07789877564244e-06,4.01154003275753e-05,0.000209209429556468,2.53894938782122e-07,8.02308006551505e-05,1.47259064493631e-05,5.07789877564244e-07,0.66128739459869
71802-0051,1.25277668125701e-05,0.0751271752563341,0.228352571643474,4.91284973041965e-07,1.22821243260491e-07,0.0,0.00268929394243172,3.07053108151228e-06,6.54637226578419e-05,3.43899481129376e-06,1.4738549191259e-06,2.1739360057107e-05,5.77259843324309e-06,1.55982978940824e-05,1.46157279479985e-05,0.000116434538610946,0.000215551281922162,4.91284973041965e-07,0.693354167091424
71802-0052,4.68463310213801e-06,0.0613473525316538,0.525587726261272,2.60257394563223e-07,0.0,0.0,0.00777597043475998,5.20514789126446e-07,6.92284669538173e-05,2.60257394563223e-06,0.0,0.000671203820578552,0.000328444831938787,0.000108267076138301,1.71769880411727e-05,0.000154332634975991,0.0135112626387497,5.20514789126446e-07,0.390420445820917
71802-0053,7.06348875598542e-07,0.028402994636693,0.289572312819314,0.0,0.0,0.0,0.0157593497634791,2.4722210645949e-06,5.65079100478834e-05,1.41269775119708e-06,7.06348875598542e-07,0.00224654259884116,1.41269775119708e-06,0.000364122845371049,4.59126769139053e-06,0.000209079267177169,0.000276888759234629,0.0,0.663100899817833
71802-0054,9.77828021237338e-06,0.0142222369500023,0.125704952889061,0.0,5.43237789576299e-07,0.0,0.0164440795093694,3.25942673745779e-06,2.98780784266964e-05,2.03714171091112e-05,2.52605572152979e-05,1.05931368967378e-05,3.93847397442817e-05,0.0202513615576148,8.14856684364448e-07,7.84978605937752e-05,0.0909534882520754,2.1729511583052e-06,0.732203326299309
71802-0055,5.79668786173562e-05,0.0989465953058294,0.269387372902841,0.0,0.0,0.0,0.00608206326415952,5.41448866206074e-06,5.06413939569211e-05,4.77748999593595e-05,5.2233890622233e-05,1.75174633184318e-05,1.17844753233087e-05,3.2168432639302e-05,1.91099599837438e-06,0.000117526253900024,1.56064673200574e-05,0.0,0.625173422886853
71802-0056,3.4516584873866e-06,0.0199226276233467,0.314113003156887,0.0,3.4516584873866e-07,0.0,0.0106745990380918,1.03549754621598e-06,5.86781942855723e-05,6.21298527729589e-06,3.79682433612526e-06,0.000849107987897105,1.07001413108985e-05,6.52363454116068e-05,1.38066339495464e-06,0.000334465707427762,0.00627787645685876,6.90331697477321e-07,0.647676792221895
71802-0057,0.0,0.0173816089024012,0.317421089008469,0.0,0.0,6.21733953823819e-07,0.0150890685700015,1.24346790764764e-06,8.08254139970965e-05,0.0,0.0,0.00164718048833057,3.73040372294292e-06,8.68355088840601e-05,8.28978605098426e-06,9.76122307503396e-05,0.0281550148542604,0.0,0.62002687963127
71802-0058,2.19148439256123e-06,0.0298289202055487,0.463041554927052,0.0,0.0,1.56534599468659e-06,0.00210163353246622,1.87841519362391e-06,5.97962169970277e-05,4.69603798405977e-06,9.39207596811954e-06,2.78631587054213e-05,4.69603798405977e-06,7.70150229385802e-05,0.000319956721313939,6.04223553949024e-05,0.0252252376351755,0.0,0.479233180826891
71802-0059,1.58900493333065e-06,0.01382116491011,0.420724543876134,0.0,0.0,0.0,0.002369206355596,5.82635142221238e-06,3.23097669777232e-05,2.11867324444087e-06,1.58900493333065e-06,1.37713760888656e-05,1.80087225777474e-05,2.54240789332904e-05,2.64834155555108e-06,0.000176379547599702,0.00113401985408697,5.29668311110217e-07,0.561670870467496
71802-0060,3.64133826463902e-06,0.0347745003243592,0.422092167313331,0.0,0.0,0.0,0.00341669570400514,3.64133826463902e-06,5.91017210645256e-05,8.40308830301312e-07,0.0,0.000154616824775441,2.80102943433771e-06,7.47874858968168e-05,1.68061766060262e-06,0.000129407559866402,0.0647967741104211,1.12041177373508e-06,0.474488223912052
71802-0061,0.0,0.0187414926206617,0.33005662095312,0.0,9.49091352185757e-06,0.0,0.0865828486334003,5.20469451198641e-06,6.52117606501827e-05,1.8369510042305e-06,1.22463400282033e-06,0.00390627631049615,2.23495705514711e-05,0.000405047696432825,0.0,0.000355143860817896,0.00014695608033844,6.12317001410166e-07,0.559699683003488
71802-0062,5.19940227671427e-06,0.0322546653370062,0.375631857361678,3.46626818447618e-07,1.38650727379047e-06,0.0,0.174256927423623,5.19940227671427e-06,0.000131371564191647,1.38650727379047e-06,3.46626818447618e-07,0.000319589926608704,0.000139343981015942,7.66045268769236e-05,8.66567046119045e-06,6.82854832341807e-05,0.0164810653367289,3.46626818447618e-07,0.400617411689019
71802-0064,7.65758642830642e-07,0.0211100513862337,0.199678840825197,0.0,0.0,0.0,0.00721497793275031,1.53151728566128e-06,7.31299503903263e-05,0.0,0.0,1.26350176067056e-05,2.29727592849193e-06,2.79501904633184e-05,4.59455185698385e-06,0.000248488679598543,0.000736659814403078,0.0,0.770888077099643
71802-0065,1.69652948568246e-05,0.0800612739649415,0.186093781809928,0.0,5.85010167476711e-06,0.0,0.00171261726528807,2.34004066990684e-06,2.98355185413122e-05,4.97258642355204e-06,1.75503050243013e-06,0.000324973148033313,3.21755592112191e-05,0.00024365673475405,0.0,0.000426179907006784,0.0022306437685887,0.0,0.72881297926958
71802-0066,0.0,0.0239842881143371,0.447635881782258,0.0,0.0,9.46499136319538e-07,0.0221883060031708,1.41974870447931e-06,5.06377037930953e-05,9.46499136319538e-07,4.73249568159769e-07,0.000290101985281938,5.86829464518114e-05,1.2304488772154e-05,1.41974870447931e-06,6.90944369513263e-05,0.00570597004330234,0.0,0.499999526750432
71802-0067,2.06235276090258e-06,0.0375119281327809,0.137637298557116,0.0,2.06235276090258e-07,0.0,0.111976680564862,6.59952883488824e-06,2.53669389591017e-05,2.47482331308309e-06,2.26858803699283e-06,8.2494110436103e-07,2.99041150330874e-05,5.54772892682793e-05,4.12470552180515e-07,0.00020850386412725,2.06235276090258e-06,2.06235276090258e-07,0.712537723009938
71802-0068,2.23896303173506e-06,0.0211738733911185,0.349474142215946,3.73160505289177e-07,5.22424707404848e-06,0.0,0.0215414364888283,3.35844454760259e-06,5.41082732669307e-05,0.000106350744007415,1.11948151586753e-06,3.09723219390017e-05,1.64190622327238e-05,2.5374914359664e-05,0.0,0.00037166786326802,7.83637061107272e-06,3.73160505289177e-07,0.607185130897242
71802-0069,8.56570822402663e-06,0.0630323418601202,0.355599966999482,0.0,0.0,0.0,0.0434484278995035,4.05744073769683e-06,7.12306262840109e-05,1.03690152185586e-05,1.30739757103564e-05,0.00251155581663433,3.15578724043086e-06,5.31975563386917e-05,0.000364718839644081,6.76240122949471e-05,0.0140243184964748,0.0,0.520787395966092
71802-0070,3.59898930097602e-06,0.00875505561595288,0.434138367256807,5.1414132871086e-07,0.0,0.0,0.0120751232461033,1.54242398613258e-06,7.5321704656141e-05,1.28535332177715e-06,0.0,0.000334448934326414,3.34191863662059e-06,3.54757516810493e-05,1.02828265742172e-06,7.8920693957117e-05,3.36762570305613e-05,5.1414132871086e-07,0.544461785288926
71802-0071,3.74403808735065e-07,0.0156163828623396,0.33296741601093,0.0,0.0,0.0,0.0130052907002212,1.1232114262052e-06,9.7344990271117e-05,1.1232114262052e-06,0.0,0.00252572809372675,2.62082666114546e-06,8.87337026702105e-05,8.61128760090651e-06,0.000325356909790772,0.000344825907844995,2.62082666114546e-06,0.635012447054621
71802-0072,2.7080734711165e-05,0.0366694812576943,0.520630374510313,0.0,5.416146942233e-07,0.0,0.00770717709879756,4.3329175537864e-06,0.000172775087457233,3.7913028595631e-06,1.35403673555825e-05,0.00262845611106568,7.5826057191262e-06,8.17838188277183e-05,0.00205596937927165,0.000217729107077767,0.0390737088853515,0.0,0.39070567520125
71802-0073,1.70667467665982e-06,0.0579684853987581,0.38520714123885,0.0,2.56001201498972e-06,0.0,0.00203051619655602,0.0,5.80269390064337e-05,3.41334935331963e-06,0.0,3.15734815182066e-05,3.92535175631758e-05,8.49070651638258e-05,5.5466926991444e-06,8.57604025021557e-05,0.0033723891610798,8.53337338329908e-07,0.55110786653292
71802-0074,0.0,0.00994873803350371,0.340568591386602,0.0,0.0,0.0,0.0417197546961216,7.43645548785627e-06,0.000104110376829988,7.93221918704669e-05,8.92374658542752e-05,0.0030836502089644,1.11546832317844e-05,0.00026647298831485,3.71822774392813e-06,0.000313570539737939,0.0231682770724162,0.0,0.580635965673321
71802-0075,0.000115323929191107,0.106105004184861,0.534442539852281,0.0,0.0,0.0,0.0205031967443705,1.74733226047133e-05,7.86299517212096e-05,0.000940064756133573,0.00120391192746474,0.00388431961502776,0.00169665962491766,0.00127904721466501,1.74733226047133e-06,1.92206548651846e-05,0.0257451935257845,0.0,0.303967667363852
71802-0076,1.52836492463633e-06,0.0280149290685838,0.424789162058646,0.0,0.0,0.0,0.0415608273956356,9.17018954781795e-06,3.97374880405445e-05,1.52836492463633e-06,1.52836492463633e-06,0.00132814911950897,0.000226198008846176,9.62869902520885e-05,1.22269193970906e-05,9.93437201013612e-05,0.00399361754807472,0.0,0.499825766398591
71802-0077,8.9950302457892e-07,0.0156864332456318,0.56635498886865,0.0,0.0,0.0,0.0458143875508781,2.69850907373676e-06,7.19602419663136e-05,1.1693539319526e-05,2.06885695653152e-05,8.09552722121028e-06,4.4975151228946e-06,6.29652117205244e-06,5.39701814747352e-06,7.10607389417347e-05,7.19602419663136e-06,0.0,0.371933706627089
71802-0078,9.07319162217778e-07,0.0980213183710355,0.342824194209852,0.0,0.0,0.0,0.0107970980303916,8.16587245996001e-06,6.44196605174623e-05,2.72195748665334e-06,1.81463832443556e-06,9.07319162217778e-06,0.0,1.36097874332667e-05,9.98051078439556e-06,0.000211405364796742,0.0053332220355161,0.0,0.542702069050618
71802-0081,7.33831311261155e-07,0.0130952197494553,0.116061292526442,0.0,0.0,7.33831311261155e-07,0.00230936713653886,3.66915655630578e-06,2.12811080265735e-05,1.46766262252231e-06,7.33831311261155e-07,2.20149393378347e-06,4.40298786756693e-06,0.000143830937007186,2.64179272054016e-05,0.000163644382411238,0.00156379452429752,0.0,0.866601208913702
71802-0082,2.30854380519584e-06,0.0207549630806132,0.181659312030861,0.0,0.0,0.0,0.0163871982011827,4.61708761039168e-06,3.69367008831334e-05,2.30854380519584e-06,2.30854380519584e-06,5.54050513247001e-05,4.15537884935251e-05,6.46392265454835e-05,3.46281570779376e-06,0.00156980978753317,0.000828767226065306,4.61708761039168e-06,0.778581792284154
71802-0083,0.0,0.0118076134032368,0.491400211368299,0.0,0.0,0.0,0.0124168514412417,6.21671467351887e-06,5.6986551173923e-05,2.27946204695692e-05,3.21196924798475e-05,0.000246596348716248,1.03611911225314e-06,5.38781938371635e-05,1.03611911225314e-06,0.000470398076962928,0.000354352736390575,1.03611911225314e-06,0.483128872495182
71802-0084,5.32111038803133e-06,0.042108607055686,0.284045129401423,0.0,0.0,0.0,0.00575265244050067,4.25688831042507e-06,5.69358811519353e-05,3.13945512893849e-05,3.67156616774162e-05,5.32111038803133e-06,6.17248805011635e-05,2.50092188237473e-05,1.06422207760627e-06,3.83119947938256e-05,1.06422207760627e-05,0.0,0.667816913362213
71802-0085,0.0,0.0225525426487406,0.354910762087914,0.0,0.0,0.0,0.0442056390993545,1.71323085357444e-05,0.000102793851214467,0.000381193864920313,0.000441156944795419,2.14153856696805e-06,2.56984628036166e-05,1.92738471027125e-05,6.42461570090416e-06,0.000413316943424834,3.85476942054249e-05,0.0,0.57688337609272
71802-0087,1.14678022339279e-05,0.0285994245711679,0.312004495378476,0.0,0.0,0.0,0.0112690269952065,6.37100124107104e-06,6.7532613155353e-05,5.09680099285683e-06,5.09680099285683e-06,0.00016946863301249,3.82260074464263e-06,9.30166181196372e-05,1.27420024821421e-06,7.39036143964241e-05,0.00846323804863877,0.0,0.639226764321374
71802-0088,1.85672748068075e-06,0.00375393162044034,0.188652052983575,0.0,3.7134549613615e-07,0.0,0.0102602760582418,1.11403648840845e-06,3.04503306831643e-05,2.2280729768169e-06,1.85672748068075e-06,0.000125886123190155,8.1696009149953e-06,4.1962041063385e-05,4.82749144976995e-06,0.000103605393421986,0.0120271379288576,0.0,0.784984273518239
71802-0089,0.0,0.0197063708788292,0.176258752305653,0.0,0.0,0.0,0.00599764813535414,2.62192268212203e-06,4.85055696192575e-05,9.17672938742709e-06,1.31096134106101e-05,2.62192268212203e-06,0.0,2.22863427980372e-05,2.62192268212203e-06,0.000117986520695491,2.62192268212203e-06,0.0,0.797815676213524
71802-0091,0.0,0.0416296741630373,0.223363261336795,0.0,0.0,0.0,0.00949493678456886,1.55349096606166e-06,6.60233660576205e-05,1.55349096606166e-06,7.7674548303083e-07,0.000407014633108155,1.55349096606166e-06,0.000209721280418324,1.55349096606166e-06,0.000681982534101069,0.00110530882235287,7.7674548303083e-07,0.723034309624731
71802-0092,3.83751648213329e-06,0.0134336101973558,0.251942167091608,0.0,0.0,0.0,0.0171675137344715,3.83751648213329e-06,6.2935270306986e-05,8.67278724962124e-05,0.000125870540613972,5.75627472319994e-05,7.59828263462392e-05,6.60052834926926e-05,3.83751648213329e-06,0.000131243063688959,2.14900922999464e-05,0.0,0.716817378730642
71802-0093,5.32720349784182e-06,0.0268437784256249,0.443798668998206,0.0,0.0,0.0,0.0183215846299525,7.99080524676273e-06,0.000110539472580218,0.000246383161775184,0.000278346382762235,0.00184853961375111,7.99080524676273e-06,0.000448816894693173,5.32720349784182e-06,0.000150493498814031,0.0200955433947338,1.33180087446045e-06,0.487829337708743
71802-0094,5.77319873312927e-06,0.0198540304432316,0.34816314135908,0.0,0.0,0.0,0.0117669336578641,4.61855898650342e-06,4.38763103717825e-05,0.00018936091844664,0.000221690831352164,0.00312791907360944,0.000316371290575484,0.000362556880440518,0.0,0.000167422763260749,0.00158301109262405,0.0,0.614193293621424
71802-0095,3.37902336087801e-06,0.0571528011258906,0.540898854004227,0.0,1.689511680439e-06,0.0,0.00526620790792837,8.44755840219501e-06,9.46126541045842e-05,2.0274140165268e-05,3.37902336087801e-05,0.00186015236016334,4.39273036914141e-05,0.000157124586280827,2.7032186887024e-05,7.94070489806331e-05,0.00796773708495034,0.0,0.386384563269678
71802-0097,1.25614569280203e-06,0.0117085340026078,0.35564373698319,0.0,1.25614569280203e-06,0.0,0.032602005310984,0.0,6.90880131041119e-05,1.63298940064264e-05,1.75860396992285e-05,2.51229138560407e-06,8.79301984961424e-06,6.15511389472997e-05,7.5368741568122e-06,0.000243692264403595,0.0107940599382479,2.51229138560407e-06,0.588819549646646
71802-0100,0.0,0.0202957365847486,0.597221594555265,0.0,0.0,0.0,0.114491725340974,6.77880313451857e-06,0.000406728188071114,3.38940156725928e-05,3.16344146277533e-05,0.00720134852990356,6.77880313451857e-06,0.000110720451197137,0.0,0.000198844891945878,0.0251787344426468,1.12980052241976e-05,0.234804182973454
71802-0101,1.22430115359776e-05,0.0407324993801975,0.167814959123645,0.0,2.04050192266294e-06,0.0,0.00738763721100116,3.06075288399441e-06,3.16277798012755e-05,9.18225865198321e-06,0.0,1.32632624973091e-05,9.18225865198321e-06,6.93770653705398e-05,3.06075288399441e-06,0.00022955646629958,3.06075288399441e-05,1.02025096133147e-06,0.783650682394855
71802-0102,0.0,0.00100635913530646,0.198111642288172,0.0,0.0,0.0,0.00814236027657044,1.24050432703416e-05,0.000234145191727697,9.76897157539398e-05,0.000125601063112208,1.24050432703416e-05,4.65189122637808e-06,6.20252163517078e-05,0.0,0.000124050432703416,0.00109474506860764,0.0,0.790971919633927
71802-0103,0.0,0.00747993081119439,0.438074910187608,0.0,0.0,0.0,0.0261886281988735,2.21758992327139e-06,0.000111988291125205,3.32638488490708e-06,4.43517984654278e-06,2.21758992327139e-06,7.76156473144986e-06,2.5502284117621e-05,5.54397480817847e-06,0.000121967445779926,0.00944360668825121,0.0,0.518527963808932
71802-0104,0.0,0.31789535492782,0.145180608333306,0.0,6.6725162392364e-06,0.0,0.0211768984142765,1.16769034186637e-05,2.50219358971365e-05,1.6681290598091e-06,0.0,0.000298595101705829,0.0,8.3406452990455e-06,0.0,0.00013011406666511,6.6725162392364e-06,0.0,0.515258376510074
71802-0106,0.0,0.0163889267937464,0.670209035016011,0.0,0.0,0.0,0.0373765984336721,3.8259108537265e-06,3.31578940656297e-05,2.16801615044502e-05,0.0,3.8259108537265e-06,3.95344121551738e-05,3.44331976835385e-05,1.27530361790883e-06,3.57085013014473e-05,7.14170026028947e-05,0.0,0.275780581461932
71802-0107,1.01927621196189e-05,0.0204659338070703,0.244855061753982,0.0,0.0,0.0,0.00807719771523575,1.69879368660314e-06,2.77469635478513e-05,1.69879368660314e-06,1.1325291244021e-06,2.49156407368461e-05,3.39758737320629e-06,1.30240849306241e-05,4.53011649760838e-06,6.79517474641257e-05,0.00131090246149543,0.0,0.725134615243049
71802-0108,0.0,0.0766641985961148,0.286215048622933,0.0,0.0,0.0,0.00758348685898183,2.9150439588629e-06,6.12159231361209e-05,1.16601758354516e-05,8.7451318765887e-06,0.00026089643431823,5.39283132389636e-05,5.8300879177258e-06,4.37256593829435e-06,6.99610550127096e-05,0.00337562090436324,0.0,0.625682120286374
71802-0110,0.0,0.0161609508691311,0.21322696962063,0.0,0.0,0.0,0.0134467184877393,6.82921203033991e-06,8.34681470374878e-06,0.0,0.0,1.06232187138621e-05,2.2764040101133e-06,2.73168481213597e-05,0.0,0.00046362761672641,0.005732744098802,7.58801336704435e-07,0.750912838008055
71802-0111,1.28383548418571e-06,0.0108317199800749,0.373878569704564,0.0,2.56767096837143e-06,0.0,0.00941950094747059,3.85150645255714e-06,0.000110409851639971,4.36504064623143e-05,4.23665709781286e-05,0.00337391965244006,2.95282161362714e-05,0.000401840506550129,2.56767096837143e-06,5.52049258199857e-05,0.067172840203565,0.0,0.534630178350425
71802-0112,1.86911695438607e-06,0.0118315103212638,0.290786001061658,0.0,0.0,0.0,0.0111081620599164,1.40183771578955e-05,0.000108408783354392,3.73823390877214e-06,0.0,0.0020663087930738,0.0,3.36441051789493e-05,9.34558477193035e-06,0.000279432984680717,0.000228032268435101,0.0,0.683529528309645
71802-0120,1.14423928331893e-05,0.0317667230571257,0.322224823655123,0.0,6.16128844864038e-06,0.0,0.00179381512261844,6.16128844864038e-06,0.000115304112395984,1.32027609613722e-05,2.20046016022871e-05,4.40092032045741e-06,2.5525337858653e-05,1.23225768972808e-05,7.04147251273186e-06,0.000126746505229174,0.00962657310896855,0.0,0.634237751798656
71802-0121,1.07370749302564e-05,0.0365028967996569,0.161839298831112,0.0,0.0,6.31592642956258e-07,0.00746416185445705,8.84229700138761e-06,0.000115581453660995,1.32634455020814e-05,7.57911171547509e-06,0.0011349719793924,3.15796321478129e-06,2.90532615759879e-05,1.26318528591252e-06,0.000195162126673484,1.7053001359819e-05,0.0,0.792656346021819
71802-0122,0.000146712147432371,0.436938784356484,0.211317730718745,0.0,0.0,0.0,0.00670985783370623,1.77832905978631e-05,5.33498717935893e-05,3.77894925204591e-05,5.55727831183222e-06,0.00056573093214452,0.000112257021899011,0.000167829805017333,0.00122926996257729,0.000233405689096953,0.000481260301804671,0.0,0.341982681297869
71802-0125,9.9192276228091e-05,0.128661981520372,0.290099010957013,0.0,3.19975084606745e-06,1.06658361535582e-06,0.0176583583358309,1.38655869996256e-05,5.43957643831467e-05,0.00011732419768914,0.000116257614073784,5.75955152292142e-05,0.00084153447251574,4.79962626910118e-05,3.19975084606745e-06,6.18618496906374e-05,4.47965118449443e-05,0.0,0.562118363050131
71802-0126,1.55467440065359e-06,0.0113716659035806,0.646298359118904,7.77337200326793e-07,7.77337200326793e-06,0.0,0.0296157699952505,2.33201160098038e-06,3.88668600163396e-05,1.32147324055555e-05,1.16600580049019e-05,2.33201160098038e-06,7.77337200326793e-07,5.51909412232023e-05,3.10934880130717e-06,6.7628336428431e-05,0.000177232881674509,0.0,0.312331755079704
71802-0127,0.0,0.00937669008361578,0.471047363398771,0.0,0.0,0.0,0.00774288359765887,7.07888425457933e-06,0.000168477445258988,0.0,1.41577685091587e-06,0.00120765765383123,4.2473305527476e-06,0.000263334494270351,1.41577685091587e-06,0.000111846371222353,0.0141747578313697,1.41577685091587e-06,0.495891415578642
71802-0128,3.13772248413489e-06,0.0448576650638134,0.335215443870067,0.0,0.0,0.0,0.145499329311819,3.92215310516861e-06,2.90239329782477e-05,2.11796267679105e-05,2.90239329782477e-05,4.70658372620234e-06,6.5107741545799e-05,0.000214149559542206,2.35329186310117e-06,0.000238466908794252,1.96107655258431e-05,7.84430621033723e-07,0.473796095104368
71802-0129,0.0,0.0107800289486566,0.579781957685187,0.0,0.0,0.0,0.0143616328169297,4.69564584499908e-06,6.45651303687373e-05,2.81738750699945e-05,1.87825833799963e-05,2.34782292249954e-05,2.34782292249954e-06,6.45651303687373e-05,2.69999636087447e-05,0.000602216579621132,2.93477865312442e-05,1.17391146124977e-06,0.394210033890824
71802-0130,0.0,0.205622338879294,0.24801901472273,0.0,0.0,0.0,0.00762982849130487,3.41991416015458e-06,2.05194849609275e-05,0.0,0.0,9.23376823241737e-05,1.70995708007729e-05,1.70995708007729e-05,6.83982832030916e-06,0.000106017338964792,1.02597424804637e-05,0.0,0.538455224773858
71802-0132,6.60137902807897e-06,0.0244663610228177,0.396077790650467,0.0,0.0,0.0,0.00521178874266834,4.95103427105922e-06,9.40696511501253e-05,1.15524132991382e-05,1.32027580561579e-05,0.00261414609511927,3.30068951403948e-06,0.000135328270075619,4.62096531965528e-05,0.000100671030178204,0.0131961566771299,1.65034475701974e-06,0.558016219588272
71802-0133,6.8468530151829e-06,0.019692918642269,0.473615309563342,0.0,0.0,0.0,0.0526639393368823,3.42342650759145e-06,8.83244038958594e-05,5.13513976138717e-05,6.8468530151829e-05,0.00597182519984252,6.16216771366461e-06,1.71171325379572e-05,0.000119819927765701,0.000134883004399103,0.0173170606460006,6.8468530151829e-07,0.430241865082761
71802-0134,1.64498034248491e-05,0.0781840879223716,0.26925952123761,0.0,3.65551187218868e-06,0.0,0.00799643222041274,5.48326780828302e-06,3.28996068496981e-05,4.75216543384529e-05,3.83828746579812e-05,0.00205622542810613,2.55885831053208e-05,0.000116976379910038,4.75216543384529e-05,4.56938984023585e-05,0.032373213140103,0.0,0.609750346816689
71802-0135,7.41170541223905e-06,0.0181120903973945,0.345514647647525,0.0,0.0,0.0,0.0131938944488444,4.23526023556517e-06,5.18819378856734e-05,1.58822258833694e-05,2.43527463544998e-05,3.17644517667388e-06,2.01174861189346e-05,8.47052047113035e-06,8.47052047113035e-06,0.000138704772714759,0.000102705060712455,1.05881505889129e-06,0.622792900009741
71802-0137,2.54075691689311e-06,0.0191446033687896,0.336854822420147,0.0,0.0,0.0,0.0203476517689385,7.62227075067933e-06,6.35189229223278e-05,2.54075691689311e-06,0.0,3.81113537533967e-06,1.27037845844656e-06,2.79483260858242e-05,2.54075691689311e-06,0.000104171033592618,0.00150793923017606,0.0,0.621929018874013
71802-0138,2.12276667256324e-05,0.134671855651866,0.391516009198656,0.0,0.0,0.0,0.0175210802523734,3.53794445427207e-06,8.01934076301669e-05,2.35862963618138e-06,2.35862963618138e-06,0.00272421722978949,3.53794445427207e-06,0.000238221593254319,1.17931481809069e-05,0.000123828055899522,7.78347779939855e-05,0.0,0.45300194586945
71802-0139,8.76246676367627e-05,0.202604032745769,0.292014232544376,0.0,1.14917596900672e-05,0.0,0.0201881488355256,3.87846889539769e-05,0.000758456139544438,0.00104000425195109,0.00137182881300178,0.0112360680369632,3.16023391476849e-05,0.00618687612313995,0.000274365762600355,0.000116354066861931,0.0618759435812058,0.0,0.402164185643632
71802-0141,1.92563950487957e-06,0.012967256425859,0.308853320187634,0.0,0.0,0.0,0.00994592804270298,7.70255801951828e-06,7.70255801951828e-05,2.6958953068314e-05,5.77691851463871e-06,0.00638349495867578,1.92563950487957e-06,1.54051160390366e-05,9.24306962342194e-05,0.000279217728207538,0.0069091945435079,0.0,0.654432437012332
71802-0142,1.34223143291259e-06,0.0154705594957505,0.250672457947889,0.0,0.0,0.0,0.0126089220807809,1.34223143291259e-06,4.83203315848532e-05,2.68446286582518e-06,0.0,1.74490086278637e-05,1.07378514633007e-05,4.02669429873777e-06,1.34223143291259e-06,0.00128451548129735,1.47645457620385e-05,0.0,0.719861535405381
71802-0143,1.05476887377053e-06,0.0174553700920286,0.155052079213142,0.0,0.0,0.0,0.0121477731192153,3.1643066213116e-06,3.90264483295098e-05,2.10953774754107e-06,0.0,2.10953774754107e-06,1.05476887377053e-06,0.000205679930385254,3.1643066213116e-06,6.85599767950848e-05,0.00792131424201672,0.0,0.807097539751602
71802-0144,2.10793913114965e-06,0.0312375499845066,0.47969316838007,0.0,0.0,0.0,0.0202330537503399,7.37778695902377e-06,7.06159608935132e-05,1.37016043524727e-05,3.16190869672447e-06,0.000425803704492229,3.16190869672447e-06,1.47555739180475e-05,7.69397782869622e-05,0.000149663678311625,0.000232927273992036,0.0,0.467836010767353
71802-0145,2.36618905140664e-06,0.0200853957628653,0.55438034832669,0.0,0.0,0.0,0.0221664590335774,4.73237810281328e-06,7.57180496450125e-05,1.41971343084398e-05,1.41971343084398e-05,1.53802288341432e-05,1.30140397827365e-05,3.07604576682863e-05,5.9154726285166e-06,9.10982784791556e-05,8.63659003763424e-05,2.36618905140664e-06,0.40301168542463
71802-0146,3.57474372066476e-06,0.0180655631829995,0.431954157486526,0.0,0.0,0.0,0.0580860107170817,0.0,2.97895310055397e-05,9.53264992177269e-06,4.76632496088635e-06,9.53264992177269e-06,7.14948744132952e-06,0.000213293041999664,3.57474372066476e-06,0.000168012954871244,0.000106050730379721,1.19158124022159e-06,0.491337800174209
71802-0148,3.01379206420963e-05,0.0908927962438634,0.480923489336728,0.0,1.11034444470881e-05,0.0,0.00853696257346118,1.58620634958402e-06,0.000104689619072545,2.53793015933443e-05,4.28275714387685e-05,0.000320413682615972,0.000101517206373377,3.80689523900164e-05,1.58620634958402e-06,0.000456827428680197,0.00317875752456637,0.0,0.415333856781429
71802-0149,9.35591707778725e-06,0.0858599707087827,0.368424499548397,0.0,1.36740326521506e-05,0.0,0.105482207564619,1.36740326521506e-05,0.000112271004933447,1.87118341555745e-05,2.66283793752406e-05,0.00336237266057093,8.92410552035092e-05,0.000215905778718167,7.4847336622298e-05,0.000100756030068478,0.0282836570120799,0.0,0.407912227104092
71802-0150,8.61295682807908e-05,0.0831034794244864,0.313639772533911,0.0,6.30216353274079e-06,0.0,0.00657945872818138,7.35252412153092e-06,6.82734382713586e-05,6.19712747386178e-05,7.77266835704697e-05,0.00153562718081117,7.35252412153092e-06,4.41151447291855e-05,2.10072117758026e-06,0.000113438943589334,0.150308700977045,0.0,0.444358198169432
71802-0151,5.56274849840558e-06,0.0217684255613856,0.264589350952412,0.0,0.0,0.0,0.00972507506233755,6.95343562300697e-06,2.08603068690209e-05,1.39068712460139e-06,0.0,5.56274849840558e-06,8.34412274760837e-06,1.11254969968112e-05,6.95343562300697e-06,0.000151584896581552,3.33764909904335e-05,0.0,0.703665434054312
71802-0154,0.0,0.0187513968367819,0.299345370817936,2.59876610585294e-06,0.0,0.0,0.0253171794032194,6.49691526463235e-06,2.33888949526765e-05,0.000165021647721662,0.000197506224044824,2.59876610585294e-06,3.24845763231618e-05,1.03950644234118e-05,0.0,0.000109148176445824,0.0080210915857151,0.0,0.64801532232496
71802-0155,3.12133774860746e-05,0.052150459829802,0.344933359439067,0.0,0.0,0.0,0.0407660897866991,1.13503190858453e-05,8.93837628010317e-05,0.000100734081886877,0.000134785039144413,2.83757977146133e-05,0.000550490475663497,0.000354697471432666,1.13503190858453e-05,3.12133774860746e-05,0.16929426553504,0.0,0.391512231387605
71802-0158,1.57734180050412e-06,0.00168933306833991,0.206179078769295,0.0,0.0,0.0,0.00525728022108023,3.15468360100824e-06,4.41655704141153e-05,0.0,0.0,0.000512636085163838,0.0,2.83921524090741e-05,7.88670900252059e-06,0.00016088886365142,0.000621472669398623,0.0,0.785494133865844
71802-0159,0.0,0.0220302105625276,0.612087799168115,0.0,0.0,0.0,0.0095295962542834,4.46769632174562e-06,6.25477485044387e-05,0.0,1.34030889652369e-05,0.00378413878451854,4.46769632174562e-06,0.000625477485044387,1.34030889652369e-05,6.70154448261843e-05,0.0100255105459972,0.0,0.341751962435609
76401-0001,0.0,0.00326580945861455,0.0986328824876992,0.0,0.0,0.0,0.0135216620906617,7.41386937256423e-06,1.9770318326838e-05,0.0,0.0,0.0,8.64951426799161e-06,2.47128979085475e-05,1.23564489542737e-06,8.52594977844887e-05,1.48277387451285e-05,0.0,0.884417776481724
76401-0003,1.36907532652447e-06,0.150818707045262,0.216109909367213,0.0,0.0,0.0,0.00601708606007503,1.36907532652447e-06,0.00240683442403001,2.46433558774404e-05,2.19052052243914e-05,4.1072259795734e-06,0.000182087018427754,9.17280468771392e-05,0.0,0.000108156950795433,0.0382971441088689,0.0,0.585914953040716
76401-0004,2.53540052989871e-06,0.00307797624329703,0.15569387574002,0.0,0.0,0.0,0.0123347235779572,2.53540052989871e-06,6.33850132474678e-05,2.53540052989871e-06,5.07080105979742e-06,0.000560323517107615,5.07080105979742e-06,0.000172407236033112,7.60620158969613e-06,0.000846823776986169,7.60620158969613e-06,0.0,0.827217524688463
76401-0005,6.57528481942076e-06,0.0164951978503202,0.276929078977938,0.0,0.0,0.0,0.0485650536762417,0.0,0.0001161633651431,0.0,0.0,0.00510899630468993,0.0,0.000398900612378193,8.76704642589435e-06,0.000155615074059625,0.0181938130953372,0.0,0.634021838712647
76401-0006,0.0,0.0176457697284088,0.318212247569129,0.0,0.0,0.0,0.0059349586173978,0.0,8.40560653956189e-05,3.00200233555782e-06,0.0,3.00200233555782e-06,0.0,9.30620724022923e-05,3.90260303622516e-05,0.000210140163489047,3.00200233555782e-06,0.0,0.657771733746409
76401-0007,0.0,0.0249609748619816,0.232516414307706,0.0,0.0,0.0,0.00103419314582555,0.0,0.0004188590193949,0.0,0.0,9.49989528524515e-05,0.0,3.02269395439618e-05,0.0,0.000189997905704903,0.000120907758175847,0.0,0.740633427108815
76401-0008,3.75541718929556e-06,0.136205226038561,0.386601422552031,0.0,5.63312578394334e-06,0.0,0.00918011731923299,3.75541718929556e-06,0.000120173350057458,1.31439601625345e-05,3.75541718929556e-06,0.00198098256735341,2.81656289197167e-05,9.76408469216845e-05,0.000116417932868162,7.51083437859112e-05,0.0105283120901901,0.0,0.455036389992564
76401-0009,3.36626664198071e-06,0.0289936545873799,0.380125561745746,0.0,0.0,0.0,0.00979246966152189,1.68313332099036e-05,0.000915624526618753,0.000164947065457055,0.000215441065086766,3.36626664198071e-06,1.68313332099036e-05,0.000252469998148553,3.36626664198071e-06,0.000181778398666958,0.00181105145338562,0.0,0.577503240031643
76401-0010,0.0,0.00213519796639699,0.131531389539979,0.0,0.0,0.0,0.00294029006744244,1.06493664159451e-06,7.24156916284266e-05,0.0,0.0,3.62078458142133e-05,4.25974656637803e-06,5.75065786461035e-05,0.0,0.000823196023952555,5.32468320797254e-05,0.0,0.862345224770852
76401-0011,2.92945863604406e-06,0.0487872041246778,0.380609913288024,5.85891727208812e-06,0.0,0.0,0.0119404734005156,2.92945863604406e-06,8.49543004452777e-05,2.92945863604406e-06,0.0,0.000755800328099367,5.56597140848371e-05,0.00140614014530115,2.63651277243965e-05,0.000120107804077806,0.00038961799859386,0.0,0.555809116475275
76401-0012,0.0,0.0180608395744915,0.221772564332145,0.0,0.0,0.0,0.00144486716595932,0.0,0.0629357632098678,3.23236502451749e-06,3.23236502451749e-06,8.88900381742309e-05,0.0,3.55560152696924e-05,3.23236502451749e-06,0.000140607878566511,0.000142224061078769,0.0,0.695368990629374
76401-0013,5.60717269531184e-06,0.113557863218629,0.092008096757372,0.0,0.0,0.0,0.00150692766186506,1.54197249121076e-05,0.00154057069803693,7.0089658691398e-06,7.0089658691398e-06,4.20537952148388e-06,1.96251044335914e-05,7.1491451865226e-05,0.0,0.000103732694863269,1.40179317382796e-05,0.0,0.791138424272329
76401-0015,1.40544187092422e-05,0.0182566899033056,0.348134978637284,0.0,0.0,0.0,0.00976782100292332,0.0,0.00012648976838318,1.05408140319316e-05,7.02720935462109e-06,3.51360467731055e-06,3.51360467731055e-06,7.37856982235215e-05,0.0,6.32448841915898e-05,0.0114332696199685,0.0,0.61210507083427
76401-0016,2.0489745906661e-06,0.0214179313962328,0.305788967911009,0.0,0.0,0.0,0.0114619638601862,2.0489745906661e-06,6.1469237719983e-05,4.0979491813322e-06,2.0489745906661e-06,0.00242598591534866,4.50774409946542e-05,3.89305172226559e-05,2.0489745906661e-06,0.000102448729533305,0.00185432200455282,0.0,0.656790609139656
76401-0017,1.9953220782388e-05,0.153258471804991,0.251459356397779,0.0,0.0,0.0,0.034989081154183,4.43404906275288e-06,0.000115285275631575,1.10851226568822e-05,2.21702453137644e-06,0.00593497467049473,6.65107359412932e-06,0.00250523772045538,4.43404906275288e-06,0.000297081287204443,8.64639567236811e-05,0.0,0.551305273192848
76401-0018,3.44997381156243e-05,0.253055579078104,0.217821937442566,0.0,0.0,0.0,0.014583980203423,9.40901948607935e-06,7.52721558886348e-05,9.40901948607935e-06,0.0,0.00421524072976355,2.50907186295449e-05,0.00157444259400395,6.27267965738624e-06,8.15448355460211e-05,0.0317617134451752,0.0,0.476745608340155
76401-0021,1.76160545674906e-06,0.0213700357958229,0.0661377152681868,0.0,0.0,0.0,0.00136524422898052,3.52321091349813e-06,1.76160545674906e-05,5.28481637024719e-06,5.28481637024719e-06,1.76160545674906e-06,2.11392654809888e-05,3.87553200484794e-05,3.52321091349813e-06,0.000371698751374052,0.000711688604526621,0.0,0.909944967445531
76401-0022,1.60386724470042e-06,0.0162551945250388,0.458577722604745,0.0,0.0,0.0,0.0184460771812995,9.62320346820253e-06,0.000213314343545156,4.65121500963122e-05,3.84928138728101e-05,0.0076007268726353,1.60386724470042e-06,0.000301527042003679,3.20773448940084e-05,8.66088312138228e-05,0.00105374077976818,0.0,0.49733517457293
76401-0023,0.0,0.167028140831418,0.222213196650069,0.0,0.0,0.0,0.00501731556017665,5.41534329214965e-06,0.0463986613271382,1.62460298764489e-05,1.08306865842993e-05,1.08306865842993e-05,3.79074030450475e-05,3.79074030450475e-05,0.0,0.000227444418270285,0.00765458774345353,0.0,0.551341515917048
76401-0024,0.0,0.0204195441429174,0.412865155788996,0.0,0.0,0.0,0.0215478390558636,6.48445352267938e-06,0.000142657977498946,0.00119313944817301,0.00140064196089875,0.00592679051972895,0.000285315954997893,0.000123204616930908,0.000162111338066984,0.000168595791589664,0.00640664008040722,0.0,0.529351878870408
76401-0025,1.90424322517867e-06,0.0301803508758567,0.384643801783514,0.0,0.0,0.0,0.0141161550282494,1.90424322517867e-06,0.000140913998663221,3.80848645035733e-06,0.0,0.000123775809636613,1.90424322517867e-05,5.52230535301813e-05,3.80848645035733e-06,5.90315399805386e-05,0.000152339458014293,0.0,0.570497940560952
76401-0026,0.0,0.0504928171758416,0.353559433606823,0.0,0.0,0.0,0.0029605601675808,8.50491286291526e-07,0.000147134992528434,1.19068780080814e-05,1.87108082984136e-05,0.0,2.97671950202034e-05,3.48701427379526e-05,0.0,5.61324248952407e-05,8.50491286291526e-06,0.0,0.592679311204117
76401-0027,2.61732942536969e-06,0.0282165560917688,0.28577834796784,0.0,0.0,4.36221570894948e-07,0.0027887645027314,1.30866471268484e-06,0.00167814438323286,2.09386354029575e-05,2.05024138320625e-05,0.00372227866444659,1.61401981231131e-05,0.00267491067272782,1.87575275484828e-05,0.000258679391540704,0.196541809874573,0.0,0.478259807460523
76401-0028,9.63551728756334e-07,0.025818368572026,0.459487949340304,0.0,9.63551728756334e-06,0.0,0.0116079076763276,5.781310372538e-06,0.0002890655186269,1.4453275931345e-05,1.83074828463703e-05,0.00296292156592573,3.85420691502534e-06,6.45579658266744e-05,6.74486210129434e-06,0.00050201045068205,0.00843685893699046,1.92710345751267e-06,0.49076869266265
76401-0029,1.47573377172465e-06,0.0572363343363404,0.500220622198873,0.0,5.90293508689858e-06,0.0,0.0115062962181371,1.47573377172465e-06,0.000240544604791117,5.31264157820872e-05,6.93594872710584e-05,0.00314774013508867,1.03301364020725e-05,0.000703925009112656,1.47573377172465e-06,0.000301049689431828,0.0248734927224189,0.0,0.401626848909949
76401-0031,0.0,0.0134488536642509,0.431000868183606,0.0,0.0,0.0,0.0191132835745234,3.65358697751994e-06,0.000115087989791878,2.37483153538796e-05,4.06461551249093e-05,0.00238076861422643,2.10081251207396e-05,6.39377721065989e-05,2.00947283763596e-05,7.26150411782087e-05,0.00642163581136348,0.0,0.527273798438
76401-0032,9.8845647579023e-06,0.135646705886423,0.310953580436469,0.0,0.0,0.0,0.00567703502595522,6.58970983860153e-06,9.71982201193726e-05,2.63588393544061e-05,1.31794196772031e-05,0.000202633577536997,2.47114118947557e-05,8.73136553614703e-05,0.0,9.4727078929897e-05,1.23557059473779e-05,1.64742745965038e-06,0.547146079040275
76401-0034,3.47333175875627e-06,0.0230733428734179,0.592272531503119,0.0,3.47333175875627e-06,0.0,0.0204231907414869,1.04199952762688e-05,0.000291759867735527,0.000267446545424233,0.000312599858288064,0.00566153076677272,5.2099976381344e-05,0.000600886394264835,0.0416348277922114,6.59933034163691e-05,0.00723495005348931,0.0,0.308091473665199
76401-0035,9.45391805816523e-06,0.165717729641578,0.375690431453185,0.0,0.0,0.0,0.00912184918637218,1.06356578154359e-05,8.62670022807577e-05,0.000228075773153236,0.000283617541744957,0.00337268526725045,2.59982746599544e-05,0.002746363195897,4.72695902908262e-06,4.60878505335555e-05,0.107787665000414,0.0,0.334868413278028
76401-0036,4.62886529539104e-06,0.0712089207491973,0.528872547280002,0.0,0.0,0.0,0.0614065270086575,1.08006856892458e-05,0.000225271444375697,9.25773059078208e-05,0.000129608228270949,0.00869455197984284,0.000157381420043295,0.000246872815754189,2.62302366738826e-05,7.7147754923184e-05,0.0130734585492828,0.0,0.315773475676084
76401-0037,0.0,0.067430585379185,0.189725606834452,0.0,0.0,0.0,0.0139219660052032,5.32388757369148e-06,0.000122449414194904,5.32388757369148e-06,1.77462919123049e-06,0.000413488601556705,1.41970335298439e-05,5.32388757369148e-06,1.77462919123049e-06,0.000464952848102389,0.0023513836783804,0.0,0.725535849284292
76401-0038,0.0,0.00617105584413548,0.722737036862819,0.0,1.11997383741116e-06,0.0,0.0589475829844615,3.35992151223347e-06,0.000262073877954211,7.83981686187811e-06,0.0,0.0134329662059094,1.23197122115227e-05,0.000141116703513806,2.23994767482232e-05,6.60784564072583e-05,0.0031717659075484,0.0,0.19502328425608
76401-0039,8.76782471364832e-06,0.0313559331321848,0.245080428352076,0.0,0.0,0.0,0.0202273716143867,5.4798904460302e-06,0.000147957042042815,4.27431454790356e-05,7.23345538875987e-05,0.00112995340997143,0.0,0.000120557589812664,0.0,0.00015782084484567,0.000329889404851018,2.19195617841208e-06,0.701318571239124
76401-0040,0.0,0.0066506468148112,0.485841572360032,1.87659334503702e-06,0.0,0.0,0.0340310820155738,3.75318669007404e-06,0.00011353389737474,4.69148336259255e-06,6.56807670762957e-06,0.0,2.81489001755553e-06,6.47424704037772e-05,5.62978003511106e-06,5.06680203159996e-05,5.62978003511106e-06,0.0,0.473216790631295
76401-0042,0.0,0.0130955252438472,0.654693150415152,0.0,9.03388882715732e-07,0.0,0.0593327750390038,9.03388882715732e-07,0.000183387943191294,3.61355553086293e-06,1.80677776543146e-06,0.0,1.17440554753045e-05,1.71643887715989e-05,2.71016664814719e-06,0.000153576110061674,6.14304440246697e-05,0.0,0.272441309082762
76401-0043,7.98752843835556e-05,0.178101226774195,0.293642202795084,0.0,2.75432015115709e-06,0.0,0.00792004759465221,2.06574011336782e-05,0.000238248693075088,0.000417279502900299,0.000621099194085924,0.00376653280670732,1.65259209069425e-05,8.81382448370269e-05,3.44290018894636e-05,0.000103287005668391,0.194158913255441,0.0,0.320788782204888
76401-0044,2.40860583394918e-05,0.0193816305955641,0.290511889910656,0.0,1.14695515902342e-06,0.0,0.0147873105469026,3.44086547707026e-06,8.64039553130977e-05,3.05854709072912e-05,5.88770314965356e-05,0.00281692187056152,1.68220089990102e-05,0.0017433718417156,8.79332288584623e-06,0.000203011063147146,0.00745291462333419,0.0,0.662872793879541
76401-0045,0.0,0.00295927503136647,0.350327793074959,0.0,0.0,7.67845104142831e-07,0.0165439906138614,7.67845104142831e-06,7.06417495811405e-05,0.0,0.0,0.000394672383529415,7.67845104142831e-07,4.14636356237129e-05,9.98198635385681e-06,0.000146658414891281,0.00275886745918519,0.0,0.626737441509399
76401-0046,1.14989670094637e-06,0.0123748049966845,0.38903995124438,0.0,0.0,0.0,0.00244506368511229,3.06639120252364e-06,0.000128788430505993,0.0,0.0,0.000686871629365295,8.70088503716083e-05,4.63791669381701e-05,1.53319560126182e-05,0.00022767954678738,0.00985231493370846,0.0,0.58509158927223
76402-0001,1.20672386537789e-06,0.00740083746636257,0.26993447489411,0.0,0.0,0.0,0.00583933678456359,2.41344773075577e-06,5.91294694035164e-05,1.20672386537789e-06,0.0,1.56874102499125e-05,2.41344773075577e-06,4.82689546151154e-06,0.0,5.3095850076627e-05,0.224761973717554,0.0,0.491923397169026
76402-0003,0.0,0.000859429224676438,0.265814722573797,0.0,0.0,0.0,0.00913322173682277,0.0,6.53247866737435e-05,2.04139958355449e-06,0.0,0.0,4.08279916710897e-06,8.16559833421794e-06,0.0,8.98215816763973e-05,0.0,0.0,0.724023190299269
76402-0004,0.0,0.0119849164417088,0.234801424324864,0.0,0.0,0.0,0.0198964318351312,1.05038706763442e-05,4.62170309759146e-05,6.30232240580654e-06,1.26046448116131e-05,0.000105038706763442,1.68061930821508e-05,1.68061930821508e-05,2.10077413526885e-06,0.000749976366290978,4.20154827053769e-06,0.0,0.732346669747802
76402-0005,0.0,0.0121294344903618,0.533352974859638,0.0,2.37599108528145e-06,0.0,0.0575631360231136,0.0,0.000232847126357582,1.90079286822516e-05,1.90079286822516e-05,0.00314818818799792,4.7519821705629e-06,6.8903741473162e-05,2.37599108528145e-06,7.84077058142878e-05,0.00360437847637196,0.0,0.389774209567166
76402-0006,1.8617882848834e-06,0.0420522119906613,0.406173317595016,0.0,0.0,0.0,0.00578271441284783,3.72357656976679e-06,7.07479548255691e-05,5.58536485465019e-06,0.0,7.44715313953358e-06,9.30894142441698e-06,0.000141495909651138,0.0,0.000320227584999944,2.04796711337174e-05,0.0,0.545410878056591
76402-0007,0.0,0.075859033781977,0.385094482574204,0.0,0.0,0.0,0.00664052054550316,1.11418129958107e-05,0.0128019431321865,3.3425438987432e-05,2.22836259916214e-05,0.0067853641144487,4.45672519832427e-05,0.000217265353418308,5.57090649790534e-06,1.6712719493716e-05,0.000679650592744451,0.0,0.511788038149568
76402-0008,0.0,0.00546685072748818,0.359401150787349,0.0,0.0,0.0,0.0112146792577299,1.52705327583469e-06,6.87173974125609e-05,0.0,0.0,0.000129799528445948,0.0,9.92584629292547e-05,0.0,9.00961432742466e-05,0.0013514421491137,0.0,0.622176478492982
76402-0009,0.0,0.0401944789115548,0.370334730909341,0.0,0.0,0.0,0.0176499741345942,3.6175392774327e-06,0.000104908639045548,0.0,0.0,0.000658392148492752,0.0,9.40560212132503e-05,0.0,0.000249610210142857,7.23507855486541e-06,0.0,0.570702996407784
76402-0010,0.0,0.00826317982094151,0.292614819880366,0.0,0.0,0.0,0.00943633519623333,1.96508438072331e-06,9.03938815132722e-05,0.0,0.0,3.73366032337429e-05,9.82542190361654e-06,2.16159281879564e-05,0.0,0.000495201263942274,2.35810125686797e-05,0.0,0.689005745906729
76402-0011,0.0,0.0134462209133807,0.254043431380506,0.0,2.8985171186421e-06,0.0,0.0284779306906587,2.8985171186421e-06,0.0001101436505084,2.8985171186421e-06,0.0,0.00182316726762588,5.79703423728421e-06,0.000188403612711737,1.15940684745684e-05,0.000173911027118526,0.00675644340355474,0.0,0.694954261399868
76402-0012,6.84514234473506e-06,0.00547953644696041,0.244173072579044,0.0,0.0,0.0,0.0111028208831603,3.42257117236753e-06,5.8183709930248e-05,0.0,0.0,0.000239579982065727,0.0,0.0,3.42257117236753e-06,0.00241633524769148,0.0,0.0,0.736516780866458
76402-0013,0.0,0.117372996533126,0.39416735416001,0.0,0.0,0.0,0.0069575915955727,0.0,0.000109681018984354,5.24561395142561e-05,5.24561395142561e-05,0.000212208928034945,2.86124397350488e-05,9.53747991168294e-05,3.81499196467317e-05,5.72248794700976e-05,0.0020815549907248,0.0,0.47877433845655
76402-0015,5.87924040214004e-06,0.0182138867658299,0.501459031493131,0.0,0.0,0.0,0.0243557332392655,1.95974680071335e-06,0.000116604934642444,1.07786074039234e-05,4.89936700178337e-06,0.000604581888020068,7.54502518274639e-05,0.000127383542046368,1.76377212064201e-05,7.44703784271072e-05,3.23358222117702e-05,4.89936700178337e-06,0.454894467634782
76402-0016,0.0,0.015962460660441,0.250622822695985,0.0,0.0,0.0,0.00828598850675361,0.0,4.46406343090746e-05,0.0,1.71694747342595e-06,1.71694747342595e-06,0.0,2.57542121013892e-05,0.0,0.000243806541226484,0.000350257284578893,0.0,0.724460835569657
76402-0017,0.0,0.00121996661681308,0.281858228649308,0.0,0.0,0.0,0.0215408331504234,0.0,4.5940165486685e-05,1.53133884955617e-05,1.02089256637078e-05,0.000204178513274156,1.02089256637078e-05,0.0,5.10446283185389e-06,0.00358333290796143,0.000127611570796347,0.0,0.691379072723282
76402-0018,1.43198774218493e-06,0.0264330617329916,0.210539429782481,0.0,0.0,0.0,0.0123437343376341,1.71838529062191e-05,0.000210502198101184,0.0,0.0,0.0018716079790357,0.0,0.000849168731115662,5.01195709764724e-05,8.59192645310956e-05,0.0365385992295906,0.0,0.711059241332894
76402-0021,1.75041528602661e-06,0.0354214037280345,0.135580166394477,0.0,0.0,0.0,0.00613170474695121,0.0,4.0259551578612e-05,3.50083057205322e-06,0.0,0.0,1.05024917161597e-05,7.87686878711974e-05,1.75041528602661e-06,0.00030457225976863,0.00152286129884315,0.0,0.820902759179615
76402-0022,1.4265335235378e-05,0.0191607227769853,0.316519258202568,0.0,0.0,0.0,0.00663813599619591,4.75511174512601e-06,5.46837850689491e-05,3.80408939610081e-05,3.80408939610081e-05,0.00250594388968141,2.37755587256301e-06,0.000356633380884451,4.75511174512601e-06,8.08368996671422e-05,0.0122063718497385,0.0,0.64237517831669
76402-0023,0.0,0.0114848592236872,0.0981251521792062,0.0,0.0,0.0,0.00610886508665476,2.41075970270511e-06,3.85721552432818e-05,9.64303881082045e-06,1.44645582162307e-05,9.64303881082045e-06,9.64303881082045e-06,7.23227910811534e-06,2.41075970270511e-06,0.000253129768784037,0.000274826606108383,0.0,0.883659147507154
76402-0024,0.0,0.0115066371172442,0.652132236221559,3.83426761654256e-06,0.0,0.0,0.0792926543101002,7.66853523308513e-06,0.000138033634195532,0.00031440994455649,0.000402598099736969,0.0043327224066931,0.00510341019761815,8.05196199473938e-05,4.60112113985108e-05,3.45084085488831e-05,0.0136154843063426,0.0,0.232989271719209
76402-0025,0.0,0.00554013210137211,0.339797846735323,0.0,0.0,0.0,0.00667278133098596,1.53892558371447e-06,0.000193904623548024,3.07785116742895e-06,0.0,2.15449581720026e-05,1.53892558371447e-06,1.38503302534303e-05,0.0,4.61677675114342e-05,3.84731395928618e-05,0.0,0.647669143310906
76402-0026,5.95370990548486e-06,0.10471682667262,0.364173550643745,0.0,1.48842747637121e-05,0.0,0.00784103594552355,2.97685495274243e-06,0.000130981617920667,1.19074198109697e-05,0.0,0.000559648731115576,5.95370990548486e-05,4.46528242911364e-05,0.0,0.000107166778298727,0.000193495571928258,0.0,0.522137381856069
76402-0027,4.74316549378724e-06,0.0155765554815973,0.342337969514094,0.0,3.1621103291915e-06,0.0,0.00595425374986759,1.42294964813617e-05,0.000118579137344681,1.2648441316766e-05,1.42294964813617e-05,0.000238739329853958,3.1621103291915e-06,0.000313048922589958,1.58105516459575e-06,0.000196050840409873,0.000395263791148937,0.0,0.634815783357497
76402-0028,0.0,0.194549268002696,0.289947962673789,0.0,0.0,0.0,0.00697961627181653,8.37286021091235e-07,0.0001624334880917,4.18643010545617e-06,0.0,0.00264498654062721,7.53557418982111e-06,3.34914408436494e-05,1.00474322530948e-05,0.000132291191332415,0.000333239836394311,0.0,0.505194103831839
76402-0029,0.0,0.0161436594769751,0.489996835616463,7.07124812832901e-06,1.76781203208225e-06,0.0,0.0737690282867603,8.83906016041126e-06,0.000136121526470333,3.53562406416451e-06,5.30343609624676e-06,0.00102709879063979,5.30343609624676e-06,2.65171804812338e-05,8.83906016041126e-06,0.000751320113634957,8.83906016041126e-06,0.0,0.418099920271677
76402-0031,0.0,0.030129554887801,0.311029651276265,0.0,0.0,0.0,0.0127030269441393,1.33225243252641e-06,0.000269114991370335,7.32738837889526e-06,1.33225243252641e-05,0.000937905712498593,6.66126216263205e-07,2.53127962180018e-05,5.99513594636885e-05,9.39237964931119e-05,0.0029436117496671,0.0,0.641785298194731
76402-0032,0.0,0.0182517881376489,0.381423036326565,0.0,0.0,0.0,0.0213370221525834,6.55595838277619e-06,9.83393757416428e-05,2.62238335311047e-06,0.0,0.0,1.31119167655524e-06,2.36014501779943e-05,0.0,0.000430070869910118,0.000356644136023025,0.0,0.578069008017937
76402-0034,1.0514838013663e-06,0.0142244728648833,0.430636242333369,0.0,0.0,0.0,0.0138985128864597,1.0514838013663e-05,0.000165082956814509,4.20593520546519e-05,5.36256738696812e-05,8.41187041093039e-06,7.36038660956409e-06,6.51919956847105e-05,0.0,0.00102099077112668,8.41187041093039e-06,0.0,0.539858070716492
76402-0035,0.0,0.00591711492146637,0.609565901412741,1.51565443685102e-06,0.0,0.0,0.0338385009571358,4.54696331055305e-06,0.000177331569111569,0.000125799318258634,0.00019400376791693,0.00683711716463493,6.36574863477427e-05,9.7001883958465e-05,7.57827218425508e-06,0.000197035076790632,4.54696331055305e-05,0.0,0.3429274259186
76402-0036,6.02704455432416e-07,0.0450744581084241,0.317121989792597,0.0,0.0,0.0,0.0055219782206718,3.01352227716208e-06,0.00026940889157829,1.20540891086483e-06,1.20540891086483e-06,0.000154895045046131,1.26567935640807e-05,7.29272391073224e-05,1.02459757423511e-05,0.000301352227716208,0.00388443021526192,0.0,0.627569630445736
76402-0037,0.0,0.401544034730455,0.221220770530333,0.0,0.0,0.0,0.0134218392656266,1.3768813362358e-06,0.000125296201597458,2.20301013797728e-05,1.51456946985938e-05,0.00209974403775959,0.000257476809876094,0.000195517149745483,9.63816935365059e-06,8.81204055190911e-05,0.064278328300832,0.0,0.296720681721487
76402-0038,1.75756499914758e-06,0.00367682597821674,0.490678754027021,0.0,0.0,0.0,0.0156423284924135,0.0,0.000165211109919873,1.40605199931806e-05,3.51512999829516e-06,5.09693849752799e-05,0.000154665719924987,8.26055549599363e-05,5.27269499744274e-06,0.000694238174663294,0.0159217813272779,0.0,0.47290801432064
76402-0039,9.34971777876885e-07,0.0107830295142541,0.410024393413685,0.0,0.0,0.0,0.0241316215870024,4.67485888938442e-06,8.41474600089196e-05,0.0,0.0,0.0,2.80491533363065e-06,0.000538543744057086,0.0,6.54480244513819e-05,0.000139310794903656,9.34971777876885e-07,0.554224155743859
76402-0040,2.67588956603761e-06,0.0104868112093014,0.515527518179325,0.0,0.0,1.3379447830188e-06,0.0187767170848859,1.3379447830188e-06,0.000140484202216974,6.68972391509402e-06,6.68972391509402e-06,0.00114394278948108,9.36561348113163e-06,1.20415030471692e-05,0.0123358508994334,0.000278292514867911,0.00261969588515082,0.0,0.438650548891847
76402-0042,1.37090903607273e-06,0.0158737557286861,0.354761098536829,0.0,0.0,0.0,0.0112126650060389,1.37090903607273e-06,6.44327246954183e-05,1.37090903607273e-06,0.0,0.000119269086138327,5.48363614429092e-06,2.74181807214546e-05,0.0,0.0001206399951744,1.23381813246546e-05,0.0,0.617798786197139
76402-0043,7.94476797305135e-07,0.00494800149361638,0.495589859298159,0.0,0.0,0.0,0.0175380753005108,1.58895359461027e-06,0.00035274769800348,1.58895359461027e-06,0.0,0.00181855738903145,7.15029117574621e-06,7.30918653520724e-05,1.58895359461027e-06,0.000112021228420024,0.00435055494204292,0.0,0.475204379156107
76402-0044,1.34164077299975e-06,0.00764466912455256,0.404074026371291,0.0,2.6832815459995e-06,0.0,0.0188218784044135,4.02492231899924e-06,0.000118064388023978,0.0,0.0,0.000151605407348971,0.0,0.000140872281164974,5.36656309199899e-06,8.72066502449836e-05,0.0144803288629863,0.0,0.554467932102244
76402-0045,0.0,0.0276851591147467,0.27746246268497,0.0,0.0,0.0,0.00995177243306346,1.31724320755307e-05,0.0782096688944542,4.93966202832402e-06,1.15258780660894e-05,2.63448641510615e-05,0.0,1.48189860849721e-05,0.000375414314152626,0.000586173227361117,8.39742544815084e-05,1.64655400944134e-06,0.605572926700355
76402-0046,2.42572628266342e-06,0.0505796272952424,0.516796133068875,0.0,8.08575427554472e-07,0.0,0.0195756111010938,4.85145256532683e-06,0.000221549667149925,8.89432970309919e-06,1.61715085510894e-05,0.00289550860607256,5.6600279928813e-06,0.000362241791544403,3.39601679572878e-05,7.51975147625659e-05,0.0264428422073139,0.0,0.382978516959465
76501-0001,1.20901349788007e-05,0.125986762813465,0.213208774717714,0.0,0.0,0.0,0.00146215069899871,5.28943405322531e-06,8.16084111069048e-05,0.000213844262437537,0.000238024532395139,9.82323467027557e-06,0.000136769651947683,3.55147715002271e-05,3.77816718087522e-06,0.000104277414192156,0.00487912509738226,0.0,0.653622166657977
76501-0003,5.28587323947384e-06,0.0419804052679013,0.268558040209638,2.64293661973692e-06,0.0,0.0,0.0029455528626968,7.92880985921077e-06,3.30367077467115e-05,1.18932147888161e-05,2.51078978875008e-05,6.73948838032915e-05,9.25027816907923e-06,4.09655176059223e-05,1.32146830986846e-06,0.000118932147888161,0.00839925257752394,0.0,0.677792989346322
76501-0005,6.81906314288155e-05,0.369031265815297,0.149379383096611,0.0,0.0,0.0,0.00311458655116433,2.464721617909e-06,6.65474836835429e-05,1.15020342169086e-05,1.64314774527266e-06,3.03982332875443e-05,0.000152812740310358,2.87550855422716e-05,0.0,0.000138024410602904,0.0817564592137867,0.0,0.396217966834706
76501-0007,0.0,0.0070092093659746,0.451308340831882,0.0,0.0,0.0,0.0261398667778598,2.99442886509649e-06,3.81789680299802e-05,2.24582164882237e-06,0.0,1.49721443254824e-06,2.99442886509649e-06,4.71622546252697e-05,2.24582164882237e-06,5.5396934004285e-05,2.02123948394013e-05,1.49721443254824e-06,0.515368157542891
76501-0008,0.000227282093293055,0.38146864193954,0.606554091265,0.0,2.68492582736302e-05,0.0,0.00277296641844631,2.62248569184295e-05,6.99329517824785e-05,2.9346863694433e-05,3.74640813120421e-06,5.12009111264575e-05,8.05477748208905e-05,0.000119260658843334,1.43612311696161e-05,6.43133395856722e-05,0.00389376685103157,6.24401355200701e-07,0.00459684277698756
76501-0020,1.08700181348136e-05,0.136055487819239,0.176325281669345,0.0,0.0,0.0,0.00119660782967406,1.08700181348136e-05,0.000119570199482949,8.15251360111019e-06,2.7175045337034e-06,1.44933575130848e-05,1.8116696891356e-05,0.000670317784980171,2.7175045337034e-06,6.61259436534493e-05,2.7175045337034e-06,0.0,0.685495953635749
76501-0021,2.20497685325548e-06,0.221452440303008,0.27623178275686,0.0,0.0,0.0,0.00720696684486555,5.51244213313871e-06,3.96895833585987e-05,7.71741898639419e-06,9.92239583964967e-06,8.81990741302193e-06,0.00016096331028765,6.3944328744409e-05,1.10248842662774e-06,4.85094907716206e-05,0.184488208335033,0.0,0.310272215417419
76501-0036,2.32935169483629e-06,0.0336917429141121,0.3798042878706,1.39761101690178e-05,1.16467584741815e-06,0.0,0.00854755604420178,2.32935169483629e-06,0.000130443694910832,1.16467584741815e-05,1.39761101690178e-05,0.00331233811005721,5.82337923709073e-06,4.42576822018896e-05,2.32935169483629e-06,0.000206147624993012,0.135399390641597,0.0,0.438810260328345
76501-0038,0.0,0.0207847965020813,0.262962880177716,0.0,0.0,0.0,0.00175119454335689,2.57907885619572e-06,1.71938590413048e-05,0.0,0.0,0.00012637486395359,1.71938590413048e-06,6.27575855007625e-05,0.0,6.87754361652192e-05,0.000905256678524698,0.0,0.7133164718889
76501-0039,0.0,0.0507457933011306,0.384755029460162,0.0,0.0,0.0,0.0026505299290479,1.17958608324339e-06,0.000113240263991365,1.17958608324339e-06,0.0,0.0014898172231364,1.17958608324339e-05,5.19017876627092e-05,1.17958608324339e-05,0.000101444403158932,0.0173906376252573,0.0,0.542675655112621
76501-0040,0.0,0.0119498204778871,0.236971302885566,0.0,0.0,0.0,0.00870711313433877,8.45556021785751e-06,0.000133175073431256,2.11389005446438e-06,0.0,0.00302603361296576,1.16263952995541e-05,4.43916911437519e-05,0.0,8.34986571513429e-05,0.0407896224909446,0.0,0.698272846131
76501-0043,0.000268267089563223,0.389325581284928,0.478838949532551,1.18702252019125e-06,3.44236530855463e-05,0.0,0.015603411027914,1.899236032306e-05,8.9026689014344e-05,0.000128198432180655,0.000125824387140273,8.66526439739615e-05,7.47824187720489e-05,6.17251710499452e-05,5.93511260095627e-06,6.05381485297539e-05,1.18702252019125e-05,0.0,0.115264634800651
76502-0001,2.33874545016562e-06,0.0119252630503945,0.562899389509479,0.0,0.0,0.0,0.0322411651941665,7.79581816721874e-07,1.94895454180468e-05,7.79581816721874e-07,0.0,0.0,2.02691272347687e-05,2.18282908682125e-05,5.45707271705312e-06,9.74477270902343e-05,0.00146171590635351,0.0,0.391304076667194
76502-0003,1.36460205219091e-05,0.205650646522866,0.40785226135882,0.0,0.0,0.0,0.00543623342541554,4.2643814130966e-06,4.0085185283108e-05,2.72920410438182e-05,1.96161545002443e-05,1.19402679566705e-05,7.67588654357388e-05,4.34966904135853e-05,8.5287628261932e-07,3.75265564352501e-05,0.00854752610441082,0.0,0.372237853549202
76502-0005,4.98930862437634e-05,0.289213589926348,0.583639819434545,0.0,0.0,0.0,0.0895177001663103,8.31551437396056e-06,3.92017106200998e-05,2.85103349964362e-05,2.37586124970302e-06,2.96982656212877e-05,5.34568781183179e-05,4.87051556189119e-05,4.75172249940603e-06,1.18793062485151e-05,1.90068899976241e-05,0.0,0.0373330957472084
76502-0007,0.0,0.00150612246466183,0.326955365753388,0.0,0.0,0.0,0.00477707210305156,3.84214914454549e-06,3.32986259193943e-05,8.96501467060615e-06,8.96501467060615e-06,0.00118082050375698,0.000610901713982733,9.86151613766676e-05,1.40878801966668e-05,0.000234371097817275,0.00896501467060615,0.0,0.655602557846757
76502-0008,1.57473136326152e-05,0.102079888608476,0.250848075719714,0.0,0.0,0.0,0.00409098632055729,9.11686578730352e-06,3.06658212845664e-05,4.97283588398374e-06,0.0,1.57473136326152e-05,6.63044784531165e-06,0.000876876727542466,0.0,3.56386571685501e-05,0.0198590201026891,0.0,0.622126633265786
76502-0020,0.0,0.00213633587464723,0.612443926119372,0.0,0.0,0.0,0.0132695021271219,6.58144138831557e-06,4.21212248852197e-05,0.0,0.0,0.000463333473737416,3.4223495219241e-05,2.63257655532623e-05,4.6070089718209e-05,0.000140842845709953,0.00300640242618255,0.0,0.368384335116465
76502-0021,4.22914914132894e-05,0.348481889245504,0.2172444709642,1.5378724150287e-06,3.84468103757176e-06,0.0,0.00918571193496645,1.07651069052009e-05,2.92195758855454e-05,3.07574483005741e-05,9.99617069768658e-06,2.69127672630023e-05,0.000285275332987825,9.6117025939294e-05,3.84468103757176e-06,2.99885120930597e-05,0.040881262408708,0.0,0.383636114780646
76502-0036,0.0,0.0393454837792527,0.788241061186874,3.92160707457916e-06,0.0,0.0,0.0120314905048089,5.88241061186874e-06,7.84321414915832e-05,0.000394121510995206,0.000517652133844449,0.00480789027343405,0.00042157276051726,0.000131373836998402,7.84321414915833e-06,0.000358827047323993,7.84321414915833e-06,0.0,0.153646604378474
76502-0038,0.0,0.0136214407869278,0.265459561347664,0.0,1.37312911158546e-05,0.0,0.0085683256562933,3.74489757705127e-06,2.62142830393589e-05,7.48979515410253e-06,6.24149596175211e-06,0.00153291140820632,6.24149596175211e-06,1.49795903082051e-05,3.74489757705127e-06,0.000142306107927948,0.00384351321324695,0.0,0.706749553733039
76502-0039,0.0,0.0134790831824986,0.436582859825868,1.01629217993656e-06,0.0,0.0,0.0113367392671924,7.11404525955594e-06,0.000102645510173593,0.000297773608721413,0.000386191028375894,0.00401435411074942,0.0,0.000172769670589216,3.55702262977797e-05,0.000119922477232514,0.00468815582604737,0.0,0.528775804928814
76502-0040,0.0,0.0126997589837778,0.209172500909282,0.0,0.0,0.0,0.00584053086954488,6.03672441296628e-06,1.20734488259326e-05,2.26377165486236e-05,1.96193543421404e-05,0.00100662379586213,3.01836220648314e-06,0.000851178142228246,1.66009921356573e-05,0.000579525543644763,0.0084227397371912,0.0,0.761347155419998
76502-0043,5.08272128897812e-06,0.0811829186679882,0.509398798783535,0.0,0.0,0.0,0.00398824197141816,0.0,7.62408193346718e-05,1.69424042965937e-06,1.69424042965937e-06,3.38848085931875e-06,2.54136064448906e-05,4.91329724601218e-05,1.69424042965937e-06,9.65717044905843e-05,0.00274636373647784,0.0,0.402422763814413
