Eigvals	93
4.630235848103911	2.08939578746331	1.7649741659119156	1.0699445864963433	0.9001826841143828	0.7509695336249729	0.6684814111034041	0.6482905529230757	0.6011498209825292	0.5729502816514093	0.48984534508755034	0.42418952425395856	0.4147817346175291	0.40228053374206074	0.3568797790805028	0.32887695437239967	0.3148802896640361	0.3093746396450347	0.30286435184591626	0.29269176408133396	0.28898162246597175	0.2816050242851913	0.26929607310558135	0.2575613602492798	0.23880654079481625	0.23544751399216954	0.23016137533226594	0.21518290747879598	0.21365096221128912	0.2021956886168632	0.19775219992176668	0.1894230513891241	0.18645382430056515	0.17808896331972668	0.16994397503042277	0.16601973499378217	0.1645241108394222	0.1612571276524773	0.15297032462952	0.14921392208049641	0.14576616858562114	0.14275001013985414	0.13660315100345777	0.1335127370043044	0.12547597548305306	0.12404775437573003	0.1228571824530837	0.11794044326703919	0.11460558344687875	0.11150092428231206	0.10419364904350188	0.10351925014450561	0.09977478735816508	0.09539846201909037	0.09193809553032087	0.08703308277766794	0.08573716076723673	0.08485598829099482	0.08364653588046246	0.07886670719582349	0.07710374706191096	0.07573537259767156	0.0724378863156765	0.06908938581466255	0.06713465532307009	0.06518676684934267	0.05987602371664054	0.05629126214717044	0.0555862758729057	0.05246611434694619	0.046623190103265766	0.0432092173292083	0.04232913748064426	0.03814614443822831	0.03699140377556297	0.03402391435567119	0.03352620226731325	0.029036528915959203	0.027254200949630242	0.023570351633066373	0.02026875483095028	0.01937804089573745	0.01591609438807956	0.010848058188890267	0.010347739151130757	0.0069468431526528655	0.0027504975261250526	0.0	0.0	0.0	0.0	0.0	0.0

Proportion explained	93
0.18697542919377616	0.08437273757374551	0.07127213667149283	0.04320586571321919	0.03635064157347756	0.03032520490689011	0.026994218620700183	0.026178883398499025	0.024275274408321595	0.02313653738876738	0.019780643284903938	0.017129368990861756	0.016749469227061067	0.016244653171074312	0.014411306908152885	0.013280513501467188	0.012715308514727831	0.012492982631324926	0.0122300880628088	0.011819304676024515	0.011669483944714227	0.01137160654578945	0.01087455380263917	0.010400689609809513	0.009643343649044664	0.009507701427200725	0.009294239720899516	0.008689388143692153	0.008627526041352212	0.008164945998539272	0.007985511681770377	0.007649168961270018	0.007529267399563514	0.007191482560227736	0.006862576489105135	0.006704110162727669	0.006643714757969065	0.006511789386651745	0.006177156637329437	0.006025467824519633	0.0058862426941793215	0.005764445978328518	0.005516227169843408	0.005391431910415149	0.005066896188248999	0.005009222613233444	0.004961145646200757	0.00476260080967348	0.004627934484537815	0.004502563985315197	0.004207485944188397	0.0041802527690923	0.004029046100675433	0.0038523239345896222	0.003712589473834154	0.0035145181671632883	0.003462187015565198	0.0034266040328956343	0.0033777646452343474	0.003184748447117988	0.0031135576398884177	0.003058300756407258	0.002925143627253871	0.0027899264722596948	0.002710991708542782	0.00263233323512054	0.0024178779656375596	0.0022731202567438536	0.0022446519204580577	0.0021186554141010244	0.0018827099236232035	0.0017448489062526396	0.0017093100454238896	0.0015403949091159666	0.0014937648587055167	0.0013739334665012805	0.001353835153070062	0.0011725358349903917	0.001100562927475347	0.0009518039161321583	0.0008184807984008557	0.0007825125182119544	0.0006427142540737901	0.00043805983157799963	0.00041785624586708833	0.000280523287067766	0.00011106895465254709	0.0	0.0	0.0	0.0	0.0	0.0

Species	0	0

Site	93	93
CFS006	0.1462850258205398	-0.18340592733586134	-0.13819847636685423	-0.08498216748900671	-0.08140812060222595	0.011446238220311754	-0.011701218392943923	0.0017789138215931733	0.004317662392279257	0.032319841247182464	-0.07061933677978291	-0.003640226714210699	0.09685466298553837	-0.0967823449279308	0.0681678623256966	0.11580582916271473	-0.005891196065870691	0.015373281552408465	0.041565877901427184	0.04501605637589974	-0.09785173155526443	0.03430597095357802	0.018081844834143962	-0.008348394040849277	0.01855481366120812	0.1525493923473802	-0.0758005216012992	0.01706813515720284	-0.06954849410576668	-0.008864944449573892	0.010140451551185868	0.03837364337515614	0.027383101088847235	-0.007904184684870084	0.10294714904405167	0.02655660211809565	-0.010589405530130913	-0.10007267794135499	-0.00443010890419058	-0.045695295217638134	-0.040742767435755875	0.019780344271391477	0.021622830959657724	-0.05763530675329359	0.03520420333501789	-0.020517273172484002	0.023735800347855874	0.021512462251873164	-0.043330561095390435	0.07239269355164052	0.01341410393705037	-0.04904461929190251	-0.036890324617161345	0.02898327812853505	-0.007391425640713667	0.0026991494195974914	0.06885370729346797	0.017784922899846865	0.021577308938542136	-0.0008718756695494395	0.00963060507796459	-0.017623607585062723	0.061346884872234234	-0.002263485858972373	-0.04016640288945699	-0.003497992643079385	-0.005752078544972569	0.03324028191312197	0.009829279400457093	0.01823756751973128	0.04173380939836481	-0.01714255768182144	0.0044323138026019955	0.004436985616867153	0.0018611590455844106	-0.026649949033206242	0.011759627732477265	0.014449085404602538	-0.015991350397433948	0.005329540654181972	-0.01704699557637215	-0.002805837552910496	-0.007355884819861503	-0.0023682822721676072	0.0025694799000454795	0.0045753198991094115	-0.00048532218134851845	0.0	0.0	0.0	0.0	0.0	0.0
CFS011	0.028887802479238948	-0.12860067321336802	-0.25531544621648705	-0.13353694679066755	-0.14368284489487798	-0.02433661656576822	-0.0589206744725384	-0.01012054724321901	-0.07585852142796586	-0.07841952039693524	0.05581629308188727	0.052224001711069744	-0.04244399671619861	-0.09907065419162779	-0.00794498943829838	0.04574425960526337	-0.20082241026466802	-0.11794741249831747	-0.1332603790784079	-0.021705083137840794	0.0359867951029076	-0.052840161520608706	-0.03043624676750017	-0.051236888440141654	0.007703002758863343	0.0018330959896776316	-0.004180311685597873	0.04219270999451405	0.013769413439007231	-0.022186458488828966	0.020591271103535393	0.006838694099079916	-0.026395457241546075	-0.10798161894834082	-0.04315220563131943	0.039097378665809965	0.03831250038890366	0.0632909032595597	-0.03794564388721367	0.0369209590416644	-0.024861560263864064	0.006403755385635499	0.0006247765712997227	0.07328880083807786	0.014596413196708307	-0.04064122610807092	-0.011259683282291693	0.02904477132843809	0.0046390444971382205	0.003257809427393752	-0.05169275787537032	0.05140060782018263	0.016861790262544325	-0.03842088928928742	0.011229734775785481	0.004619440645843184	0.030340804445838136	0.03603986039073568	0.02048866374301363	0.015677246709499656	0.018537312956285416	0.013641423509684553	0.027321049526175322	-0.00931108860818497	-0.014934078422150075	-0.03703458662069699	0.0010443222818745782	-0.005136839911969897	0.05361012208145892	-0.010764159667680611	0.013709007506524968	0.0008245039528870208	0.018262671765220433	0.04379955993571944	-0.018913145525134862	0.004402729642171836	0.013985579933368745	0.023415125551311033	0.010832896473642573	-0.00935264423523728	0.010717903318537076	-0.019591952245998905	-0.002489162555894792	0.0038427676246145393	0.006145620851140742	-0.004093537815286111	-0.0011116847362130492	0.0	0.0	0.0	0.0	0.0	0.0
CFS013	-0.20623047190983498	0.03300674769942368	0.059212542756369724	0.07363056077629956	-0.15450565362789492	0.1590993080108317	0.1463409061342142	0.05801990330060653	0.021632101199138432	-0.12779430806331338	-0.10650905822200173	-0.016821468258848067	-0.011946978656344713	0.02130258585395212	-0.009048319985053437	-0.05829810527908217	-0.008642256453160416	0.060770069559429235	-0.041097392378081306	-0.008069387474334843	0.10434229494775216	0.05475381325788878	-0.08267640553978071	0.049933716769307655	0.12063946921326105	0.03371634961748633	0.010495687918553868	-0.10058389912722421	0.002215509311041947	0.013796239992746638	0.0330139871513751	0.1303597766736934	0.01898754112084602	0.04719745865565966	-0.04871180346217841	0.014535632269860502	-0.03509044756370057	-0.049937869706113504	-0.02255183918455254	-0.03943384166589356	-0.11914793871713196	0.06510031551158715	-0.05505679498445134	0.0064923537634984	-0.03754651689090336	-0.08659998910232156	-0.053114882161584547	0.03530776612122308	-0.020925588992135653	-0.02928094967543863	0.0037686005930967605	0.0792558844573376	-0.0027939951548731482	0.03360546318203735	0.012819251631171508	-0.04047152548470119	-0.004524735034330932	-0.017006167881908795	0.004540069948052698	-0.036060145379310245	-0.029040461781683055	0.0017112613531386205	0.015481750849880972	0.01971161971053731	-0.008376448732779526	0.0022411864009374088	0.021357507423259644	-0.015829403134186182	-0.0018062557649564978	-0.009322567506712233	0.003678385685257151	-0.0013877367463300389	0.009804630174723392	-0.008768452395636716	-0.008004559717486044	0.00766947976136187	0.0028231605622557002	0.000796147625043859	-0.0018725413129225608	0.005314743658817501	-0.0052853105987561546	-0.00619805594792371	0.0029368738913011535	-0.0037967080124617293	-0.0015284287788186804	-0.001763358195250871	-0.00015566477745345816	0.0	0.0	0.0	0.0	0.0	0.0
CFS003	-0.17460216494007866	-0.07147063560024078	0.05521755014474885	-0.09430518488273701	-0.04983558806677121	0.06542388305104735	0.0844566782514383	0.08584669883965267	-0.15536957953408198	-0.04659359143048457	-0.03560677218514875	-0.05430379285028397	-0.07227550749524732	0.03841891805502681	0.02510860898235623	0.00036081686119760896	-0.047913658733753445	-0.010269460055976022	-0.0232785820926151	0.09753572149515126	0.019473756392308066	0.03640664285994843	-0.030869873343279345	-0.03174336015679829	0.05761244124099503	-0.11926352763619494	-0.019718975945552823	-0.007407263997395148	0.01719719887925437	0.013291305629538482	0.009455339733198677	0.05056157480830255	-0.05384708933231062	-0.06689676080816395	-0.0037311516536806823	0.06663985160813427	0.02086541925419873	-0.07758010367492342	0.027576643135645278	-0.10148240795059697	0.008159224567801921	-0.032736766458996654	-0.010462934166913757	-0.02188008415607232	0.015667793437366042	0.04990869778684882	0.09744450276658735	-0.024707027873280735	0.06181598274212142	-0.0018522502982122977	0.003295810068390301	0.014304709407902785	-0.037240530284824554	-0.04374844849492954	0.0011963901266478492	0.02135334262156891	-0.03461839603441907	-0.03626639571828819	-0.048486815168072996	0.004794112261444975	-0.017938594294385272	0.005446313328104058	-0.03210114795517851	-0.022724707392631945	0.009843828919464224	-0.0016850651246053604	-0.05460969186736281	0.03256102535110284	-0.006566243500051124	-0.006708717888561724	0.02601479889746014	0.012156469235142815	0.017976240906640264	-0.018751594436630638	0.021513289111115195	-0.048397228529448506	-0.00019008536694249065	0.0334543808663979	0.00966927004858599	0.010204982723280746	0.010620164989438251	0.012099665509689663	0.00172674339956562	0.0033868510926469823	0.007816017474825129	-0.002474339662771378	-0.002647096328137872	0.0	0.0	0.0	0.0	0.0	0.0
CFS004	-0.23988440036447953	-0.046506352519754365	-0.017631447090442672	-0.053792199476704834	0.0503451452415773	-0.017658829404204213	0.03375120110598679	0.05038963076834606	-0.1232527996452597	0.022017639594763917	0.00920597225600883	-0.01635855141160144	-0.021778531578774248	0.011445695619510067	0.0576785978933011	0.03218542631532939	-0.020017952020640935	0.059676184558320786	-0.08975588171513237	0.10988628474752833	-0.007121560676920395	0.058204171511635025	0.009158957205037921	-0.018143604520838057	-0.015092646881969924	0.0079579145532566	0.05296985424654942	-0.036485305799230865	0.04967930937683242	0.056768567918498145	-0.02466104095640343	0.06742544941132723	0.005445845714856643	-0.03082641791039628	-0.05206090518884547	0.04244650837844037	0.025218594094239932	0.0695824772192378	0.05257497420487884	0.004484527329329541	-0.0007135026373882463	-0.010671475719595334	0.01581686323454154	-0.029021966295850504	-0.01740653826436012	-0.00824395507621239	0.026342380088026814	-0.02348542112036892	-0.03078870045487545	-0.03952027375033768	0.10088533644817398	-0.06110607239381431	0.024480811786879178	0.040190576068978266	-0.058165629181878925	0.053289938532870236	0.04307117103645833	-0.023418501169356384	-0.03094752212568726	-0.0026884409625715124	0.03808821821678575	-0.03599891133162117	0.06963284105490282	0.002388482736320431	0.034359920155515596	-0.02858254620314113	0.0070407636370941815	-0.016046400524218626	-0.0041385574342401345	-0.05915030155962668	-0.024532848413058906	0.03394712185518706	-0.00934380461172576	0.028622818531828593	-0.02027611399615446	0.005151377530324791	0.006402443504463725	-0.03410361845208746	-0.022313269680183594	-0.012278617719653254	-0.00427147201596899	0.007638493876411762	-0.002921814874485156	-0.0005046426214612564	-0.0033638687942891183	-0.0001516148256675656	0.0013426727795775157	0.0	0.0	0.0	0.0	0.0	0.0
CFS002	-0.30710838791161715	0.02924022384163085	0.036217663782393106	0.06150428567518086	0.0049717014628688355	-0.04694401379082273	0.009889631106474518	-0.015454936759448696	-0.02332410779035788	0.07089667500780954	0.0037761071049306682	0.04818179635202322	-0.06439840544578733	-0.04224765405158576	0.013598620838509315	0.024282755672824955	-0.006190022591093082	0.048592099407570116	-0.09860431395673626	0.09008263841439448	-0.0695574102480441	0.0034867997918718485	0.05306417176946666	-0.006714425741986229	-0.061810542601601126	0.04453581537601329	0.05397819694755009	-0.016372755940767224	-0.02345155339824216	0.009791465460515222	0.051257849447680484	-0.03064035586619578	0.032674603179660915	0.029949110786522706	-0.019592139559079166	0.01757108181791224	0.07723699512713965	-0.02276271839220285	-0.032042507346437606	-0.0970934301276586	0.014768681622258332	0.03402646573085594	-0.0010512064323040106	0.00966118052606093	-0.024173725266971546	-0.028224105711644187	-0.012590713137456652	0.0461549637863314	-0.021143015374741437	-0.026636860278676854	0.07743787906221893	-0.012340250531289145	0.05677121782554393	-0.036251066175248765	-0.04244912640346849	0.001694795336520764	-0.051168172279707554	0.03845219033261215	0.04177271117331522	0.059983540194829134	-0.02690401125547305	-0.04150730031341561	-0.05219307987862017	-0.014769626410733568	-0.03985641467500892	0.014496689127357906	-0.03935654751573383	-0.0656880704489641	0.022903029312104157	0.05856147996801057	0.019585096888864287	0.002517760636932761	0.00941378726163347	-0.01655905072724264	-0.0062219862450918545	0.02457970949128137	0.0008836553522262426	0.0064269744919512655	0.024566119060652595	0.005190749470132873	-0.006523781833250033	0.004382457731641866	-0.007617279541189703	-0.007935516525662168	0.004712964806374633	0.0026806928301244632	0.00021506090533800995	0.0	0.0	0.0	0.0	0.0	0.0
CFS001	-0.19706121857589137	-0.0694534104912825	0.0761974214570079	0.006363892353961035	-0.16159062571337263	0.04595074279836754	0.04240704770947309	0.0707396558930131	-0.010481626005465646	0.0420089863099805	-0.1954816357938675	-0.01813722362252419	-0.04592066626231768	0.061611121740114225	-0.06562958271277497	-0.061116174610967265	0.05477498547617943	-0.06412108939053039	-0.04505562624595533	0.09456132918278941	0.07496446013585634	-0.02370566962713932	0.012970267296003646	-0.01724146923575404	-0.03639675002919079	0.07495659180950384	0.136163816391704	0.07385241000553898	0.09997286374061425	0.005147169084196118	-0.027572370297546955	-0.11615656990780063	-0.07707239446718203	0.00981543360331993	-0.008240088907565004	-0.02313710110117501	0.06580561505732582	-0.02832719490656963	0.11292493030391779	-0.034456882486351106	0.0020026116865904803	0.03386247945627857	0.002392427039894887	0.03527737193208081	0.004495735345779497	0.03773889890628446	-0.03965016816302682	0.0016054563438485136	-0.015091591528254018	0.09976573725907562	-0.001967132222887083	0.0069331955185245025	0.03245975793544919	-0.0034561278821290324	0.0630805564631628	-0.00020295356708711885	0.03635776069087777	0.02058251721176997	0.03299062062242628	-0.02278565502769195	-0.008373613747724626	-0.012928326885671046	0.014629368639655917	-0.004506816921098309	0.02885878235314097	-0.005541193869767695	0.02585928043675611	0.019925774617669197	-0.023498254793987563	0.015918251859699622	-0.0033567774115250905	-0.008292921970687641	0.021196487456262063	0.004436995043800486	0.0004680481519573628	-0.009412303142483475	-0.008803745550155997	-0.007188035164718603	-0.010604560835375261	0.0041477405115535725	-0.0016470069838868944	-0.001823258610029603	0.003853449245195914	-0.0051059017689913016	0.0024935968238147996	-0.002967288482095531	0.0023674283009403143	0.0	0.0	0.0	0.0	0.0	0.0
CFS008	-0.1456362077148409	-0.1051445166747185	-0.0030732840979764866	-0.1762677080761845	0.03377278540461843	0.10163141048904596	-0.06729933465008245	0.006458791062710536	-0.09500716009219705	0.0257631600019211	-0.081523276157183	-0.013781744065599021	0.06512886754170073	0.04603157512351308	-0.05707324925916758	0.09052418967319134	0.11230517624137612	-0.045559694016150024	-0.028724629914980232	0.015146857181293799	0.01594227906517926	-0.013614370445356943	-0.09033280018060104	-0.013775899988582918	0.009443147296346563	0.0206290954261403	0.006160498111280471	0.005639464055784464	0.03391232618133151	-0.019226556315943964	-0.12233443179281607	0.0056895713769432605	0.07623579757810094	0.03672753778784369	0.05459861507842321	-0.030845499333582122	-0.00010940172609241944	0.07092095634180114	-0.0329977045320528	0.06671557381303028	-0.0623585713088837	0.00822692894094979	0.02583625840478615	-0.05648106377354718	-0.03806967078496398	-0.07441062213093162	0.013481777110026242	-0.059271984346806444	0.0012081311684262344	-0.029294584838973934	0.02299359844384778	-0.011621085132695922	-0.03140197597959811	-0.05534032242394727	0.05705291587901479	-0.020734313566548913	0.01564977882392224	0.024147985828100387	-0.020068608220840684	0.05497138149444148	0.02663230166305334	-0.03529060846247843	-0.030825376695624608	0.03348678964834626	0.06601891858280816	-0.010769367160932693	-0.03489743462419479	-0.019169866207941713	0.006757350074595511	0.010624087614755145	0.008441547462602948	-0.028828511650446715	-0.001083411931534197	-0.012778346796524865	-0.007306439118861464	0.0003433201888706051	-0.027267899420256442	0.02329368135495478	0.007927759273164834	0.013033990746371753	0.005101579414103705	0.0005005919112495423	1.0877371618569005e-06	0.004056164634207613	0.007534341461057548	-0.008344669211043024	-0.0029559361378372452	0.0	0.0	0.0	0.0	0.0	0.0
CFS009	0.2534927761992165	-0.018326801494861593	-0.17600706061734425	0.033785626604457795	0.005098472812566102	-0.0830806437517757	0.045894953684228926	-0.018068914808816283	-0.0059785610794486225	-0.11106040274124009	0.042822726932717166	0.05520828910019553	-0.1140522827937268	-0.09669403586009405	0.03316514604959048	-0.023860288335167852	-0.047326559459196296	0.0013870361938606657	-0.09146463039037453	-0.007920010604115292	-0.03835958595940407	-0.08750314625527567	-0.01826211031834415	-0.03606660856593944	0.0264424640282013	0.07683099580285808	0.02596539507400103	-0.007754245824734357	-0.010898323541445386	-0.05002344294703018	-0.08855759171161305	0.03288419830547009	-0.031894004323654836	-0.012946583525732963	0.024430949207830177	-0.02990301995616407	-0.03889402188004223	-0.046349691856881495	0.04483140038421243	0.066307707837392	-0.0022239648660778715	0.0021039639139412325	0.012404531590872236	-0.04252878416629752	0.022172109118622458	-0.048398246256681064	0.06476579945555899	0.044821029681252136	0.006671744887535783	0.03991869047955084	0.03510617568193087	0.013668078828576994	0.03353594389369265	-0.010829847106604243	0.03779852406045652	0.00838141962588526	-0.01079797684154309	0.027161150180963944	-0.012072264823462988	0.005843565157620052	0.0015389020512787423	0.016129263780471154	-0.02571556796041897	0.0258901975553567	-0.0080291747459801	0.0311729440111651	0.00848945586929997	0.0037867838971393708	-0.04545549930897448	-0.03215296437795216	-0.01909797322166089	0.03937759279885298	-0.015703429913912655	-0.03443790685457228	0.04579738510680531	0.05146878581077792	-0.0007010462320625001	-0.0007984766980899486	-0.0052278658321685155	0.015953767683233564	0.01628156512407378	0.027361889316889265	-0.00539140817262816	-0.007523150133637459	0.0037028433038779392	0.0032261383688320768	-0.002845374708702951	0.0	0.0	0.0	0.0	0.0	0.0
CD001-01	0.25811417389484514	0.28065528341859863	-0.20265070430013532	0.05572828424966991	0.05016575133547172	0.21101353642181567	-0.0452602522933939	0.15791861160874776	0.06125429869021014	0.13998761133120619	0.07557678176505161	0.062927859030708	-0.03467238851925289	0.14552677620907817	-0.016191427735624618	0.044163179655627646	-0.021510448014007866	-0.06348238703456326	0.039412310337782426	-0.001964143270606341	0.025808114594102535	-0.06337629438846265	-0.021035988361281798	-0.011895205750077456	-0.011278657182841796	-0.006445090005671848	0.039923148880195686	-0.054227393953340614	0.0008474976365753718	-0.08113418719957154	0.010382282442485064	-0.004223289864650583	0.06163549239807484	0.05973647906915151	-0.012949430353575491	-0.0010920550087582304	0.056842336013588	-0.02486789004820292	-0.0009661772281376151	-0.02716789143281964	0.042799330235357286	0.024196890849487614	-0.04623373301770462	0.012233534442646505	-0.002229264346588337	-0.0037000844496438484	0.010268369765102613	-0.03723921004436929	-0.014681609462169596	-0.023475843665002157	-0.004537678077894875	0.0002746744302692988	-0.04808248635746901	-0.000830349852639773	-0.030115242194759913	0.012152567915762582	0.02954227470027928	0.054185704828987755	-0.023538962815229242	0.0017398366233476374	-0.05402522269575992	0.009769481469847036	0.039234587817548565	-0.016718744745593865	-0.009793409531482467	-0.016265451369260883	0.011969415348036725	-0.016160135805168105	0.020913440924962803	-0.018491765474027998	-0.03407028705032599	-0.003357462440492825	0.0021813156998560274	0.029889793427695426	0.03638097644597635	0.004603505736949381	-0.0003735793775662023	0.030636830518484315	-0.01920660457221004	0.000691108228953804	-0.011259938188677205	0.03249411867651439	0.0007817210819259244	-0.010495014896010192	0.007066179690655795	0.0033811401805827587	-0.003973936285975376	0.0	0.0	0.0	0.0	0.0	0.0
CD001-02	0.2415824066582329	-0.036517624625950616	-0.011469988022679555	-0.04766563233803968	0.09277071640462027	-0.1785750143214815	0.09606046420294467	0.03830708996568742	0.13906670401127613	-0.08602335888791322	-0.017372182681063487	0.03468046972031552	-0.10544545878497956	0.06161950752910576	-0.006018690906835951	0.09438002543266515	0.012326539634288147	0.0035080726433855815	0.005573828036965323	0.022161378154127078	-0.04260942221703512	-0.03092843190421239	0.0025753358181466774	0.10033393616096628	-0.019149181677483987	-0.007329353564608186	0.01120339737772573	-0.07432911748585318	0.0036464606519940896	-0.01771207050530066	0.00542558074912603	-0.009439899223775973	-0.005906468990452719	-0.03961886583630788	-0.06757717684661069	-0.0040747974674170155	-0.05812901128976087	-0.00615208460658107	0.039740188833053094	0.05999486971388458	0.036035128269926456	0.046605439804981816	-0.02387457235441865	-0.014424492224384437	0.018974615504455124	0.0005363714418403986	-0.000790311945854715	0.04349808906540923	-0.009760223428008375	0.02293801953070934	0.05012420420443246	0.012675473453028531	-0.020850793117997018	-0.025684825165062895	0.0074267130835656585	-0.03228274145386316	0.010653083468557803	0.01681564906862986	-0.04435149148063544	-0.013455658805378379	-0.03322520072508881	0.004940875314850856	0.003084715850986518	0.01203872752963973	0.007690078460077538	-0.01782796798666983	-0.02250999777319381	-0.04646377997028101	-0.037626368539395674	0.01878157983217012	0.017784964786316727	-0.01779449687513645	-0.0062333004062731625	0.03817111146117868	-0.004413360498776004	-0.050420954807395	-0.038270792802566185	-0.009523465490313767	0.018160349575949742	-0.0043401394095600385	0.003938991162919731	-0.024663578993248947	-0.01384224332115603	0.027309612290966914	0.005466144206335618	0.0156747611767367	0.007409076998308924	0.0	0.0	0.0	0.0	0.0	0.0
CD001-03	0.11963268941596404	-0.0868734454713758	-0.08640315221165348	-0.02943237170963896	0.040550629296187114	-0.16611437955007685	0.031213937220999483	-0.008707436528345125	0.23150339063485162	-0.10730775188638128	0.008484257022576687	-0.2080344554944071	-0.07658046177449367	0.07671929068524555	0.13826073078687787	0.07616151401149503	0.013149839754631215	-0.013565497828344814	-0.031352590216389926	-0.00018502885917427885	0.039297568450765825	-0.013196145636219984	0.04799666787424515	-0.004843238400971986	0.010743582283534918	-0.11047920437503159	0.014376593903082834	0.011243822773324566	0.029273837339275122	0.026143298782326626	-0.023951986052256142	-0.044672503209574076	0.03328921774695489	0.013284335578194244	-0.03903790212115624	0.04493005159332523	0.007847504003300025	-0.024576297016886354	0.01828351054186892	0.03244379447082733	-0.015011892503057808	0.002349811956401067	0.03827493964636833	0.0237940623493927	0.01770141807469026	-0.029488551949894786	-0.01396218560162728	-0.05257502306865402	-0.021490584285971996	-0.02253949608325039	-0.003913274365396099	-0.008786901910990763	-0.012095898598175704	-0.004122824246173136	-0.013190793632173998	0.007487471341391522	-0.013208220003759388	0.011201416613707263	0.03729100820016592	0.02071632363469474	-0.016151420115585707	-0.0069815092746187465	-0.001617296686743376	0.024916874656442767	-0.014611549864874234	0.034158774368848385	-0.00851868691922891	0.01658370273988253	-0.02097609468923317	0.004391814335461992	-0.0023422118489551114	-0.0006337133752630337	-0.003506758674114862	-0.00834677162262256	-0.018709806254916004	0.005530415444865258	0.03126429326396042	0.021931933619751036	-0.04048300742031803	0.01630390937872635	-0.040761595684642216	-0.028034995920044	-0.0007861109035845531	-0.005929992219689707	0.007063321662017985	-0.016607524998574985	-0.009214866698943593	0.0	0.0	0.0	0.0	0.0	0.0
CD001-04	0.10346117717783578	-0.09525021790952717	-0.045364973765424026	-0.01662332744440995	0.053234575722213344	-0.17491660472060144	0.07481721736281263	0.03742518561010603	0.21241495623532475	-0.035377069163500925	-0.005655309798384506	-0.1697172824960448	-0.09079933228497959	0.08179186486340766	0.053098470784184684	0.06580390024781661	0.10492896087650892	-0.03922419034269727	-0.05623293709997381	0.02028224025375178	0.059941625591634046	0.001452966581993841	0.015360944021261431	-0.02966366333122494	0.05860284738284141	-0.026047084906180455	0.02232061998208624	0.03827323454238508	-0.003563992908150688	-0.02936402753073083	0.030848139230399887	0.016129537532579483	0.06494536347104589	0.015695590631125803	0.04226343925312488	0.019282883986730434	0.043821677306071734	-0.03689167574731391	-0.03896072190519848	-0.05252145670705803	-0.044551936052876016	-0.028190562961410547	0.011301357841463132	-0.0391606544433933	0.023570664808202697	0.00811907539123967	-0.02916191500328176	-0.023569728194216596	-0.016399878592824012	-0.0066152396840060005	-0.056536867865450056	-0.006130221761006851	0.03490334456863326	-0.01072754039323414	0.005812774318997607	0.021641171487578888	0.023744842540697468	-0.0029000758412554978	0.01660401310867711	0.006524458519489989	0.04180333701028941	0.01508413417102105	0.011500065773417245	-0.012088100273653694	0.012282929289787983	-0.02275055594627472	0.020744849022196126	-0.007772270499364581	0.0491623701287686	-0.016672722301412434	0.006896697788009194	0.01121774056209371	-0.005786106795713816	-0.02221321092130929	0.022720925622483547	0.014029582298536717	-0.013195676439068705	-0.017393523049504755	0.0351805056802715	-0.024211883576699667	0.03890957340508218	0.020216922073674145	0.011071711197508601	0.00323878805447948	-0.009084098641780941	0.018597682524589806	0.0074614201082175285	0.0	0.0	0.0	0.0	0.0	0.0
CD001-05	0.2730932925943926	0.27285126496182954	-0.2897958698823406	0.17302379795592662	-0.08003670484187739	0.17511354239986912	-0.035818255232597906	0.10586429175097017	0.031266981425116865	0.18904094126907547	0.1291054680517159	-0.04168360300435306	0.008844494917381623	0.10530383137737234	-0.036004398003996775	-0.037758480143897405	-0.03698274537699183	-0.06717995654492837	-0.027555067393682527	0.06965409260520135	-0.024393189335084883	-0.03538733709113439	0.0159677656127433	-0.019018173976746978	-0.022745257047427615	-0.03467544147642195	-0.030093263038943347	-0.06967477411790508	0.03805794293692704	-0.003199964559697008	0.0112955931034236	0.04264031995805009	0.032748836871110756	-0.027505447127755583	0.010390348503515674	0.013976725809889897	0.016045997426730244	-0.03884159560434502	-0.005228237135378708	0.03613100913286409	-0.024944070039978332	0.027240902499085527	-0.027698911680219006	0.031524191506495464	0.0179253410225854	-0.00419184254675311	0.019796048544917396	-0.02572779896727983	0.0020341483357680305	0.019345075810120203	0.021741071962018247	-0.04980817213774971	0.037081377338018515	-0.03183388360530433	0.02401370553940131	-0.010427308952965987	-0.011031258963642751	-0.014465715736367237	-0.015366505067566415	0.003596050371538593	0.03185739194766542	0.000665867533306204	-0.009833107770163094	0.007167762782557976	-0.006833817311237578	0.03494903597718463	0.04526924069317664	0.024324964947697324	-0.022942671399154704	0.010634735733746271	0.04708143767018135	-0.023505483249960286	-0.03775495681579888	-0.010162852243824511	-0.017704946561500755	-0.005018757638438926	0.02565320984462173	-0.03242072184453466	0.02447655635591961	0.019070368142762292	0.01376974425714525	-0.019638608035362146	-0.00285099478386597	0.007851687244970859	0.005239447546467496	-0.0038392490053805513	0.004281339773354444	0.0	0.0	0.0	0.0	0.0	0.0
CD001-06	0.17939191683780173	0.24491099511805503	-0.11840106752827464	0.0695750947654041	-0.035785722777095845	0.1333364456895673	0.10134311584523224	0.07996491063541937	0.10056128397749738	0.12354421130631485	0.17148267731252678	0.09193532024435178	-0.010280309677457519	0.12994433290777627	0.157819068549497	0.06690727896312525	-0.04448792158740825	0.0333775041738815	0.1192972529584315	0.08440924658261627	0.055666235607617943	0.09364065143442653	0.01008128595850401	-0.04903274568813903	0.03175705550066073	0.06616301790255627	-0.007915973210992307	0.02469627626447876	-0.0030594188148240892	0.07420175297764615	0.005146954345685411	-0.061057262989366305	-0.08440154281868313	-0.019851414148741097	-0.022056570147458106	-0.022846752945816513	-0.046728211658995766	0.051496651757560706	-0.0348191679834124	0.0280495333186661	-0.056193447862429136	-0.04882224802754655	0.0630691003397724	-0.046847983052120235	-0.030336908419181085	-0.007791503308430406	-0.0102710275758395	0.03193288798666799	0.0347558099484838	0.05236858150524115	0.006587438096383436	0.03546431530109653	0.02489434001769424	-0.010868344459678594	0.03983774995476218	-0.01741727301709145	-0.006176899251792858	-0.03926431694320674	0.036216751555627626	0.0168726072245534	0.015426743169403154	0.005290935840861621	-0.00348076618706852	0.00986737045977911	-0.002505684380686875	-0.015645789113390703	-0.04302015374429771	-0.015439288885378577	0.016794816839876738	0.00938289367236718	-0.018342792588926838	0.034546242718701686	0.017856313474667363	-0.01390486092616526	0.0004071035761498373	-0.005277713082858659	-0.015582640720906885	0.006212573862002856	-0.00953340181247793	-0.013914043391955459	-0.004268188443030063	-0.004079562984248517	-0.004851891547707883	0.0031074092369542164	-0.007055653418851367	-2.660662939533656e-05	-0.0017138924296936865	0.0	0.0	0.0	0.0	0.0	0.0
CD002-04	0.2438192787829265	0.10494790703607104	-0.14395108486026126	-0.0477857099636003	0.1240557391298098	0.02139928576146339	-0.10499039323830506	-0.1744066638909973	-0.03523236366981218	-0.10430990339764554	-0.09954200289144069	0.09910040960638275	-0.09084107354754317	-0.02983777774480139	-0.028468421564106332	0.08972158888724212	0.03880424282772066	0.05290738002050985	0.032883713930166515	0.020900362498898817	0.0529422877778612	-0.014057755800935753	0.05904796521545779	-0.0012015224587407346	-0.04621601267222094	0.10442031685619266	0.045153702404681674	0.004244635156975262	0.007489331147224683	-0.023553833023010843	-0.035369293526756274	0.017130669398253032	-0.07710608036906974	0.011504635465858564	-0.02667517356657315	0.019221218607930517	0.042763548225329504	0.0007684865617312625	-0.049381202968425145	-0.01675686503096854	-0.05722907710637616	-0.06938406181348872	-0.10142962012431891	-0.008925688155555767	-0.0042276626724696755	0.010430949120550165	0.032469674545644665	-0.1028317115401826	0.028405325926282286	0.003988148771605279	-0.0258254164639782	-0.009406949309772865	0.0262797052023266	-0.05871027307985986	-0.06570770572674836	-0.03812738096269668	0.01101980985583849	-0.06834687211142956	0.0051009742187939685	-0.02123212662976988	-0.03483372978439735	-0.004705661489094244	0.014940957052199003	0.04108791686710502	-0.0034751010301617225	0.035696019979240545	0.02436225979018719	0.009943588562726547	-0.0033628961430263583	0.014947298127375814	-0.020050256237508515	-0.013156972458522632	0.004867019485238252	-0.0029820660379796873	-0.005437153519221729	-0.0009525109253785298	0.015460888767567285	0.0007427433586660507	0.019386802167819697	-0.020190089253660937	-0.00864606153787893	-0.0074149961194890975	-0.006575141280484186	0.005093846234450409	-0.005710050986854784	0.004481191489391619	-0.0027208667280327276	0.0	0.0	0.0	0.0	0.0	0.0
CD002-06	0.2756967317521407	0.20227408983244635	-0.15376138465639153	-0.0690072279464304	-0.018701520230194474	-0.10090051929443933	0.07266456500373307	-0.09529300284741546	-0.09272657511522527	0.0035118082847943933	-0.04802492926885848	0.11833121639005453	-0.16653452262681664	0.10589997737705154	-0.003324767494708264	0.020645777959525713	0.1059153784591318	0.1043623469928951	0.024217436060469336	-0.044626413652468874	0.022461064951168765	-0.018534887144736528	0.009672793111275002	0.14140315270114617	-0.02414404418451648	0.013947760750173293	-0.028469060308510024	0.03920231338881268	-0.03932545156389101	0.03303922604686663	-0.03562610765297467	0.04490980827025149	0.06644783010022788	-0.0143340783427924	0.018963067231686104	-0.04565712933057296	-0.0027258516544285904	0.04653808452418923	0.06458144753454448	-0.061253992050124564	0.0688477698606377	0.00775658539832832	0.03674499926950678	0.0031912553553159096	0.0016204919661897434	-0.0062262993954366515	0.004192462705196256	-0.011772434227619042	0.0066097304836741705	-0.011036868943247811	-0.017844870209120206	0.02645994467960238	-0.015937066098153672	0.0384372804558173	0.05357648894720634	-0.012316593368278504	-0.0026282417180373014	0.010820248030812506	0.017458888554400802	-0.0009983195738246591	0.0019202039112031209	0.008108611962821486	0.02358361443690696	-0.017147723507598064	-0.005447541618927907	0.0070227418089408265	0.008030050226237392	0.016766990103354803	0.04592802490363231	0.004003689505436244	0.004872661956121747	0.04917994099065011	-0.011694523336658144	0.01823968919005804	-0.012898096215192136	-0.014436484815524923	0.028902834184353476	0.015077236849357795	0.023587740801578515	0.01994447560248575	0.013330267542384295	0.0015516712910918474	-0.01177219292740103	-0.009920946031102626	0.005418774380938038	-0.015633016099179515	0.0017212357292125237	0.0	0.0	0.0	0.0	0.0	0.0
CD003-01	0.2590681445879146	-0.11624777799641768	0.14131311900617544	0.030228472286214166	0.03433039184000828	0.09533862254537673	0.009352095912468923	-0.08447166832307014	0.09511328955991857	0.04381564885475395	0.037182100547776244	-0.16190522105601227	0.017284677731879913	-0.07787433810363634	-0.0650949693435581	0.08789280161685971	-0.007989028152481415	0.02168117178509197	0.02156264070909204	0.0804753894318709	-0.09090694880388507	-0.003024837422913438	-0.028898744897965668	0.0704221910046361	0.12019779878867655	0.01400566365023521	0.012086361391187772	-0.027656816945148346	0.007778956267841798	0.04302414907128484	-0.06213525554240954	-0.034302419921391956	-0.05534085453681012	-0.002495149261786667	-0.043578961497853085	0.07738847654656678	0.0024195041221112983	0.058422122992387235	-0.04375622893419288	-0.017280254398242448	0.05216675664736373	-0.07721532316801293	-0.03001201593842027	0.03235782195240332	0.014944847240013595	-0.04514615259034083	-0.02711533845429062	0.04205290457847739	0.005026481000470139	0.026074273581610068	-0.005960257601670481	-0.012804807249602021	-0.025035891030051525	0.027461696554683005	0.028227749364784532	-3.809890799116217e-05	-0.01362056686464323	-0.036375128980471405	0.001998810812346812	0.010968601713803093	-0.01633796326306784	-0.0017411033342939935	-0.01678912919758035	-0.005791312286072477	0.006797088324215025	0.007963468673724815	0.024789550722776145	0.02195777614338738	0.0018324985629995809	0.007107706811834328	-0.009628676184155032	-0.01267242892779612	-0.002614811825285749	0.04534146095037039	-0.0023361938333051795	0.006505170312651519	-0.01958694154256398	-0.01569231141967544	0.022344320090825247	0.025260579229427895	0.005835901523191045	0.02397425061425637	-0.016227298319173893	-0.033787148633581635	0.015063385924330154	0.0007578656244096795	-0.0035536392399350037	0.0	0.0	0.0	0.0	0.0	0.0
CD003-02	0.19081593808420305	-0.1561559545182898	0.21202864520700065	0.0035119349078463124	-0.0031367924182521215	0.16315983479106108	-0.11694352757977705	-0.165218338302749	0.06880524249939907	-0.028509434506081767	0.09837664875233729	-0.053650695048888156	0.014027360342654258	-0.002013846805425389	-0.0686701305311957	0.020638553954745332	-0.007735724267017755	-0.03809742637434812	0.017764878939551226	0.04217996356234284	-0.029264740423559577	-0.021936213215040627	-0.024163059138919387	0.018232700370550213	0.042523542496799904	0.02267392224941422	0.010515291412307344	-0.03240474902202264	-0.01256068729548978	0.008864542956197496	-0.05612758772889098	0.01725401362063266	0.028142586726446192	0.011066155627030417	0.023085512161363782	0.039055946486275486	0.04436990641243924	0.07407908324555518	-0.023593561805984077	-0.028809472178220368	-0.01007322741427582	0.01506922249781422	-0.0072478547496892445	0.06675535492766638	0.000106873497785714	0.0654167964999089	0.01123790754514376	-0.006832112406828315	-0.0038845132022511043	-0.01514660054932691	-0.011605078812371054	0.03432456230139655	0.006186549016464401	0.03690403855019913	0.009545988025907918	-0.024211142092000155	0.026218325201475545	0.05073450043180039	0.008359977372748613	-0.0019415642158417728	-0.015002188721409416	-0.01520042609325683	0.019176600213546825	-0.018584268675882733	-0.004874080957555481	0.009647198292022133	-0.04207677589664473	-0.0013072706270406435	-0.006130489118611118	0.007164763162679422	-0.012060181961300803	0.043821080535395796	-0.007141326754930899	-0.051366538988208615	-0.025848480118238367	-0.025665630479821983	0.015213679846591326	-0.02205228035753942	-0.01973172513418377	-0.006943292223340635	0.017676874521085514	-0.0026117817682887955	-0.005186846462933427	0.01663978095223458	0.00294005413699535	0.006836560402473257	0.010458320838137997	0.0	0.0	0.0	0.0	0.0	0.0
CD003-03	0.14503350021044245	-0.20887830789520856	0.15476913602019543	-0.07986509623502748	-0.018456382325053616	0.06453793559068083	0.04795607487898329	-0.09828330778834075	0.06548877988207803	0.024717831249802508	0.06395866873118274	0.035623883855204194	-0.03552049741175142	0.021697398005643985	-0.026000833131209256	-0.0018409551985060664	-0.020228078129788902	0.00398356824700895	-0.01376366233204043	0.06777883565833151	-0.06855544525607062	-0.05020600078493211	-0.01909950413156287	0.01928510464312903	0.05271417845767511	0.050131345458218866	0.003985964061404069	0.011060560086020604	0.03864957739118112	-0.02425745320687736	0.0027881560639852767	0.011199534368475813	0.00013982319866693373	0.019140602957434333	0.0016400166847139596	0.02973051628174295	0.007679857832699708	0.01965692018390389	-0.007935150163180766	0.0009322058567262474	0.02498760388037935	0.0031542685909241603	0.0020265131149664623	-0.02146300097476017	-0.008187820539264918	0.055348846601488075	-0.01463292972206741	0.026156802760014333	0.023886234307642574	-0.01299921455056316	0.006053797351914718	-0.003963768302981326	0.01748051319419878	0.02918232569122325	0.00424056549506985	-0.029584946198508964	0.006169270528930044	0.04457310432406753	-0.016019584605940804	0.0236942553540355	-0.03673712302207915	-0.018600049041972735	-0.01271752715067353	0.009724797740618012	-0.007540361116362605	-0.0032011411392513147	0.01645390565718959	0.005736769086438176	-0.042338120785618424	-0.009606028545103304	-0.01201872853405599	0.016816569282920673	-0.013188370372278832	-0.017748207965562132	0.008788044138452487	-0.0022889689103131597	0.04466056984635166	0.02382865420583345	0.004330891670456961	-0.011430783395830854	0.004480441067819048	-0.008259275710243201	0.032615616269395166	0.01842594129845581	-0.02645354345174476	-0.016039839709361115	-0.010794618342403152	0.0	0.0	0.0	0.0	0.0	0.0
CD003-04	0.1633975369399987	-0.1895966058000997	0.17245828581471734	-0.11318953264823259	-0.012348122488064887	0.06982317636569318	0.06928031985119955	-0.17763634987602997	0.02012164581932236	0.07641062737198757	0.03777594862975205	0.008723322432520947	-0.010777454210228821	0.028698206781279798	-0.019897420203627746	0.0026415605789369724	0.0011005263195001795	0.010649995637319939	0.012278164796564564	0.037245703201962466	-0.03624656452893559	-0.01701215147551158	-0.01582975145117013	0.019645215440638113	-0.016157778874887483	-0.010951993830837416	0.00392817721136141	0.013068623079536027	0.07853987992807199	-0.033303144731394146	0.023802175219134084	0.01038343903514263	0.0007634403022985409	0.035119953004708715	-0.013800790958505511	-0.017255433197234372	-0.01982866308921912	-0.02641444137308512	0.012143966087939995	-0.001807726163007262	0.01831787261923893	-0.000673806877417236	-0.012550295899391106	-0.019138061372443175	-0.016998293738220243	-0.006485185495099207	0.03512772626027285	0.013595489109903644	0.023307894536373126	-0.0016648085660463893	-0.0326928707991012	0.004104968101500016	-0.0034961731171948367	-0.036645985758396504	0.02676472370482631	-0.019910238425434035	-0.009493612065020631	-0.02534803293921887	-0.027795084493094018	0.0018543793873490345	0.02479287386601175	-0.010756291805961058	-0.009255057788077824	-0.03362187963205812	-0.027662911326553002	-0.04068472672652326	-0.009396396273529839	0.011982755467658904	0.021083244577690084	-0.048443231228019856	0.04033882142498286	-0.01241953289733682	-0.018908132411615482	0.007413731916496126	0.024432328383869894	0.04992997642243144	-0.009247204124915769	-0.005944041025981401	0.007229989958210222	-0.029340035326286092	-0.05548364290338673	-0.016742003334513256	0.0038497395582040147	-0.009958506713011728	-0.006060457195038209	-0.00928860860742548	0.017780225175813673	0.0	0.0	0.0	0.0	0.0	0.0
CD003-05	0.14567716249883958	-0.21355916875566272	0.11677945906646682	-0.09584645410711808	-0.004593114663615885	0.0779284124969753	0.05971212757839584	-0.16529738449927195	0.06663990348764974	0.0527967990005394	0.07372759532627869	0.02403591196961423	-0.014513208528306244	-0.004460733282173415	0.010539329967450384	-0.04626223757197381	-0.004140325646232691	0.030285324080429037	0.01656136972793203	0.023485811106245563	-0.009506510034035194	-0.02691270401124906	-0.012258440277160013	0.01785123964251463	-0.011880108285797974	-0.0031082237343640837	-0.019964890114248006	0.047132484731904255	0.017327639999138972	-0.045985107587476676	0.04628867725786863	0.0017709422944533172	-0.015807918403339637	-0.016230811927582793	0.03197251337414782	-0.03749955481330145	-0.007778845290743901	-0.03799571006521031	-0.004453363527541001	-0.03515863780714503	-0.010566293312523786	0.04776109432704605	0.010602417179331709	0.004184472363949177	0.02341978732759553	-0.012012738417008196	0.007113902098956195	0.026249296064813497	-0.03595193606689653	-0.019544326608293784	0.011231398354114313	0.018262785455955038	-0.001999663203290919	-0.021283482292769555	-0.033630527003584085	0.018949346138104114	-0.016202063605388225	-0.02133953365533618	0.009784804310648293	0.010082416542650671	0.011378206331346447	0.0022925996483753215	0.009624844766667246	0.009529148768167451	0.021610493204141077	0.02072123115866464	0.04797480790747911	-0.0012354224730620118	0.030804050331648843	0.01169217992732712	-0.01862764640278619	0.0036236307434374627	-0.011449035011481283	0.023019717543473137	0.018535277016590995	-0.009192948901186418	-0.04943421402652755	-0.010880268552105613	-0.029857738824581825	0.0019371170305681378	-0.0013963586880279522	0.01544206632234724	0.017027108079530083	0.03842356869622747	0.022079332113495248	-0.0017405739442222464	-0.012362881306307442	0.0	0.0	0.0	0.0	0.0	0.0
CD003-06	0.08337714705206976	-0.1614430632603158	0.12244149908454433	-0.10230254398626612	0.05352730415398753	0.19053100423995495	-0.016191115787159076	-0.15811710583351296	0.08627917777843735	0.03712395686028599	0.0337603063742254	0.0949958774184922	-0.05853478147062675	0.029466967252291382	0.051632779698608425	-0.0907113852707513	0.021856210254264596	0.029691552960730765	-0.008597396117205197	-0.03243720140150154	0.021600607360379914	-0.005462183634563147	-0.014640462541148739	-0.027002741344361245	-0.005548329118045261	-0.030821102272267222	0.0006567078053321213	0.07272325725373814	0.013894191932892812	-0.03129983396203666	0.05530820674997707	-0.0017416318022103337	0.03020240820405209	-0.002854874732296401	-0.003264021916365555	-0.030453177351886657	0.004706768084792434	-0.013929392405592498	0.018142107502534203	0.02730846846456453	-0.030204643858891368	0.030574526016077016	0.004042301997405751	0.01963234640595994	-0.009339386456614963	0.018544191166699184	0.013151336469498006	9.844318227211287e-05	-0.03283973020456863	-0.029556994692004516	0.030157341374101143	0.004074659539461028	-0.01240428130059535	0.014769135345125523	-0.0007594587819907779	0.04322367519115934	-0.01005297705564998	-0.01782894643359905	0.012293044982096761	-0.015562081165842004	0.03221240304959159	0.00198799034336245	0.023072452647710063	0.015408166797896118	0.004058989829037012	0.018755617072779954	-0.021023717913089778	-0.00989633634622122	0.003467749408924609	0.012464613284957701	0.007888232737549563	-0.0031060994753861894	0.002298585139662231	-0.0010394682711026032	-0.012793185088367952	-0.013678770225530665	-0.0077902177802628	0.01228597898717974	0.017941629576016627	0.0034771622853758716	-0.005708653508615329	-0.0033480296471304033	-0.01811095848864892	-0.019230730180918424	0.005565233122237337	-0.005425467294915476	0.00475204141572011	0.0	0.0	0.0	0.0	0.0	0.0
CD003-07	0.09095046510651573	-0.20482522597716007	0.15177854260155313	-0.1320667814880683	-0.057015487168195655	0.11249386952715638	0.059189637320541756	-0.16689833974171622	0.06884511414314759	0.06907940834109796	0.07137069767615081	0.04730256664405884	-0.026223766112939584	-0.005179606544706711	0.03673425552880611	-0.05223880612279761	0.03008537500397088	9.725740134750724e-05	-0.015948561611074715	-0.027465424159845212	0.036092473282493494	0.0034825606092837532	-0.005166251629572203	-0.026643600198282415	-0.020064186723842418	-0.046586287871711256	0.02896127564443145	0.043452618095995814	0.04422422894656023	0.005743754219803	0.032837561304867494	0.007458847167564794	-0.01906367548582028	-0.0070948133861598725	-0.00986497831183697	-0.04762373165588571	-0.02847032533416374	-0.041389191541874704	-0.000743209750748482	0.041453997210112975	-0.0016334354256790226	0.010553684662243538	0.01766840456129587	0.009819744943345763	0.008029490330502534	-0.008504201889353599	0.01272791876221902	-0.00025632861397781494	0.010342113301064913	-0.0013750570819111658	0.011769633310932712	-0.02964896971362747	-0.018532106532792372	-0.0025345211462098	-0.02388340720278612	0.022831661201065882	-0.016567838527876286	-0.018475058573538372	-0.01711008511777175	-0.012885020463920715	0.01721099977853155	0.00847323454706129	0.016313194747294188	0.03336178560702348	0.01628149058656133	0.004398478196385137	0.00044059287688085863	-0.022339366816025438	-0.008641034432488474	0.018376977019733013	-0.006573460784005254	-0.02981018147895312	0.024196254548781	0.013549462493937414	-0.010039242498431768	-0.006629032823904827	0.042494971847712226	0.009197578112430993	0.003907227520902596	0.014225752292854135	0.03861603329010243	-0.002940012755488242	-0.005483933154978923	-0.02472236762994333	-0.008935650454356238	0.02460469846218478	-0.007576682945411166	0.0	0.0	0.0	0.0	0.0	0.0
CD006-01	0.2261981724290843	0.19354698377613738	-0.3298824298467807	-0.039636919361362655	-0.1338077175041792	-0.10850633250737961	0.0029958668118281466	-0.2193513007904753	-0.051955814325369505	0.0006645291698915225	-0.06783876061202278	-0.05284673531778053	0.017117676239145434	0.11944070974038277	0.0072713185480343875	-0.11318832206651819	0.03490245474660115	0.08088266908793129	0.01947972824756027	-0.06944907222885686	-0.10584306515385729	0.056512122728218366	-0.025550008303417842	-0.02479125971520643	-0.03248987575883226	-0.061179414268534106	-0.021356606535559423	0.018776509836757427	0.07193591795603822	-0.002720611735454347	0.00987950451800312	0.052808948500856524	0.003262958261729838	-0.04284955187515032	0.03890715988506514	0.08618437372686075	0.0590205847203628	0.04771509751318999	0.011238609801182669	0.001157737167212563	-0.028994574194246583	-0.038849504541879104	-0.04115261517839089	0.042765291619327156	-0.02052953218251121	-0.02934371765109375	-0.022407846912487633	0.012155964288761182	0.012631112987353775	0.07670301114200015	0.07503988926807649	0.03674523919763455	-0.046303158005341676	0.015427938473621798	-0.023234015819688612	-0.018772250889262453	0.0110871675360925	0.018293647829571852	0.009774446364815035	0.011945591277266977	0.0410285694465011	0.013703800231206811	-0.04947737172810032	-0.012486935597859296	-0.014684753545694342	-0.029167707321257424	-0.00016663035985220548	-0.006256935331294572	0.000501044804459734	0.014645817512068794	-0.03099220660957129	-0.029563770981996203	-0.0032172846268559703	-0.008397593286164408	0.02542455044159433	-0.0034201232463148675	-0.006031008073373823	-0.005077382612490847	-0.02045066035756782	0.003500051572793643	-0.0032385055520857673	0.0015817475275108086	0.010686075935569361	0.0008258413941819234	-0.012400131689017924	0.007150451535608615	0.0013582549481452103	0.0	0.0	0.0	0.0	0.0	0.0
CD006-02	0.28173436851226175	0.17522838304762134	-0.24833514238811946	0.05097773527828306	0.009932235603022695	-0.041830638598897844	0.08671299636862284	-0.0950869216852194	-0.03188725041463706	0.003185596183467457	0.004222374272622429	0.05591326543932135	-0.031025520234716077	0.06585099488773044	-0.04680786581987403	-0.07320370855666272	-0.050287486033935465	-0.07082869926234268	-0.0696548889069068	0.0423927602875671	0.03475301295124001	-0.03819907835640927	-0.06438557171833463	0.005643800642197836	0.05628079404795458	0.022296225333489666	0.028119781266046757	0.018479635807422366	-0.14829612981264792	-0.0023036210664799063	-0.09741527509445062	0.03935388249318114	0.028459666117832245	0.07235556656810575	0.01542845553366108	-0.0005846787801487295	-0.05251210542087046	0.014846491731486236	0.02320877353902255	-0.06678344809845453	0.047614654294964746	0.006659904404045066	0.04601986970312997	0.051865034526211336	0.021409565106362535	0.002677283981903638	-0.013900246972144993	0.043520851086843504	-0.009823320997231889	-0.047534061683654615	-0.029950353915350583	-0.0353950136330386	0.019714075221090598	-0.0021766846652748434	-0.022588141159176726	0.053908127844915096	-0.007517132358832927	-0.05019013450446462	0.007086812832927861	0.020454643126384394	0.014764632226997783	-0.030361645343977853	-0.030314670617441926	-0.004081440061259613	0.022702838192169224	0.0007506301649636388	-0.011596521953205841	0.04963282068875112	-0.027632325135189276	0.0038548770756113584	-0.0032391964571695355	-0.03845694837857738	0.03927117900826944	-0.0016785252797914053	-0.019708968468177896	-0.0019708871989205607	-0.030474334720807503	-0.00306700887481759	-0.013557099434325856	-0.026698346926458994	-0.016644827820551832	-0.017309212187511566	0.0013634026003506742	0.0016241754806129774	-0.011059266092486083	0.009760763370475604	-0.001980019932711527	0.0	0.0	0.0	0.0	0.0	0.0
CD006-03	0.22814495012134575	-0.048724339703968264	-0.1027024032130613	0.04929666421327098	0.2288721123837525	-0.01864178314855387	0.028576417910101543	-0.006555893539085294	0.11403383501675483	-0.03737646763191024	-0.11829737347073378	0.019391770756169942	0.011993605838033215	-0.03007035228822521	0.022712460546158098	-0.022949545109643057	-0.009441980102548242	-0.04369373569075606	0.008590008653411156	-0.04128070994303685	-0.01663247982776376	-0.027587022203054288	-0.028808490870010944	-0.11215078843188699	-0.05326914458313034	0.03646302184212205	-0.05357069330556019	-0.05556762247900223	0.039449387411179676	0.0022543574330090277	0.02618384552074107	0.03367322303871181	-0.024607345162774626	0.00143048087075528	0.0015828946793810536	0.013743626410478089	0.007676323357734151	0.024973767595969282	-0.041775294052326564	0.012281193827492404	0.009108629023044547	0.01817721634929486	-0.010975497726176937	0.03284460079647851	0.006110787705919017	0.04809234614962025	-0.005568938638802905	0.02256264640823062	0.0027867514714606657	-0.0038728097491602803	-0.013008476568497724	0.0312161971531493	-0.005020179755072285	-0.02915324916966771	-0.020234657867951155	0.05792419014700745	0.029869936673816832	0.010240593796426192	0.0003111583186924935	-0.02155838216152467	-0.004001383596767373	0.033793244230731725	0.018330878359506537	-0.00401648336452736	0.01375836066356484	-0.01899551180677912	-0.021453634050384744	-0.016804385897998195	-0.037863276537780106	0.004183433109548498	-0.019567617898833836	0.0196573062444728	0.02746049247191016	-0.03369091499315158	-0.00948831072491485	-0.01739982436198964	-0.037805307315990806	0.005696532261842259	0.012217861128923313	0.02125015109318217	-0.024652901609765864	0.022054969953486225	0.005734527482499421	-0.018206486141454373	0.007127994197943675	-0.014343175449090575	0.008250620483095807	0.0	0.0	0.0	0.0	0.0	0.0
CD006-04	0.2092245029605382	-0.11682056960802653	-0.13713577575914257	0.14440519506043295	0.14512770958258397	-0.07210407296125951	0.15464716099002218	0.033213353940989926	0.05638594402524533	0.04726391589930683	-0.09337416629323161	0.027716004288271374	0.07474453033083632	-0.02611887184229899	-0.02682076332633655	-0.010963452267716474	0.007727598438926139	-0.04645868111957379	0.028814330972664767	-0.012089372967710524	-0.02582808120121698	0.040311051564888	-0.05604784594836006	-0.051040501205389964	0.0028843884070323	0.03563295346923794	-0.012531143215424818	0.0037959720881802126	-0.01342274948622992	0.03786636840244103	0.003463500496149488	0.027018329373922425	0.003676390470735501	0.01641155750264139	0.033131274810407056	0.005369255524790798	-0.013360578696004441	0.015673165009784978	-0.013136216043247445	-0.008701104756481857	-0.01030918574034304	0.0289361103453119	0.009542060414677658	0.019097908691400947	0.005923224727629309	0.031385774980285636	-0.017749876036249324	0.023687317932849013	0.027654379615225468	-0.0009499660783053383	-0.011375106938218702	-0.03824054606570756	0.007257083343955368	0.020636584037927504	-0.01638321279477162	0.012555859119452789	-0.018386693524002604	-0.008532567951621075	-0.01494345363811656	-0.007509225016614042	0.012230400640447194	-0.004119306549132928	0.012125312605623294	0.015723691234025713	0.02265483820348484	-0.007156995589721658	-0.028479131049564982	-0.04222316882958363	-0.008818986076353603	0.013328704163217273	-0.011913815402032393	-0.02892550009517672	0.01476120837993637	0.012699814861327938	0.009823585127806109	-0.0024910432014998555	0.048788389227946344	0.006491015500674614	0.0018699891455523378	0.0039161752832915266	0.03297463433325001	-0.007777035983985239	0.005682465093023845	-0.0036077277051035674	-0.004430641875544204	-0.016912700239219605	0.005656580833596641	0.0	0.0	0.0	0.0	0.0	0.0
CD006-05	0.15930697281977	-0.13333907952264704	-0.061791617876209855	0.07355072846959011	0.15407203948194328	-0.03386408376978105	0.1945847051055936	0.08893568323674633	-0.004397658892715229	0.05207914748857582	-0.07913139002248425	0.05431146491422734	0.08662612286662492	-0.04497237401064757	-0.06540894406078362	0.057372846340653726	0.03341809656829375	-0.0276415672112348	0.05041040827576173	0.025111541589857848	-0.03376396208788014	0.053171006001519555	-0.07505639906244083	-0.009547983169728083	-0.04830867954053301	-0.03305186976520325	0.013227776108524578	0.013015042626954396	0.015529142383837204	0.029642284136906557	-0.01278726033191829	-0.04070319164823219	-0.0010043375503933415	0.025183600734629344	-0.02292872953101168	0.014827217068060266	-0.0036735394915228927	-0.0015192073767539018	0.027747075417971435	-0.026010754642367573	0.012175494324320302	-0.018059606001139327	-0.010221005771586338	0.03778282297817567	-0.009260825660340801	0.035029596011289355	-0.013233830954376347	0.006458468007501869	-0.0030518754076764862	-0.020362317963652298	-0.02457058433365068	0.02502687685181583	-0.02541064459394112	-0.00026185810884389637	-0.010672484952366602	-0.047960620175897195	0.018445061389237145	-0.014456538860286024	-0.010728769121443184	0.002711327656766316	0.011921501962389279	-0.009126438706769805	-0.01375364438300038	-0.008474495203266234	-0.011156144391175805	-0.03541575597550777	-0.002523573068651503	-0.028112069834334404	0.013060080555594584	-0.01709046463977832	0.01620931633668704	0.002715075280025014	-0.008768008559665032	0.01984453293342678	0.022612165179639925	0.03548368692321436	0.017409951317772596	0.00938024178464737	0.00039474427732709487	0.0023540979249023655	0.005470388180055741	-0.01091350199528067	0.01238749956534127	0.006825289487409188	-0.0021060209212198644	0.00945302483755138	-0.015593858542629074	0.0	0.0	0.0	0.0	0.0	0.0
CD006-06	0.19100358682374266	-0.18781473296750653	-0.08356947643856293	0.1320696934534019	0.15077112708062473	-0.04397042087256327	0.11297939092934269	-0.03554728766412782	-0.010688778578223654	0.03286830394133984	-0.13217720471256392	0.07882855502688417	0.05564649787619569	-0.018666041212636732	-0.009929400182088358	-0.01328203860045139	-0.03572156237409502	-0.03547187838275082	0.029005213904243606	0.04167026555717153	0.023449993636613056	0.0476002536400298	0.002364550532847786	-0.024379437978875984	-0.06921588087037955	-0.04649168265599117	-0.04113794962916528	0.04489653716344123	0.05072007207950018	0.01167229131825648	0.009047430063512656	0.03480853871996694	-0.0023212694429655643	0.009036319924807424	-0.050418383639819375	-0.008451684852503987	0.0057711219472006536	0.008204802211554847	0.004297800346291671	-0.007018325666510306	-0.0047563920037915815	-0.004919340718642808	-0.0016978040957548984	-0.011821822607991993	0.023569909502730697	-0.013176501081484502	-0.004054394445733617	-0.006536733660392698	-0.0069705480686060774	-0.02029571172167558	-0.013784264570383084	-0.008235219977027681	0.019213764106157424	0.0029383679540080877	0.018001303324302255	-0.022378361779156437	-0.020944329695420108	-0.009358717467376803	-0.013764294507223575	-0.014266947796379282	0.006226949649305203	-0.0153725176299811	0.00336539198893452	0.01320785204513419	-0.04684199054185794	0.0214168592755262	0.010909800520811466	0.016478443445902873	0.008418417202223924	-0.005960103927566542	0.02306821071842128	0.003782677739819849	-0.02002873083204554	-0.02007763416475312	4.588256172331332e-05	0.012228745260909848	-0.004705371906126229	-0.028105466440017532	-0.018140720213263482	-0.008529723348967282	0.021440859483011214	0.00729815888458104	-0.027730928813026183	0.006590040806543191	0.020741540232345663	-0.02077685237081516	-0.0009517243891607196	0.0	0.0	0.0	0.0	0.0	0.0
CD006-07	0.20585514634865457	-0.19288749184314777	-0.005317734062464502	0.1718220137174482	0.12958120205261112	-0.01651135743032927	0.04256426337192824	0.0071708994092793245	-0.020141841241422757	0.05255477754503831	-0.06697121798244851	0.07240269355935906	0.0896512422909008	-0.08879578118918928	-0.08538954720830923	0.020408045129500507	-0.025080776107535292	-0.06694272460924207	0.005909776335413643	0.021172130064837008	0.053330228125646605	0.06487978379680603	0.020522762066102436	-0.015233659520035917	-0.04037859071372349	-0.07344123786107519	-0.045619231404511074	-0.01711071595068931	0.0618437353298758	0.03127616862382729	0.014973129982450794	0.02797762927680005	0.03246487013242565	-0.01594861555865129	-0.050929864326086954	-0.019808690949179898	0.017136435912151325	0.0373237818075388	0.009459825186089545	0.010119474820433457	0.035278594561939415	0.02582973498333039	0.02748496079039714	-0.02074691051613894	0.004092626197357577	-0.06727348813614648	0.03372005835517449	-0.024871183810108718	-0.0440785519695091	0.012247344950329973	0.022507786814273907	0.026242288608989365	-0.007761327748825773	0.00425274769074905	0.04943538470274784	0.01051045613097194	-0.012957859193795124	0.0064120880125388075	0.03415870595410781	0.019049037361113724	-0.010535215395657554	-0.008466183789197853	-0.016956882774684916	0.0035261739900950594	-0.01650883265183588	0.05470919602119372	0.02437498938751166	0.047094371452688556	0.027266456305865387	0.001874555952558074	-0.02559558495870452	0.030335523612774713	-0.005361164418731698	-0.016829699341402295	-0.02245334852324054	-0.02795228001657129	-0.0031075593180156357	0.019561441615313025	0.009005463385833388	-0.00028926482827784845	-0.022549050897604915	0.0051734017393143044	0.022973391382780796	-0.0015911017583248755	-0.018513850932372268	0.03292791583456989	0.0021615838563168147	0.0	0.0	0.0	0.0	0.0	0.0
CFS015	0.18257567170114464	0.21346954823385653	-0.27770749124809957	-0.11176644752426428	-0.21176485820248023	-0.16069968393780393	-0.06934601174943852	-0.23095035223615765	-0.09420249271033371	-0.09722321972589691	-0.05698460963307309	0.0063054147033947345	0.08179039467518698	0.03776944141863284	-0.08305344529316072	0.0017046130894104769	-0.02691586976701896	-0.03021869825728845	0.08776944469113374	0.05665692130107777	-0.07486047427404881	0.10584269009726253	-0.027792453348415853	-0.0941007328931041	0.11812546243934831	-0.042612961601181054	0.08293095816797419	-0.062047866075122936	-0.019401318153735796	-0.011906139200390256	0.11159852047139522	-0.12923348308853244	-0.03823802909263697	0.06589351535415561	-0.058937185769251915	-0.04634902133493444	-0.019318853848145686	-0.03214273030257962	-0.03320177641424334	0.023928694550464345	0.017137343456380637	0.023348561701024555	0.02875285325717537	-0.040974189491568544	-0.005541886934160821	-0.003938305231692249	0.00888743272330465	-0.026946461969122686	-0.051195084321741156	-0.03817555003430979	-0.009332725258083735	-0.022301777386957312	0.0019778602621044594	0.01614256185058893	0.015906867763410437	0.012252092762496008	-0.01318554871768798	0.02212881486078491	-0.031464290133964984	-0.009967455145592448	-0.0200591210714939	-0.00436561433236321	0.02079961009217627	0.0004535063576930699	0.012702049154882104	0.0143850655218737	-0.004328976750301739	-0.005682101512106327	0.008136711602051235	-0.012591353850280367	0.007979643503918474	0.017555951193450235	0.0011449640605623807	-0.009005566746902484	-0.00477426772867855	0.0009901612776381833	0.0031091367325329048	-0.0021114447660846598	0.0057528291774579235	0.004631295806065258	0.0098958895119377	0.00546871935415764	0.003273319476733541	0.0012078790540398297	0.009277642793870187	-0.002542690474920349	0.001961008625469308	0.0	0.0	0.0	0.0	0.0	0.0
CD010-01	0.19963847884180613	-0.027699299312786214	0.16286219655781667	0.07778009825629953	-0.048360541050065216	-0.045037754969862724	-0.04543924812127819	-0.1542899679224526	0.03784546513341491	0.02882657916694616	0.06004745578511353	-0.04183607642910835	0.09257801341912708	0.07540087533476861	-0.25463325654540897	0.11564065189890926	-0.06061673322703535	0.012657472434693428	-0.009593366976854067	-0.1259838372328261	0.23396735942230676	0.06201178978397658	0.14319937687258674	0.006094351344231898	-0.05745450748679001	-0.012359828402071147	0.03393838744647837	-0.044176750029661614	-0.06998401691715708	0.02381616592294528	-0.006745133791666817	0.035184793246190414	0.014199034315433139	-0.021891380373077564	-0.002867403081401927	0.027878742479709416	0.04585485509946262	-0.02184225133662942	0.02821704254585595	0.012253212343412182	-0.02826418014471237	-0.0014614202547308744	0.03677088654627969	-0.05076930537728235	-0.006310835987690822	0.0033773633631828167	0.021003763920781172	0.0651803297657502	0.029882385603203845	0.03948249624502923	0.017784459578684752	-0.010204489509165394	0.007246488032176949	-0.0019358342740591506	-0.025563877209800967	0.00828193562722182	-0.010565490503519275	0.008894669339122495	-0.0036631138944291605	0.002944706851792806	-0.004755165076011732	-0.002942380285187195	0.004333969280270624	-0.007501165781936717	0.013547298337688366	-0.016079669323236546	-0.019226721023642226	-0.003730889838877275	-0.015164492288415966	-0.004651354305021208	0.020101019742134716	-0.00022264915314984112	0.008557491673591907	0.0057514484847824374	0.02357027504197597	0.0104123600829192	-0.0036014077053106927	0.0036674574626178453	-0.015901249999487343	0.007004502067629463	0.004121005278395949	0.006705050088246414	-0.005699841082546725	-0.0018351321683798196	0.0009745008793431048	-0.0071258111318989025	-0.0017561887465798037	0.0	0.0	0.0	0.0	0.0	0.0
CD014-01	0.28934716384673775	0.27041423604026643	0.10221108482649191	-0.08476832387742406	0.11017253393502086	0.029389765564920754	-0.21063168998138945	0.0815380955910259	0.03880688738198139	-0.0658638092064953	-0.17356049385504332	-0.004920214843719273	-0.11470301288583269	-0.07665647165855341	-0.01003771962653417	0.03783644102563874	0.007922797307090952	-0.040229448963288915	0.007207712902226231	0.08719764708907933	0.07502508328431841	-0.05905773339643621	0.05205196274521293	0.003276927922281466	0.09693983319851902	0.005559207966697923	-0.09770711400879038	0.06056945362246398	-0.06000890264026234	0.09537386109607797	0.13098382700850134	-0.013381722321509424	0.004228829055490639	0.019690253579770136	0.017940872071516432	-0.08101171781032199	0.0234974205084685	0.0625291858959717	0.0007634041944076293	0.024800287865515108	-0.04782870816929836	0.012311000829073925	0.015115393817514748	0.022735991781369532	-0.02335936869235013	0.046152991878490306	0.014384619677921847	0.043778509510653624	0.002550915480449617	0.0047618441207580445	0.06331279998602266	0.033425299080778625	-0.0297790936501653	-0.008376090418793286	-0.013007727238207274	-0.004190140125956772	-0.01410151384164553	-0.008903450930791496	-0.023287135186449703	0.015880107146704323	0.041027658033720736	-0.02520810215023327	-0.01806978387043835	-0.05214507301157847	-0.004594798847438779	0.007983632075692868	0.021029517308470736	0.0044873764227596055	-0.018061790123466526	-0.02613715104319075	0.005989306290709248	-0.027316260054514548	-0.02034308674582733	0.009809290049209411	0.004984266602557716	0.008245988746081742	0.007453323797403647	-0.005672512832837421	-0.0024231204195813228	0.010056680433848714	-0.0005329517693872558	0.0032738342856444775	0.014103159557621892	-0.0014231232884916762	-0.0032996346000376204	-0.00043848077007364395	-0.0035034768016782274	0.0	0.0	0.0	0.0	0.0	0.0
CD014-02	0.33291122450977195	0.2746509080675026	0.29588827318741073	-0.05726783803652052	-0.03296030769900533	-0.05540374313197602	0.0025050526334736093	0.07888094002853294	-0.055179977578834534	0.03996506754102409	-0.027767645476796218	0.014824591377310537	0.06311579881208863	0.00725184491684426	0.02112247967785271	0.0006912124260622884	-0.06554205932537704	0.07341177915402568	0.012980632872389033	-0.008932583805836279	0.0511917750329758	-0.0376264773508492	0.031594119513513194	-0.002198516435140778	0.0038097480692430236	-0.009476068481401161	-0.024074352666890182	0.10556558452241173	0.03339896570555755	-0.0338836559146359	-0.046839934073574716	-0.003689488621402461	0.0015403636874271832	0.011166436198003804	-0.016690105323359645	0.0456968582893089	-0.03741727109113921	-0.06858351837492516	-0.010443626066425587	0.016249742281927288	0.04094832744557358	-0.052306886619977754	0.042766126010730654	0.009071325173215407	0.010647584354675754	-0.0822522025669875	-0.012919655014473154	0.003548915465864272	-0.0197461303085833	-0.011662122067664166	0.004083896215850452	0.0011162591111230672	0.024899671768351343	-0.0006670568791248526	-0.030186040487431252	-0.028557876803625308	0.014149591862406871	0.011919998476429959	-0.012122863091881172	0.006559464505088942	-0.003079162980837725	-0.0031715784917632573	0.0007154136769130808	0.02874959174175404	-0.027367412107445123	0.003180241104644595	-0.01448007166802617	-0.01047786133660067	-0.006926160991630977	0.0015168296662013325	-0.014576356277005738	-0.022476804486445973	0.02199714352879988	0.00867275789509039	-0.033891562984531956	-0.02396860521330647	0.010386074958035073	-0.02050983613325163	0.022978181862393945	-0.008174098103261732	0.007327982755246321	0.029550554986787894	0.057425330996960795	0.0032291649355296837	0.013573446945658171	-0.014318086380095265	0.008630828584360588	0.0	0.0	0.0	0.0	0.0	0.0
CD014-03	0.31081154615426604	0.2735037027069733	0.29100007591168336	-0.06907369107449403	0.0741615540545555	0.018518922866838584	-0.0546039573430615	0.07090234438173938	-0.04824442036891195	0.00531804763818351	-0.0968682266813771	0.028101973562703848	0.06063839817517792	0.01681648047731715	0.03533589703060287	-0.008204026378401017	-0.04477760530139701	0.033031275092099244	0.0297324400542855	-0.0062863638306527875	0.031724813314618495	-0.06011894743103868	0.003190067161931916	-0.03903103816036395	0.019518843039146597	0.0009420120793339236	-0.023724024080396602	0.0986675094781779	0.04462789027547074	-0.05107628344538097	-0.02322814637997075	-0.024908688266925418	0.006579869532781769	0.022154523121363456	-0.009181987426504185	0.056275251254843776	-0.018098209833839852	-0.05213941854386081	-0.006441046107139906	-0.007291791061631771	0.037403154246305345	-0.02868244615337067	0.0083933866860897	0.02358878429771164	0.009670259411833701	-0.03208052162640275	-0.0037955188015950264	-0.010500212491909314	-0.03605631802392891	-0.028574121827062197	0.006607530273649818	0.03345907526496975	0.004527887296401755	0.010944779634881923	-0.01738043425280199	-0.013050623858218867	0.02512134098514135	0.032081351870168445	-0.03041784413783343	-0.004656678127474423	-0.020177277515561684	0.002512081480650455	-0.01854598457175917	-0.01478431313646702	-0.008807838874088755	-0.01659880028580531	-0.023474185762103084	-0.0025221004459366663	0.01193343991638097	-0.022304865854183665	0.01625031062142087	0.005535102682202309	0.0015181576005686031	-0.03293456001769252	0.0017481868775685782	0.011744778798972025	-0.010063341124875187	-0.016622531440138442	-0.03686746866181629	0.009045620978430549	0.02317034750795172	-0.0336329842107529	-0.04693759198461505	-0.00641844782435866	-0.009302188435676281	0.016407441919624483	-0.002271166026043367	0.0	0.0	0.0	0.0	0.0	0.0
CD014-04	0.29376126841713945	0.2506773516034015	0.3395016725490542	-0.041564351029067186	-0.06038271900564711	-0.0994727300530677	0.057397875314449814	0.02888162516258226	-0.08575303755582567	0.014214007231123801	0.009345206910314225	0.0059341498348770534	0.12798665241574558	-0.0031826157862560283	-0.008212168905346833	-0.015305848843201703	0.0029557445774259427	-0.01878066059319023	-0.029424222505933625	0.005787953665799495	0.03086145703606291	0.017011284319672013	-0.02849196559005879	-0.0470011615612845	0.03087951299659541	0.0038280891506702703	-0.025242454149720584	0.033936042319206404	-0.04396208951609704	-0.027106189593682925	-0.023848501726057878	-0.03328016492349014	0.015510489176229669	-0.06408970464195944	-0.0041915990975956215	0.03137113628363577	-0.021048865443518302	0.010070609683303195	-0.03670065023199714	-0.04684714795427214	-0.015562984065462249	-0.003647304475566487	-0.022062802686781322	0.030940147652913086	0.01529920495243723	0.0321057041164361	-0.02968557263213656	-0.02090823467107609	-0.011388192336775354	-0.017314134897318458	0.028557645293207985	-0.005346312280427909	0.04225250984739585	0.019900562250056653	-0.0016620961250392945	0.03202326805484014	0.023930799986780226	-0.026818677145679776	0.007515918603174041	-0.004991582204924583	0.028338830608840324	0.041909426409829635	0.0056215009737128575	0.03646244845081387	0.05132067766191257	0.00022429143759045557	0.04463864723698509	-0.025350340247259892	-0.03001689942652154	0.039949834043631484	0.014964014789503604	0.04485776244752427	-0.05900724463027045	0.012199961245814692	0.030764989994592536	0.01099784483448186	0.004503358772285904	0.04390203819421368	0.025252710614516335	0.02014278123466942	-0.03221613482017593	-0.010748929824766098	-0.009228232087540863	0.0066547553861352445	-0.0035646711330581176	0.002213400883573295	0.003913617568163226	0.0	0.0	0.0	0.0	0.0	0.0
CD014-05	0.3287597851940102	0.2040464991171357	0.34134590280020716	-0.05120639876021738	-0.0694897579868896	-0.10876425101542458	0.049948489191732615	0.08172432694839445	-0.017089166314315805	-0.021115947734893982	0.04669179341678213	0.024684815982983974	-0.03752789259099868	-0.06327885602504887	0.024715371874304323	-0.035339756572468725	0.03546937156556052	-0.042661127638184505	-0.02997561672011762	-0.014683984906083698	-0.048653209591039144	0.04509996390323402	-0.02510663049162955	-0.001182026687469297	-0.027939992058404806	0.007384312543334747	0.019022748148764066	-0.06390980979866644	0.01425535287770372	0.032206380254983596	-0.00018875399420689135	0.029967479320428553	-0.003707857140431366	0.0241838085621723	0.039913372498340184	-0.04343161709607684	0.01616401473571846	0.051910569911562406	0.0006760611515904073	-0.003318129590798124	-0.028852159018390534	0.009006230013297787	-0.024069573635321584	0.00012320876888057615	-0.016603287796243028	0.015618498707279542	-3.154220744044264e-05	-0.021846442693532364	0.045091483834769686	0.01514518509307696	-0.031282957862375185	-0.020431945044672096	-0.01225028950114139	-0.01138950196346821	-0.007482310876156198	-0.0036200091534417033	-0.026079296258500275	-0.02419762095204335	0.023402268950712617	0.011921796916832551	0.0005697540397105668	-0.010443635219962766	-0.0015621545474890104	0.005413306799313453	-0.002195170179860776	-0.0012882043651840094	-0.01284599229991854	0.02708574762461752	0.0161294484743165	0.016625550372594763	-0.018447328137636675	-0.0004802733504607298	0.025917485260761743	0.008613922694651987	0.00551979065909535	0.030505454885202565	0.0287645218798165	0.006828815033932044	-0.047194221521291164	0.012671233707623273	0.0027995638147379357	-0.005316373589207138	0.007912292361163115	0.012367623380635446	0.048058966709212975	0.015854999179484488	0.011207320783258685	0.0	0.0	0.0	0.0	0.0	0.0
CD014-06	0.32848289375687456	0.211937676106802	0.35406511038909294	-0.06181237809839823	-0.08409149510876313	-0.1279268848294639	0.05611890301625689	0.026320753732387406	-0.0292460561300573	-0.021279963280865725	0.05293279447999117	0.0189554940199173	0.03828533323478188	0.008080938982808273	0.02174427273612304	-0.03956770356515975	0.021478035381705278	-0.08935210223476722	-0.025195544501162168	-0.036333764935313005	-0.06563983687684657	0.022901443538829367	-0.01651945412320523	0.008340259938567246	-0.05141563971577778	-0.02094468932014592	-0.0014839121877907315	-0.06139490943511845	0.004242374737096683	0.0020694986357626365	0.01985530430741809	0.020670088964768664	0.00599084075536229	-0.012473740160286583	0.016579135590606264	0.012953515356408245	0.0130315030533658	0.03553507820245193	-0.005589214160210159	-0.003471204332972055	-0.038915347262914936	0.041266494484285814	-0.014655627260270728	-0.014104628963514904	-0.010509296342375544	0.023448725151400666	-0.0056442935848734456	-0.030093467476110233	0.007888943461098603	0.017917097365125263	-0.0037602133938519685	-0.00531483852070354	0.01313052959397382	-0.003262261600660618	0.011692138543288773	0.005112224801001987	0.015605163704398939	0.008310784405431529	0.04056450972786483	-0.016771731713497818	0.00770016071791011	-0.0024554952278878473	0.003002694607072061	-0.02085460771996172	-0.023074349498391527	0.00461265021331493	0.0038569085646625464	0.011592568111642255	0.009930291219828882	-0.010383758178924264	0.006168231419413599	-0.01826293450871601	0.006477508682029401	-0.013937195979374806	-0.02594588391252198	-0.012783596767088776	-0.04119831842738257	-0.0200429634959922	0.02303625869806435	-0.025540807677162918	0.00451660343928732	0.02274054866929218	-0.023363141385970683	-0.0030720524935987747	-0.008184393545445383	-0.0176008806774138	-0.02322829217764019	0.0	0.0	0.0	0.0	0.0	0.0
CD014-07	0.3343490625900742	0.1746051768857604	0.33113214506341754	-0.07292383119260479	-0.07414771761139795	-0.11240985694016908	0.0425147473569367	0.07506330705567306	-5.156186808016802e-05	-0.034127222382643985	0.05211552293995121	0.02180081992217183	-0.019979972159047968	-0.04907512916637059	0.03067598161694577	-0.025681952558101396	0.013528986990008911	-0.06792648078208297	-0.027660371372001526	-0.01239690302926262	-0.06384444363505845	0.01655389460008648	-0.002686841056146253	-0.0017796245771020134	-0.027518235401692046	0.0047150962385560545	0.02785366852157023	-0.059982483679576426	0.01509915757710801	-0.006763080204857472	0.016247770416595076	0.03303643838539941	-0.009653686180082208	0.01521935352352964	0.006333711403173859	-0.014770251222393716	0.01988805690977649	0.006073213191537933	-0.0015300878204437607	0.02377798009686572	0.0023228905093776596	0.029915576035514983	-0.004398785997134499	-0.053702125701468935	-0.004392815814960801	-0.002395439577238271	0.022459633956314513	-0.013647009809051347	0.012892263947173306	0.015600723724293898	-0.01795788155796133	-0.029087270050710375	-0.007542821408971071	-0.019270428391385878	0.015338975851814552	-0.008663817584380729	-0.030417301050643063	0.014640258834381569	0.014253660469909947	0.0005252149328979151	-0.031914545768555846	-0.021734785897525692	0.02239520417345982	0.002813534157923545	-0.011654224837092499	0.005280811183243735	-0.004804195700292608	0.003207216483913071	0.0015123885439809299	-0.02841422830957589	-0.005146031862760276	-0.018843198634739003	0.009889899263362648	0.02135585710242515	0.001221260741302569	-0.014202112834545585	0.0028963256745969815	0.006031683285776869	-0.003154499562145703	0.0009392609853385004	-0.0002022688367783675	-0.006450878126275489	0.0035705773801561268	-0.018645753017343326	-0.03455389312198006	-0.00036835290554738313	0.004856519275303152	0.0	0.0	0.0	0.0	0.0	0.0
CFS014	0.28252597604630864	0.2277398565093604	-0.26084167613160864	0.0857844500800657	-0.13205015805613596	0.06829409297056376	-0.138647952467172	0.012149048945125957	-0.05635627069254342	0.09790186940338327	-0.011688344078026098	-0.12386085729215784	-0.0883663950213363	-0.2069731387579351	-0.11734368722605018	0.006609680110847404	0.1622163007567971	0.07604038115121413	-0.020390066709945316	0.030090820719997795	-0.005906571878797668	-0.002288070537710154	0.01804929099411762	0.02959321949801511	-0.04887602180171409	-0.05194677079135097	-0.050268567614190504	0.003313829585978439	0.13608525300092308	0.010262258211586007	-0.0027870797223123528	0.010108417370855514	-0.0045744780505553185	-0.0450553281319013	0.01606685130970403	0.03843232337494182	-0.10892139904085167	-0.05481972136608383	-0.03196303638819702	0.009184572376396763	0.005468671498490469	0.04301827871073507	0.03974144125222002	-0.038056297941183266	-0.016323049798032275	0.05559569097124307	-0.03080964672511316	0.039226359001622704	0.03792873667609295	-0.07277968946363184	-0.03240544559298048	0.0056408795624017	0.049332188521564416	-0.005522196816454789	0.001996487969681946	0.0007739647445148457	0.01397845720108888	-0.0006557163522675598	0.029027150471880526	-0.003429990420501358	-0.006774575822561057	0.0009101219515261879	0.020579672906933282	-0.001233269565932666	0.010506030234637339	-0.004561279644427794	-0.015974844209151063	-0.015800771896871735	-0.007674186015023007	-1.1905281280401086e-05	-0.002421380156415781	0.011768321879180841	0.019358885744127145	0.007886228074815012	-0.005582540236428157	0.002193062485193427	-0.013420971540505445	0.012745986591677843	-0.017216031736025518	-0.010862022315558622	-0.003911719935948493	-0.0005293722699711503	-0.002787702222250336	-0.0017211916942992153	-0.002313335639185387	0.0032959797639235864	-0.002963503295604413	0.0	0.0	0.0	0.0	0.0	0.0
CFS016	-0.050466977030398485	-0.06432991040276995	-0.16513257664595	-0.17241449567443384	-0.11504861337617057	0.015136780001577576	0.043592120653803475	0.14046994542777475	-0.0842075378005224	-0.08204368142959433	0.08587562524565436	0.02478781096925703	-0.07189061959648274	-0.09332943670487971	-0.04600748162694356	0.005436119443886777	-0.12149664293336274	0.0612765683965478	0.09276958432699361	-0.03983476864620172	0.024027322474991532	-0.08813679884698532	-0.018791976881417243	-0.009539519555755193	-0.008274749694256251	-0.08442888890643	-0.05925837179082776	0.04892308361547635	0.05271167885753061	-0.05337890956333449	-0.016858369635017422	-0.023347906919788847	0.09015130196668568	0.12743579056289758	-0.06494515654771357	0.025186815753831252	0.05036917129629072	0.08646113587446705	0.023402299692884414	-0.016132761869159844	-0.07128740255254754	-0.006457406481505234	-0.011060450556861601	-0.07602535401842223	0.07069294302618172	0.060474689256145804	-0.015536157214870373	0.02349223295957069	-0.03229186344791734	0.03173914726256962	-0.02326706168810325	-0.05437550684748979	-0.014921245330123326	0.037824672278023684	0.00246516781521024	-0.020297813278249338	-0.02205183157970535	-0.0364926240476936	0.031197316441582707	-0.03288745657557586	0.009592071837120247	-0.01896941386826894	-0.013933620499763027	0.01228427114710607	-0.00045983970519743243	-0.0049557371284272055	-0.0068320485150607175	-0.02271995634387226	-0.02637149086821802	0.038259118718470285	0.009592861935863386	0.007140808952172347	-0.0019373007169316303	-0.0012215280343263145	0.00630771358112543	-0.0037367936637838985	-0.009919133729284643	-0.010127626692296818	-0.0019744313263539244	0.0011925647269828768	-0.004416744125392666	0.009599611843431626	0.00026608921734339096	-0.004869537310115985	-0.0028392768100885387	0.004096224573391768	0.0014447858752107505	0.0	0.0	0.0	0.0	0.0	0.0
CFS017	0.0035930102247133896	0.12950160772454028	-0.16730178963360612	0.017836971182447175	-0.1288613611894085	0.11649938689130433	0.2006672288768274	-0.041878661854296735	-0.007887150457948482	-0.23390660482407427	0.08634312739346785	-0.09876031806250328	0.10483884569614103	-0.02407468328425978	0.01480358630315503	-0.03938628766307443	0.018468856561782005	-0.09391184635511282	-0.04718841235761852	-0.06332921082880465	0.019212403918886182	-0.07538061477870574	0.08287042067322531	-0.06066600366631152	-0.08098744179928438	0.10457956019276818	-0.0723721932164214	0.07886041148051429	0.019288674528099434	0.0977157070672587	-0.03219905861874307	-0.017709008941479608	-0.026032519514954222	0.00731570013103831	0.028615011723318966	-0.01120611190993081	0.048313576676488716	-0.05257205788389372	-0.0015283660384110055	-0.021466077211214903	0.022165968727334454	0.007001875051509216	-0.004127204497682262	-0.020122463242478666	-0.03825429328327539	0.016155061841046755	-0.008782711866321999	-0.025625244041256063	0.012922974449353438	-0.03405438843685865	-0.005200506430642561	0.004148256027107497	-0.05737474689292523	0.04100024129401071	0.03630025356874272	-0.0020200747062131506	-0.02697101143604203	-0.020763371741754657	-0.04894762365705836	0.037194145067152455	-0.03222180470199391	-0.007096666937726992	-0.006225709574975955	-0.02504311840456533	0.008585522440416524	0.03742185291502359	-0.015298405824865722	-0.050746688323733864	0.009111847050740068	-0.012207077709596127	-0.016294896275906228	0.004348457781134562	-0.03234799257288544	0.023511408335627055	-0.010590125473119357	-0.011287078484149062	-0.004440738784455723	-0.02278068565071385	0.007130453173409883	-0.01208839668236374	-0.01029735414748071	-0.0017110287014771755	-0.0012367323517434709	-0.0001421161823898928	0.0037322589762278893	0.0054273661617693925	0.00036102472691993174	0.0	0.0	0.0	0.0	0.0	0.0
CFS018	-0.026902528425380226	-0.15022576124523793	-0.14791275379506977	-0.16655996762874123	-0.0816322040813338	-0.056063112775962924	-0.027837176829784604	0.1458593140752769	0.011088674112365925	0.0951537620432275	0.011965230367922464	0.017119481100375786	-0.006054935595306167	0.010553137124288823	0.016301906159530085	-0.08034882285085368	0.07904091785360878	-0.08274498545379937	0.07291028422186852	-0.06459998909546914	0.020042406380921016	0.06862118409705133	0.027099161718215522	0.099174528699422	-0.040576298235834855	0.07909120521428689	0.019391329311982404	0.027023750274991272	0.05619521148427971	-0.06500573654135908	0.05141288081739758	-0.008634148673570645	0.002613663362189574	-0.011302670796883558	0.009777256514152685	0.03314677240841559	0.04874774318848585	0.031739790193499005	-0.048123026377075925	-0.00047004044958207314	-0.007537425125899976	-0.06447060225867957	0.03185697811354216	0.0228209611461843	-0.037472046385258986	-0.052159609824076504	-0.03621404523730814	0.05036221971919643	0.00590573120053392	0.004235794569097586	-0.01178788891090987	0.00163200414935543	-0.0283458242546819	0.038644392452361204	-0.05493426233126805	0.04333879400811564	-0.034811362401934436	-0.006122429902168584	-0.016419447951443556	-0.017730809586309106	-0.03301837558024188	-0.02950441856855196	0.015512107057304304	-0.011536718411834498	0.011334036845291147	0.03410685963333092	-0.035366411017533426	0.04131697113495803	-0.06143905838620662	-0.050955907481554534	0.015925918007523056	0.014435029005642846	-0.010613238693915996	-0.012301923230489632	-0.01725162421081485	0.02629070610127788	-0.010359752591937423	0.01830090260705457	0.03784769543128069	0.005006376084312838	0.002766237516976494	-0.00968221038771539	-0.002414929197360248	0.013773023869747979	0.010373805925907248	0.006654986811724266	-0.0016167010488431866	0.0	0.0	0.0	0.0	0.0	0.0
CFS019	-0.25200380584010607	0.06971311346579619	0.03672825313453004	0.09334314859529953	-0.20734062665030564	0.15882027381568292	0.13540798478441363	0.019251731998001145	0.10282678912002229	-0.10557890075860471	-0.13967137619638403	-0.03108061205602132	-0.020969268436958212	-0.02741583816247259	-0.02208691034386596	-0.03857621131358477	-0.05341840150705163	-0.0024138853032289764	0.03839240450714752	-0.03798073821263742	0.06431760864698842	0.03260631173598835	-0.007451166402547115	0.11259402780100758	0.0009452547982291173	0.04001130879609616	0.0461207797151303	0.029812801825003073	0.017139156101540487	0.056311546199553836	0.03138831790609763	-0.06511775611053128	0.03325939858726178	0.03400988325059946	0.08972905825863582	0.065669177769305	-0.07350734198009094	0.09896236342310688	-0.025147482298566906	0.06343864115744792	0.0743072449244092	0.03746082337845309	-0.06171032241889168	-0.021590906535923843	0.02739251241904473	0.0011975696765870471	0.025768201309108903	-0.018883230568576395	-0.01580715024979054	-0.004547636107072395	0.015991982150473736	-0.05984407833223694	0.039790480642454204	-0.06010320472406545	-0.04325807244348379	0.04592177846048925	0.0044528303784501485	0.012440402055032117	-0.024894287328479463	0.0025556035607176134	0.025207689249284904	0.04209742538840698	-0.015020334769547375	0.018800193118166147	-0.05868869151613819	-0.0105989558839267	-0.029655529680516837	0.02666122044929713	0.02971872263838233	-0.002022506244815266	-0.006779266053456188	0.011255896353009097	-0.020660289012912024	-0.0035649911924107726	0.012586347731608319	-0.00630682877768946	0.0009939494642218455	0.008336172662083184	0.003465653285148461	0.0021690063916770604	0.0015320987921062074	0.003238489216606265	-0.0007728926704281512	0.004694644964723939	-0.00212206176248231	0.0004619950536954909	-0.0013786002832997628	0.0	0.0	0.0	0.0	0.0	0.0
CFS022	-0.007288535318171741	-0.17347793488750826	-0.06476372189609868	-0.1234887909368869	-0.12337005264208303	0.019914266611774943	0.029275210968220344	0.028277279642427176	-0.018883460270655694	0.09440457951691311	-0.0210410730802469	0.02220016054887534	0.025896014608593955	-0.06674292263537741	0.10213985688637835	0.058098967116872034	0.09841550838088788	0.06380861879982498	0.03291484135620492	-0.07393497935252195	0.11351027690988609	0.0026701752936844647	-0.0809550631307426	-0.04696587526679262	0.030888396204453678	0.03018868996735247	-0.004426156647317665	-0.02411961718037135	-0.032387548740681636	-0.0015110544132846677	-0.04110640141298014	0.05633660796736967	-0.041844856896731154	-0.01626828937115304	-0.09736214766487317	-0.04364604876743021	0.028529707684619557	0.017365922975107747	-0.09352601330795718	-0.03683532083384839	0.05931961007849374	0.02281056182483501	0.012662120678059254	-0.038449189591261874	0.07942263277927915	0.04494938615069057	-0.05037272622832078	-0.05208853565653116	0.0424224845194098	0.02347437943581954	0.03850138650554552	-0.004253403786543927	0.04458555664716837	0.0070525158881236194	-0.003362689678382155	0.010576427622444958	-0.05059282321384634	0.09235965360613674	-0.03732138466558495	0.00810650742155758	0.014374736830818927	0.05137258781468982	-0.02411727851432237	-0.047687548527152394	0.001528236798471147	0.019045453285039152	0.01296568501129281	0.01890459223328273	0.0006457923303358736	-0.003488211755750939	-0.004249535081206032	-0.027571115113575892	0.010178778780942716	0.009652649291445471	-0.0020494582010919136	0.004103430643548119	-0.0004402455085145751	-0.028149593661878643	-0.007380146778717425	0.005125337707768788	-0.013769758367492967	-0.009726853874307453	2.5870615604424348e-05	0.004146237271699278	-0.00046995192316929494	0.0003021634574675225	-0.00012479303232645564	0.0	0.0	0.0	0.0	0.0	0.0
CFS023	-0.12334782050777551	0.10794774455218203	-0.01266045544162129	-0.04756556863351106	0.07138560317559307	0.17491938429232337	0.11973772374873898	0.028468777274190657	0.03296574086438316	-0.25053101817414847	0.05621111931606709	0.1109591166668571	0.009282383126555693	-0.038943612724183986	0.042143397688869016	0.004417516888255337	0.052128791589398496	0.03240717362325154	0.14995361633634333	-0.0032877198190620007	-0.012194491894302337	-0.028177230619642526	0.10154809648880718	-0.004651233437582434	-0.013957761647577454	-0.06768718607567543	0.053468548175555165	-0.05508671207010978	-0.01691267426953992	0.009438209244300586	0.00462043682183152	0.02442186798235805	-0.043758479985210624	-0.08982479777306762	-0.0015371800227689967	0.06072761542190921	-0.012936253126651913	0.01857324898674285	0.0002909816480796458	-0.0006551359145688716	0.034596247329988214	-0.0008156144845811464	0.050060623848926636	-0.0037592750670514983	-0.01738223928890788	-0.01462002390077859	0.015396555817875869	-0.007111325281149356	-0.006441534461012824	-0.023456024898098827	-0.019139344983656995	0.003458518827579381	0.00959646827706469	0.00783190748807425	0.019837829639717267	0.05540451713579483	0.06139906749777295	0.04605457632219596	0.0217195304108307	-0.04448666675867594	2.975750235812806e-05	-0.07393309776985875	-0.03085581392861124	-0.026290517942755335	0.035598481870462786	-0.009653643953139886	0.034670981394040894	0.00921294943333199	0.004318255426365342	0.03866004511424387	0.03285436555347638	-0.044386645985930395	-0.003324196511492246	-0.011856967324824542	-0.0024514025897405174	0.03962346293373568	0.0071631140221538585	0.0021908924699113857	-0.0011540625911523102	0.006163438992528654	0.004244886798750994	0.009488944157800893	0.009627213108071696	0.005175693457568536	-0.001392235485640191	0.00024886452714240813	0.0031213478714488424	0.0	0.0	0.0	0.0	0.0	0.0
HC001	0.036944112331757394	-0.12777097691172834	-0.09623792178562783	0.07569975844938476	0.06601676958833635	-0.08737295484374598	0.04090732724973757	-0.026927523512786277	-0.05273105920884244	0.054530032860082484	-0.012688827165805069	-0.0774707897379789	0.07062018396986451	-0.009541230934839816	0.11320098676605095	-0.16607938748581208	0.0554826908046158	-0.08269733399457196	0.05098560556586572	-0.011708606372815782	0.04363219442991399	-0.019575961804625383	0.08842584690967177	0.09503199599717792	0.08010521384385855	0.03921570054009028	-0.09910179936976586	-0.01760405953441757	-0.04928925505023387	-0.1071880899631662	-0.061818557778950546	-0.11633032447670948	0.02024634878268594	-0.04206402745707141	-0.061763364532551115	0.047050153572587614	0.00980732626160939	0.03452498609168864	0.022696092459356332	0.013129154021078733	-0.01744660260071828	0.04387865770211213	-0.06466828724334804	-0.02730396040049281	-0.03955803539507257	0.0027522904806386852	0.08524912455822128	0.027447414441296496	0.016526066257682742	-0.016051159456889934	0.018856442116918486	0.017114582099556533	0.053490626707279026	-0.020991386822420192	-0.009901575245897217	-0.054438605369062365	-0.03038498587403167	-0.0031313005982299556	-0.01900271076635948	-0.009450146055304538	0.011415921419803441	-0.006824939398945307	0.038697086060126965	-0.0316743662867946	0.03668503633532737	-0.00501515562092695	0.0014543470532338114	-0.005314159639120255	0.028142368022752686	0.02051199969716157	0.014105976926596576	-0.0076948212658480165	0.020540276077235384	0.0003534276474697229	-0.014926406280214851	0.003823557407346045	0.01415610116425136	0.006009660685260848	-0.021749223420255894	-0.002608867258953609	-0.0014618785619527658	0.019193664054567124	0.0034999734822259592	-0.0065317095063778426	-0.004182565546193348	0.0015553422015641785	0.0003492017917229334	0.0	0.0	0.0	0.0	0.0	0.0
HC002	-0.039617480265916626	-0.169301185437974	-0.010587012213972088	0.00519298912943495	0.018847426376852387	0.027839325692404163	0.05131188062360759	0.0169160339606103	-0.10895627279558079	0.1276105977690778	-0.021026725530774018	0.04443525414151502	-0.024538215922294604	-0.042031233688683264	0.008526020003121535	-0.05388817433563299	-0.018984484759700396	0.01910786900375009	0.0231558852333433	-0.1030340045652015	-0.021293653803079248	-0.041188850208721546	0.11714392155782588	0.014387374295314267	0.16464602559497343	-0.019185381768486998	-0.031967183814204554	-0.07270532571081231	-0.00205217202995871	0.06491232090305431	0.060893459855493784	-0.005607866490903952	0.008069479417999325	-0.015425939932892905	0.07130399452574102	0.012254674751131359	0.1219364857356693	-0.0023712614881271727	-0.0028682964001601878	-0.0005704925373085552	0.10842060634693304	0.0035720933306763896	0.023185981012972905	-0.05370584415675134	0.0041079164068116986	-0.021431705061023796	-0.021360676422820992	-0.06010322701569274	-0.03904729320775528	-0.01889105385504033	-0.021220875583601712	0.0420495477635777	0.023746988946465774	-0.03236519279494954	0.027933136832482414	-0.012714287925637625	0.02610634742029732	-0.05212957433151514	0.04996409351140111	0.04344826179848664	-0.002723347786055309	0.019968383113868258	0.011760082582058757	0.03765671629502208	-0.0033127810665268286	-0.027171915671579155	0.00506332842446964	-0.027773934507664223	-0.06026614886700534	-0.015586133227468784	-0.015940444576902017	-0.01586701491806664	0.00884776953221821	-0.0005035949073136709	0.014527476415727289	-0.0008994658410100666	-0.00864680217025526	-0.005921551182261271	-0.006579662996963097	-0.010444499014691957	0.007707544061173433	-0.019149390670909174	-0.008615838105226079	0.0024967324995239914	0.005396361622034209	-0.002567934436720212	0.000675055567810033	0.0	0.0	0.0	0.0	0.0	0.0
HC003	-0.133399393160831	-0.00651607569951062	-0.07076590890705468	-0.0990165883210187	0.20921297006401648	-0.014709741230468306	0.017723252995186557	0.02904874033756845	-0.09473967617781405	-0.061596173462070455	0.04050338104561828	-0.04346018490959055	-0.015688002089151068	-0.014817772271945806	-0.0035454465501779772	0.01131714551140314	-0.05109002005822543	-0.052386023690358836	0.036720666265748596	-0.09421466633159414	0.03306339290157949	-0.046573077446818885	-0.05294878183366099	0.018257955043905812	0.03955661676416136	-0.020234391798470648	0.03544280956108808	-0.07242764492405783	0.08982917661538449	0.05178539448478643	0.0005947761218612061	-0.04275842668319916	-0.008231432196450597	0.10940083336415983	0.04524188759444247	-0.05001570767009577	-0.017205109195269807	-0.10033509170718417	-0.038765924524106196	0.025281223257436272	0.041668615076230514	-0.002059257931418988	-0.008076197330406504	0.06321197070233919	-0.013953725888248263	-0.006413164049913475	0.03333650447693027	-0.009762610752823126	0.10369769932268533	0.03357661602096907	0.06970270631835325	0.03792044775243218	0.04267051382809149	0.08020535011363271	-0.046475222093289484	-0.013996098525433409	0.01412524778013311	0.009400562392114974	0.05586287467349709	0.016549290516611373	0.03976349802652436	-0.01641247154788838	0.018496928250340938	0.022353401517183947	0.017493013259283992	0.0064665284503937	-0.021255170288530002	0.03873068928637218	0.025714140037987672	0.027619170420995574	0.03136508482267939	0.014891510085954861	-0.011683685662922386	0.021739943159932308	0.0047749483658359685	-0.003566892668569575	-0.008755714536522461	-0.006124189304491946	0.007542956382397072	-0.01200992169236341	0.00026867702693406695	0.004722191773784622	-0.002522281554931724	0.003679182841661499	-0.006357291340841583	-0.00147794826148856	0.000317493333788819	0.0	0.0	0.0	0.0	0.0	0.0
HC004	-0.36153810477399334	0.14683390668561014	0.04583366324489488	0.0938499871192174	-0.0980367315272445	-0.051042049145737366	0.020450038299692705	-0.05925282983526229	0.07741619877555193	0.08243253594333276	0.013157792592095615	-0.0343387210170423	-0.01611592064468454	0.001637039541894349	-0.013452644960746562	0.1139898491109214	-0.08107937950179432	-0.0912439827772883	0.10171421958639253	-0.00144731884737783	-0.04070823041138224	-0.011641829061793018	-0.0034721079300240676	-0.004417101576080998	-0.003983938622897875	-0.004036806124304444	-0.04455231892401128	0.01133121573286805	0.038874179608305554	0.011277556321314995	-0.016801734205231685	0.007774134267803114	-0.05941696463161868	-0.05646280052053087	0.10044583907225056	-0.09992020062321036	0.008858375249878658	0.008551804826190182	0.08930152581360203	-0.0542167008561129	-0.007156812392323065	-0.03885451626258946	-0.1053426605222552	-0.047386112045922885	0.08469376091429787	-0.05336334601074104	-0.008004834228870866	0.005235137835395815	-0.008008965494331277	-0.10115286067689698	0.014458111432346425	0.020488961494386265	-0.012529836633004538	0.005092212169876953	-0.040668099237868925	-0.027560305043643443	-0.023479648629477202	0.05148566759743471	0.0246045324192155	-0.05627906841498218	0.038675319007103526	0.002310888937257935	-0.015885044169974234	-0.007989412394592147	0.04156432719046332	0.007638175047351634	-0.005111014168330073	0.0005260892991030617	-0.02145987165041569	-0.0022770712081862632	-0.0027147298135898525	0.013979259027537473	0.02220005611293103	0.0013965166052787934	-0.023944195838929153	0.014607952938862053	-0.006647031166237858	0.002139839130534811	0.0039781550588893575	-0.0008330153913690771	0.00043052908932679024	-0.010747641693771955	0.004944025564029654	-0.006579393294855682	-0.005210356039354302	-0.0016535219538006362	0.000977260001144388	0.0	0.0	0.0	0.0	0.0	0.0
HC005	-0.32299538106687364	0.0812718064145424	0.05071462238999546	0.08064357979598677	-0.1197418262697301	-0.07111549417669467	-0.038490505110031256	-0.07747257701606715	0.044187015728477864	0.05746946128882233	-0.041979551857849434	0.005830145407023449	-0.0027731598907524374	-0.026787691502474002	0.0729034198435857	0.016689499882658464	0.005838583519805752	0.0453246441610037	0.013401061235935253	0.07530645115170288	0.1199926838195715	-0.06721267187807796	-0.16718419110626612	0.013255317372959244	-0.10054451185643157	-0.02503318381191816	-0.027833923301725887	-0.028121493878133588	-0.05087096034765133	0.0013061145462265752	0.027398581777401475	-0.028259321227917217	-0.056404260133912386	-0.03933258779301662	-0.004486884809678328	0.020682161349125858	0.02304358726243483	-0.000270304471134184	-0.025827232846364845	0.04283307258599459	0.04138929035720086	0.09497924271115753	0.014430383933684685	0.0065163837613507625	-0.0015689466105855128	-0.05596397852659529	0.08651885711024913	-0.022181651343941296	-0.0017284257372470135	0.017461240838863672	-0.08212318910999597	-0.029269573242201113	-0.0454770332632715	0.07188835104185869	-0.05097964572766174	-0.048205112282801076	0.023738738499680858	-0.03902328422620227	0.0440698619836923	0.05280294511759561	-0.0014373533231635443	-0.007193193329192739	-0.005740818561445725	-0.04388459522774542	0.014394191798601417	-0.023765655676077326	0.005053963542929993	-0.013577708908827152	-0.04424810314756665	0.0028316216130911983	-0.0074690934290599365	0.0029947484824018695	-0.021979806227426985	-0.01798616658496814	0.003985797702890729	0.005689810963263141	-0.0033282628260223874	-0.005437843473704863	0.009717421006501595	-1.6875440662054342e-05	0.007914020452642397	0.005053546144634142	-0.001176721488565229	-0.0018961076714132201	0.00015155205104572456	0.00010810559868434046	0.0017084199919440732	0.0	0.0	0.0	0.0	0.0	0.0
HC006	-0.2816317315919213	0.032412311216467746	0.05302956516992767	0.019040703198120772	0.02730243822531912	-0.039987602619373556	-0.12243740836744714	-0.019545489432650165	0.02216342026597037	0.037766848219394564	-0.0409594926122083	0.0813734675259216	0.05008932274532703	0.10731461870611426	0.024961382956755006	-0.05439378757816954	0.0841209189280925	-0.002234951339288455	-0.018984444126898637	-0.0015687943493022552	0.003880388087936549	-0.029622485917229584	-0.10797042095371434	-0.03562141987982558	0.045039309289670766	-0.031532787140067145	-0.034919504936964545	-0.0448531988186818	0.00998295791681106	0.061897310145848435	-0.07268936186498537	-0.021450529993074514	-0.021832830999197722	0.010238853396836244	0.05549929450166956	0.05405478154717438	0.07443974145559078	-0.007144316830585356	0.045539588629979956	0.07502896869118558	-0.033733470927814785	-0.025895279032261187	0.023262280323819	-0.08972359949089133	0.031937448447079825	0.07099949090235301	0.03142775918512596	0.08340961569373231	-0.006464238199322557	-0.009844307487715203	-0.023816578253614516	0.04508756349305346	0.008724604531542756	0.019023597386787286	-0.03524368473234014	0.04392661170268226	0.039261469125390275	-0.005137558916537719	-0.01348785787449566	-0.005395733506567324	-0.053868651856334875	0.030828871324271007	-0.0492930934996996	0.03391521848251558	-0.04316067351664529	0.044455749988404736	0.024316682391233704	-0.01282504212194162	0.0379538390241445	-0.004850983112600258	0.03202187359265873	0.00646008066906855	0.010339443977909948	0.03726302433792446	-0.032144996821385254	0.01503210627949295	0.011616610483532646	-0.0055484242742250564	0.008953923947013054	-0.00630980511496655	-0.009287311607712503	-0.0019614001848487495	0.0002935581921257982	0.0023052677194690383	0.005437888101059508	0.00492571363021229	0.0004630098274315736	0.0	0.0	0.0	0.0	0.0	0.0
HC007	-0.33932407929972896	0.17175447908778693	0.057823921240157526	0.14076455029932386	-0.05568914255763209	0.07871232135044956	0.003803969814223177	-0.06048721978868674	0.10893429359821027	-0.03640334363207423	-0.08727499829340599	0.0065472362906815506	-0.01560450869656568	-0.009402872707855127	-0.03290319271229735	0.02864935381796006	-0.042343953151971155	-0.06453151690256347	-0.010192059182031874	-0.11119810376668202	-0.06394561355302561	0.037988238258634524	-0.06923030593751242	0.07210381136789894	0.06567398601981767	4.753808242131977e-05	-0.10479308254440854	-0.013508639945353097	0.052581671578917404	-0.08073581487782884	-0.03846068908391583	0.035664242376497866	-0.008882291251228362	-0.05527618309851934	-0.08132440914818265	-0.10122454403218671	-0.014997581105140809	-0.030197399929969965	0.06743290090742717	0.012668336063654686	-0.02826041634597558	-0.10237398519856125	0.046345873680873784	-0.007605261342917118	-0.061495609211757875	0.04902239694755075	-0.01364640032523869	-0.05984618542654205	-0.044593763250937585	0.035559781420374977	-0.025862426833008014	-0.01516302875769922	0.06597315713501517	0.019508610965656106	-0.037443971192625346	0.04470266555024715	-0.006942961588585592	-0.0054622702226726225	-0.0045111833086084515	0.07556820522878609	-0.012783746963284003	-0.04238649490504254	0.016098932696263193	-0.02875130179880435	-0.030114882289600235	-0.027035165518355154	-0.006135754335420748	-0.006636384430570928	-0.0037275614066347596	0.02496110657903499	-0.004454584024778032	-0.006765153254662142	-0.008138681511733095	0.0016409015550003685	0.011750010498672879	-0.00417173047807661	-0.002921694024891997	0.001445768140662869	0.0023318522677135637	0.008796580985481028	0.001483380046129558	0.002266863788004919	-0.0025361511561360285	0.0026449445423722883	-0.00036817000984905334	0.0006073625150552468	-0.00037043288382019945	0.0	0.0	0.0	0.0	0.0	0.0
HC008	-0.2783975146646303	0.07539642395009948	-0.028212526920318143	0.04618488972639089	0.09499939592813514	-0.10233535403638039	0.0351413589779986	-0.04007414466253615	-0.051355965310488944	0.03384217813997877	0.12021096846615953	0.0031675513329577696	0.017677789696882457	-0.014649819797824142	-0.028006045078921588	-0.04468635731951178	-0.013474211333046604	0.07247355502852798	-0.018866333456779228	0.05614279801631873	0.05511500005268812	0.00420231828957516	0.05075575481884172	0.031683014645604246	0.028690765340248288	0.038446331508434725	-0.10859619764193644	-0.008659217778039711	0.013817013774280615	0.0010652771054652324	-0.07847035127348434	-0.08615417849127946	-0.0481729622814613	-0.03797728443097779	-0.0319717167191387	-0.02707509107421182	-0.015344688660322786	0.0015371438300655644	-0.020058749056617562	-0.004083686742002787	-0.048993200396706175	0.08858593365875327	-0.014008034554524398	0.01991347340660551	0.0014501936675308342	0.04895096852771173	-0.06539207820968643	-0.038914980907798595	-0.005593366265189435	-0.020972165107858737	0.013101155253522869	0.001036960335104954	-0.09105543226900725	-0.008517168597505046	-0.03122314424676618	0.04435486163939727	-0.005575669103244042	0.04411401569176509	0.04270100232799256	-0.0012897886842672998	-0.020695309444776665	-0.049030432119873756	-0.021037231073055655	0.07574287057956829	-0.029549997664928333	-0.033286825482939014	0.0008117968544139611	0.04343868547548296	0.022939898766569523	-0.051545825140291775	0.0022597162278840013	-0.015809133467059762	0.003538793072748453	-0.011229252171714832	0.04433724540510865	-0.01092279748238165	-0.002250604429598569	-0.012701284853342758	0.020353744766468694	0.011477986478158743	0.01118562761827831	-0.005735301369737518	0.0015450299772849087	-0.0037431507466643417	0.00035159464378958663	-0.0008399659316637286	0.004403229073728896	0.0	0.0	0.0	0.0	0.0	0.0
HC009	-0.32318079892299634	0.1657311520544244	0.011413369127842032	0.036304051254566844	0.09953941001889353	0.03155212719601198	-0.01578880178022687	-0.06815651823443616	0.0008763796229856175	-0.07697081438294105	0.08242628648437933	0.0235337893995914	0.08363879210129435	0.006944444857373117	0.0421769364888321	0.030857926641246473	0.09807443216642038	-0.005770802763061787	-0.08973580213755512	-0.03769154708934946	0.02198015105770666	-0.005362757096031386	0.003241534679933778	-0.026092068803885912	0.038015373607035635	0.038750643248615255	-0.01599860762402313	0.021624548951800597	0.033999985055382154	-0.009655611492366179	0.06422078401425967	0.004125752316008422	0.01868158689145369	0.012235869813556927	-0.03681391879946533	0.004069184772770423	0.01767726345521497	0.0432135281517724	0.03325249248029776	0.03562550730913806	0.04483679647121242	-0.029411077376211087	-0.018305890365602345	0.0266664917577012	-0.018329688421988777	-0.02564737795551162	-0.03159653092327665	0.013053455953271662	0.05393505407525132	-0.039213746260679125	0.0075953958275353	-0.1000932843527486	-0.023773605377670308	0.014588176203337236	0.02569327558104614	-0.047222605065670324	0.026549652180149354	-0.0040811135557794935	-0.016820105620197943	-0.004996358712822431	0.032221101706233435	0.010271065402423727	0.0002633120701501023	-0.014952020135654203	-0.053088579077069924	0.008745369549586579	0.05363574676204007	0.0014778783795482186	-0.027866929271994613	0.006506435474921025	0.05201224341664924	0.0407137325213337	0.08974763830510947	-0.015458755787920383	0.03262326462294484	-0.01989663884372561	-0.0165060980370589	0.011375908719264157	-7.014858103349826e-05	0.0011640144774553098	-0.0002204451748250956	-0.004119303087270015	0.005986462838739031	0.004210002302349327	0.00591066998672769	0.0029953034557107755	-0.0021762322029193868	0.0	0.0	0.0	0.0	0.0	0.0
HC010	-0.3477972602017907	0.0635081219049906	0.06433372437845095	0.050751800642391466	-0.05272094150446943	-0.08178927137143091	0.011086449923329621	-0.053351298044383356	-0.0559134879849938	0.07796102581884538	-0.020643317514919803	-0.04607549449713842	0.021730309424348636	-0.0504175921477099	0.0015600301067668428	0.01994949929793138	0.041799832026338433	-0.034551032370788985	0.05860156871174059	0.05374121592463725	0.009536938977724937	-0.10247743294819087	0.04982346543995363	-0.008776574912431773	-0.015717132491285635	0.013267270812133108	0.011422382845549705	-0.04621046580781404	-0.035026142171926025	-0.07858255597217371	0.012121649610203391	0.05197004459546269	-0.06690612540974956	0.06833898190490865	0.010811793113948007	0.024656886497548783	0.009113980646117105	0.013602149159002402	0.057749745411992966	0.07773083129278345	-0.01973474194979513	-0.012821373690258391	0.060390378726028315	0.04206132551088482	0.09632378863556347	-0.01988258628984124	-0.06969087807031833	-0.02070674388524772	0.06847589588768749	-0.037665326029822276	0.059720328046070054	0.0315908405473749	-0.04215766376186781	-0.011506591899791502	0.044405405829811055	0.046508025308254354	-0.02510293998635729	-0.0636523636607056	-0.028375033632984773	0.0017665655249629673	-0.03288214992558	0.01832643539076607	0.06040796998028524	-0.017992231962076055	-0.04484100155152211	-0.04626721629612937	-0.00675432896810028	0.003098239936048707	0.025765501476150015	0.046225672664974016	-0.006676841158368672	-0.003938608373298277	-0.02909661763049987	-0.023643603130790954	-0.013105992264239792	0.014595589198128301	0.0022179826628354444	0.013018483435311728	-6.167810591661061e-05	-0.004253193407629198	0.005432762133330846	0.005623041076220751	0.0033920181679754466	0.00567255360861018	-0.00648719763126056	0.0015628609081075558	-0.0010063419981775428	0.0	0.0	0.0	0.0	0.0	0.0
HC011	-0.27982592770268	-0.04389400051224108	-0.013179604446881474	-0.0509513910437095	0.004992307330553467	-0.09878973820889748	0.04704381008989514	-0.013076098695160394	-0.10929765538876791	0.070872064482393	0.07931296683646648	-0.06797566630880796	0.04701363807069972	-0.03708155209164808	-0.0005147363958846143	0.01832538219232945	0.11380474442546207	-0.05663232246575061	0.09699286745065232	0.016021146823235084	0.02943253613542015	-0.08353605038610544	0.05910373587445945	0.014611483706127281	-0.0034316791052501935	-0.012697046801271645	0.01814474741710885	-0.020363899973417015	0.0005503946665487162	-0.03704337652460575	0.009245541260795964	0.06602351894041482	-0.047817252072904784	0.07580562828391599	0.023740061415430048	-0.054560420707135085	-0.045380082785459484	0.017689416504260723	-0.03852967974191059	-0.00453790209225343	-0.050330597880115874	-0.00922127897890169	7.800398884227172e-05	0.07165285949287925	-0.028830633731303797	-0.04782012299850335	0.035463315070664976	0.013000462386972464	-0.07940188365020427	0.03675292976181641	-0.035160711779354606	0.009525471539671017	0.041639158392090064	-0.04392753037015672	-0.006948862216123876	0.04765557383041996	0.026594218315257823	-0.0019903688273021514	-0.005420750059318126	-0.023860248765986854	0.0027566437196896052	-0.007173607495877318	-0.08960401054147933	-0.02565295451630963	-0.02006797564792586	-0.007181872195791155	0.005856333887689961	-0.02902788834254947	-0.014320614018567891	-0.01650684284632511	-0.007097279284411939	0.04122698286016612	0.002994249655969283	0.033328636964363556	0.018443568007466774	-0.052532328998215534	0.036780120637679735	-0.011907678380139338	-0.013996019583718423	-0.004192670218140628	-0.004057763346364842	-0.00036517590842690735	-0.010164772213809214	-0.003982375775097672	-0.0003951223787823537	-0.00563973264221278	-0.0005618219686121532	0.0	0.0	0.0	0.0	0.0	0.0
HC012	-0.27275769829928515	0.03563780473918117	-0.010373193837077316	-0.009565811047279198	0.07445226426026769	-0.05839663799411765	0.05917840420262622	-0.05470561178398245	-0.10618375799502555	0.04500651444925864	0.1019363895365295	-0.03263926399793196	0.002801955856318466	-0.011943625338365729	0.06801738619467951	0.052450195717691016	-0.026104700527054183	0.03888128419976962	-0.09149317887156698	0.06930265204942469	0.048077607605225225	0.06543839077629919	0.04073884338523332	0.023632410698866263	-0.04451821773818686	-0.0363763113714696	0.002131222396867852	-0.022452522314587907	-0.01261130553963402	0.0008045826866418464	0.002745594639010221	-0.023799891185401694	0.009535937511353666	0.023298467294043262	0.055260832835351284	-0.017621797243066287	0.025183663146732562	-0.002572236665033647	-0.019564630485074355	0.022918858736975484	-0.014820195489489275	-0.0073881603035910225	-0.01118261902945899	0.005213383081545736	-0.029720050797402846	0.04858087599565321	-0.0015761149574846894	-0.00588811548210423	-0.05053298293880262	-0.020386034449181096	-0.05099181523986765	0.054049274647684956	0.05629174056410287	0.05716339688238592	0.03190525369148381	-0.03511050899138529	0.03292051819917442	0.020783677751258636	-0.09441326839441128	-0.04546244993771669	0.04836773329929846	-0.011119591700104379	0.014374133574240305	-0.0050441979008956795	-0.06565700565160512	0.03026952221742273	-0.030068831655237067	0.03481620246763092	-0.03582130175629252	0.034681790447245855	-0.05423863436619542	-0.044955015173440444	-0.006761223008262087	0.01868045848049214	0.007247476821981628	0.013458179806849718	-0.02809097517673637	0.02778864516642346	0.007305921380005634	0.01597601590853016	0.003987093191558014	0.0014083769448934862	-0.002002908437287987	-0.0012074228975696643	-0.0010036484378556372	0.002458648007350896	0.0010466866621167965	0.0	0.0	0.0	0.0	0.0	0.0
HC013	-0.315509779491161	0.12991501982908135	0.03360929862543178	0.12180015274492544	-0.06463152356606541	-0.01154740540189005	0.05433442767788468	-0.03494767511252589	0.0631215871683344	0.050344214784607724	-0.0595121958643517	-0.05803476885708325	-0.058291492394508176	-0.06687440061462399	0.025993906482330766	0.04949541855201271	-0.1340770790986074	0.03230989760837408	-0.005324956811560388	0.018170166314841682	-0.03399869301855163	0.0928144299113799	-0.028204327901410312	0.07196265567278214	-0.09135866120334156	-0.028210808370804995	-0.04945240564506452	0.04093377340667926	-0.07909442361239266	-0.12356707937543027	0.018451462780853755	0.013529498401084618	-0.00778720237359393	0.09474802032410654	0.0593760080585816	0.04613174577143427	0.025450932772707262	0.014053252653899064	-0.057522652057626696	0.01952061797842197	0.04809786117613481	-0.019932340035493736	0.049193724367188746	4.092171978524499e-06	-0.0690914607206115	0.05055210333320005	0.022293239238236565	-0.042036823946962266	0.04174987462188262	0.028154779918950466	0.02551930096968047	0.0676853106475844	-0.02431277367423854	-0.015314482336494373	0.045727402834036555	0.02645849971315733	-0.0073176592906794005	0.020129073614890823	-0.009873389282770912	-0.020398759923180583	0.005175174941610857	-0.012256966212325941	0.004938865573743571	0.04049984067381773	0.05316383239830985	0.03550854734762552	0.05662153268705139	-0.030253155837073165	-0.0033750536748603957	-0.02264122209883911	0.027865922216835814	0.00965485434395502	0.03762429559338574	0.008883630347575937	-0.0028439081103009876	-0.000963186881507744	0.005599322537938773	-0.017355708551199375	-0.005529500547577054	-0.005937231311294626	-0.0025724932012035928	-0.00863620092034572	-0.0005244129199945584	-0.0027076205199676657	0.0020585576735561583	0.0013582574038573754	0.000124095245734334	0.0	0.0	0.0	0.0	0.0	0.0
HC014	-0.3493554846633072	0.0907972558855038	0.07316175427852892	0.08655776397839147	0.008998368581107903	-0.015347665551868282	-0.04056008180271426	-0.0885198900443705	0.004158500171112112	0.037795752645617124	-0.02321084936103013	0.03330310054414782	-0.01218277401945697	-0.0633001751498432	0.047395895507918034	-0.021736487789847405	0.013767744246275705	-0.025160847147030586	0.0882457668554761	-0.022334662524074397	-0.02743596014538184	-0.15113642382917977	-0.011940993286902868	-0.07415465797769388	-0.04960977065851762	-0.03853405942173817	0.06411605326075315	-0.038228731695936456	-0.053565163927309443	0.03187432333356521	0.0041565579313825865	-0.0065567400070712795	0.11181902262056448	-0.0471756707180003	-0.021472192175747747	0.03978438459806544	-0.023776913638427002	-0.01686827700637822	-0.02092183574414099	-0.035484345883513686	-0.01758119112179989	-0.019577828476263413	-0.024182507851066133	-0.029456322660903686	-0.042977949410509704	0.002744243940958145	-0.03253155056521438	0.020714663946760477	-0.0128183512340433	0.047118714913049586	-0.006836964593554369	0.006884512946816406	0.00033732575590551757	-0.03529909064875901	0.003029516444131071	-0.008805080687345996	0.001280005128977678	-0.025973766261740625	-0.033359976154456	0.008849298198121901	-0.007938948808314927	-0.015967637170131877	0.04939888548206165	0.006846515601733794	0.0174046298170373	0.029344240786294273	-0.033870100482829894	0.039799046075516216	0.02648145212571626	-0.0021790768765690706	-0.00928494026981055	0.039169822631785034	0.00950565249369327	0.016802817472341736	0.0229220365633858	0.006766727207846839	-0.028649681111105184	-0.03446654981288937	0.0027787226105831626	0.03737713021399266	0.013184863526969567	-0.04216936435940025	0.030346599609737446	-0.006843423800863167	-0.006639333305087113	-0.006363541712981714	-0.003897292862356276	0.0	0.0	0.0	0.0	0.0	0.0
HC015	-0.35407290331350083	0.06134719503951183	0.05296897381347309	0.10982342177783298	-0.06107353871404648	-0.056394849954471485	0.003507388168043348	-0.06765053429482895	0.04695795283755911	0.061453968092852876	-0.019912679668263596	0.037243715265065265	-0.02336222627479719	-0.07026520957496456	0.006979486358054061	0.014802348445446516	-0.000722374282916091	-0.032606157162580814	0.051754777361191676	-0.010915379472734178	-0.022497904006494103	-0.15067790973571302	-0.03390552907102856	-0.0505794938764288	-0.008670256489519157	-0.025028773698012468	0.06445387420320402	-0.0030471352848278174	-0.03578135302518922	0.07234568600019536	0.0032487245500341646	-0.027942846810328537	0.08636586841185552	-0.05698794991231025	-0.03296211746421445	0.016796305966711573	-0.023614782438247533	-0.026670102999556213	-0.008426830099347112	-0.015256353161158781	0.008901498338352399	-0.04026886221047332	0.005773133923139777	-0.016108348552093168	-0.05376547718842981	0.00441449629885309	-0.07399526721853368	0.015781946094709728	0.013463799474772784	0.03550615182277518	0.009245293251045112	0.007380133254285362	-0.004345392706372406	0.010175412094068057	-0.0024815663828777743	-0.030323304141246243	-0.03761968332264506	0.005896469686147267	-0.025202676884331275	-0.021689097469627265	0.039111146392502606	-0.014822161817977216	-0.008633945401826548	0.04394567098312223	0.003548423350516008	-0.004706788511754238	0.02244282450175372	0.007143126916169823	-0.0027919026963506154	-0.04952486514932149	-0.001930499582258482	-0.030624912435380125	-0.010828628810687975	-0.019170982340287735	-0.016580979248522365	-0.028862346446044778	0.024816050219520765	0.043109124212693174	-0.010242170060522006	-0.033039949122432	-0.01327784962241373	0.04230757625448468	-0.03150544843483156	0.011165429250788138	0.007657784247214015	0.004699324511456132	0.004380946711316386	0.0	0.0	0.0	0.0	0.0	0.0
HC016	-0.22638452341532211	0.12283770087640931	0.025427787555654217	-0.0874330640651331	0.17908654727771595	-0.0022058825563739527	-0.011017857728487	-0.01690845844907466	-0.0535012269103381	-0.09262924880863763	0.08390718297585929	-0.0907980215212359	-0.03809382850036875	0.02055239209494253	-0.011401295252211481	-0.02087487764646713	-0.020562609645657513	0.037621190361601976	-0.005960467909103877	0.035420391357311475	0.06938289265444238	0.07261014616564151	-0.029772275493255434	-0.09098092231748119	-0.039076717891009735	0.02122466044433363	-0.029240705495580378	-0.03516746958392665	0.06713449466056412	-0.03534786628203173	-0.02252123620078473	0.007060556111358847	0.04294296680930542	-0.03157844325598218	0.05753112520972872	-0.059364798061671165	-0.05191242297250546	0.024577518740070116	-0.03376722612214308	-0.00502155129272571	0.09036818137999802	0.0008294019177906769	-0.04044458444771662	-0.023421787709018673	-0.016325392525094774	0.01789432208101763	-0.05183443321310453	0.03904189936021666	-0.12429477300303135	0.058659883768299635	0.020029938026609725	0.026155565676522986	-0.04433020717205232	-0.037820290365573	0.00487377844717945	-0.01153902995679326	-0.025918465966636498	-0.032993090120494464	-0.007879976785045685	0.03149410943351047	-0.04294100795784498	0.04758278510889986	0.025441695951595563	-0.024548999764819376	0.023260292876237647	-0.02396369165340134	0.00370212772772984	0.03680193828187594	-0.016831454195229044	0.032081085956997636	0.03210933815668817	-0.0015696758848718338	0.01516690630848888	-0.0019296146016980823	-0.02280332115413686	0.025965703953579514	0.039768816112038884	-0.006542866200690112	0.0009148251489371387	-0.021858114571440976	0.003932420591601742	0.013884788099989085	-0.005730723092462789	0.004657753413651209	-0.003779861260939089	-0.002918795121131044	-0.0029884842317171073	0.0	0.0	0.0	0.0	0.0	0.0
HC017	-0.35337667967979924	0.17546508412763429	0.047019759465850575	0.11622884974715143	0.01863560840441124	0.04512895023387984	-0.017547907398047066	-0.06300344481780835	0.05527636795898196	-0.061561497231202446	0.0014862905140831375	0.07365872086861797	0.026953867853070378	-0.03753762954219851	0.04121058382200876	0.030095571727131558	0.027823570660873972	0.0025371288006416836	-0.07286477108496593	-0.036513854529826306	-0.03794022368049517	0.029443982918954583	0.00889931479289753	0.05642431904491003	-0.0031154914428290813	-0.009807749026795737	-0.08803868455665266	-0.02503680982933026	0.013464606789758176	-0.05369782845523924	0.04840246957724855	-0.006663640023092533	-0.015764692738781276	0.043811454817932166	-0.0639828761452807	-0.0074332653356296114	0.07051318009026773	-0.033537316242881705	-0.009163938343242365	-0.025190027490194052	-0.003317384973542139	-0.0035185667952690805	0.053355244320444126	0.0371529842287709	0.03139814524750555	0.0019232585107293839	-0.013133826967279789	0.05436848919625897	-0.012629844888399647	-0.005730054325902195	0.030903443284421593	-0.07529526363691201	0.004637278237824605	-0.04019138384664734	0.037542251240330754	-0.046867074579120746	0.07610946784398293	-0.019552091951371788	0.028689635082300213	-0.038929920078658926	-0.010584357501437687	0.07090332985809344	-0.03752678179670809	0.0047546080135551115	0.07590245318907689	0.021442435480428595	-0.07372790453839814	0.044436112928519414	0.02084886354113001	-0.030752521455317806	-0.029396222766321888	-0.016390073700429577	-0.032847514479150804	0.012769106642686979	0.0016472004072050005	0.007617346527132335	0.01715366153078523	0.0035998726446698167	-0.004767638683598034	-0.00931406069666374	0.004982088922199468	0.004719186615557346	-0.0006159350264613476	0.003956377194849978	-0.00031142155273521273	-0.0027800361935271557	-0.00037528168546030206	0.0	0.0	0.0	0.0	0.0	0.0
HC018	-0.31126968226485163	0.12570624549859047	0.01990430616944409	-0.001868848217688403	0.09451449919875168	-0.05233494337367038	-0.08923839321763923	0.013386443482173473	0.0580329235368548	0.013804664765852645	0.044799061598511505	0.04966756877248465	-0.04837326989920665	-0.021583372212636568	-0.03384314444426437	-0.025566868667643478	-0.011472926253651471	-0.015188276596465579	0.0035552456541367784	-0.10707986173375944	-0.020235535899007763	0.14218668477235247	-0.05258490348456005	0.025582797288090195	0.06119956274822309	0.04067711150390077	0.03985379930258192	0.05426007291466841	0.015964448098024556	0.030954760047326526	-0.06704489684261467	-0.039088709580968585	0.07238855848146339	-0.03363054818550411	-0.014263638858469934	0.012361261223728647	0.038069980432439615	-0.11032848578834027	-0.08060025735347824	0.006609450465622999	0.006636359683105556	0.05133783916816741	0.0050109596806483	0.004906201371459372	0.06825061867748795	0.0007879605720365567	0.022438987528554073	0.005400140879767973	0.03379403135640206	0.011921080798825551	0.002754858779124968	-0.0058364911262659466	-0.04509517938438474	-0.06762275447887196	0.03299490156178129	0.007352756103156832	0.0021828430829304323	-0.034594493064149016	-0.02760335389052122	-0.05271299207090035	0.02669237023194882	-0.07609754965681854	-0.021907646406215044	-0.047665314333112774	-0.0282774930034071	-0.03966669915449417	0.0343536754220643	-0.014327619704182717	-0.02250522693321377	0.019122165495455652	-0.042821662754843635	0.037146160763926156	-0.020155942692534762	0.004453112753226839	-0.03490232650434525	0.001266885906162062	0.0026256897181189294	-0.002820558912466896	-0.010862630678001538	-0.0037416221974372068	-0.00015405354321832836	-0.00332031868768678	0.001980341252499466	-0.0021936089883644767	-0.001001012901229396	-0.002953255903716263	-0.001263642347672862	0.0	0.0	0.0	0.0	0.0	0.0
HC019	-0.26742321178262063	0.08679152035661929	0.0008851476750282355	-0.010560093765549533	0.17234883515043065	-0.019327923698682154	-0.03948498202874164	0.009012987837346798	-0.06595608025406413	-0.042494770483640844	0.08087634684482788	-0.027091323198037465	-0.06537002646850959	0.024563621020421228	-0.03696614887384947	0.004217064566576995	0.02117433660530355	0.02345960629937293	-0.022313158460288855	-0.01164574312418872	0.01584124763470902	0.07101255080329515	-0.08038282010783554	-0.05374263974178491	-0.01565679042154971	0.07173263839111602	0.01467729698275046	0.022158164500014444	8.670174523522995e-05	-0.03904772125002112	0.039186839167914135	-0.004096643374986797	-0.0012714617065417357	-0.030567290500384463	0.042933938757960595	0.01033215501606646	0.014596395602981819	0.03888911207951842	0.0012263217100780361	0.03378715245447283	0.05611797585242035	-0.04481105044532591	-0.03162610958457163	-0.007983218037542013	0.04968724166064186	-0.02738223217156304	-0.00801910537827685	0.0465272232671121	0.00761348987951601	-0.008731241807361758	-0.03411271919728111	-0.0011119431741756722	0.08312800502650164	0.03439167306838686	0.02150009619029869	0.003603306720359861	-0.04889491447069855	-0.025251788100588642	0.03529602400105622	-0.03049059056627389	-0.0359292484984584	-0.032114290571187594	0.01602783251370788	-0.007439867545984871	0.014812680257127314	0.011296348067580696	0.0075737936876313465	-0.034557895199564904	0.044092355464920595	-0.04248742574195045	0.015763349242496644	-0.05287473278336169	-0.04977723555925067	-0.02983467884844373	0.024095154767287255	-0.056217690846492654	-0.006933496856119685	0.0056105822000702505	-0.029155567082871703	0.024854870276560605	-0.00716671895649058	-0.012611104586233228	0.013532769234932766	-0.00702754474549198	0.003137385141193603	-0.00022878898353847306	-0.0017333568626938087	0.0	0.0	0.0	0.0	0.0	0.0
HC020	-0.25578132941999465	0.05688586766757342	-0.007874409726076056	-0.049956113781398366	0.18534249473862577	-0.027699266127911064	-0.014194156310187278	0.015950656325818994	-0.055239985534323834	0.004001323445840605	0.07062688378542736	-0.030249716195835094	-0.02978387581968603	-0.02435694822224859	-0.07781582926908105	0.0021411654927846638	0.031904003246342225	-0.02568013526505681	0.03762533963743821	0.0295854426414378	0.04223352050437117	0.01539300847211095	-0.012118588604559019	-0.03263613707862818	0.08339133310879154	0.006083409948056197	-0.014838858957194662	0.04259034114307844	-0.016910624236867233	-0.06544116723565598	0.07520353347338896	0.023824814775047835	-0.020341335849680175	0.003760723504177014	-0.020357766480342376	0.027210823305709713	-0.03972006331897907	0.0026399884616561398	0.0815721499737215	-0.08388237611888269	0.018926710358729677	0.012222386870570848	-0.029484792906048867	-0.03386214314342124	-0.09512250944947878	-0.024310682551299253	0.03252999561206615	0.014824928369982593	0.07765146472980491	0.052127690914171326	-0.05463901331981742	-0.05058322951058094	-0.04020756299075407	-0.004529710713957977	0.013436353692993733	0.03765034539575686	0.005413917617544446	0.0628895791801293	0.009202482768051518	0.012491321182876419	0.026694282020290505	0.06439781294727641	0.003430362469061424	0.05630601755493263	-0.03485309854889279	-0.004244553078247665	-0.002660695851215939	-0.02551121822406315	-0.004420253072798556	0.01530549231058852	-0.03747802780744887	-0.011365536699787545	-0.037198586091026865	-0.004282295295310954	-0.05820846740761462	0.01996341455460647	-0.00872970280595254	-0.01772779207087285	-0.0048418547427942025	0.005448629337502532	-0.0056014003259195816	-0.013630364956392842	-0.001407566483591825	0.0033911063590699063	0.0008971477921163189	0.0012118487669599341	-0.002225798629381066	0.0	0.0	0.0	0.0	0.0	0.0
HC021B	0.08706446924311173	-0.14152927209487867	-0.04859027817745268	-0.06598757427438103	0.004199721524074577	0.01911126605288244	0.08000686236526934	-0.04006406890999086	-0.12215313231020344	0.10295349730636509	-0.06534274028212964	0.10799494354322199	-0.017195803584481605	0.010427223284162292	0.0392268814141413	0.08127561847184528	-0.03223180337698742	0.0010754264830315477	-0.12969504627857056	0.02836942080201246	0.021563487114619417	-0.03283977408477325	0.017232895462493607	0.06995277058412641	0.03704948338851788	-0.002967789022636118	-0.0493746622483201	-0.051138385895208666	-0.00426530202767915	0.0705631308102452	0.035705817223913354	-0.06028777334829448	0.06822409399718145	-0.047692962137481754	0.07150585160940516	0.014144680411805955	-0.03550402811110519	-0.04511968557817555	-0.007202877712219155	0.0675389368099081	-0.0435877577528296	-0.07242092472325087	0.0035727821603217975	0.06307987189135718	-0.040164771155590216	0.00396015025438067	-0.01836172020277422	-0.050593566063036145	-0.005224243732682277	0.020698397010995465	-0.03746606713371798	-0.06355005285326662	-0.02372831526589062	0.015140513890999144	-0.0022053077089108333	0.01803260775353681	-0.07043064342909458	0.030073272919138732	0.009351384101758132	-0.0806851398810788	-0.0663547242663777	0.03766208008805228	-0.02592460164987636	-0.02295412444397239	0.03151306830739909	-0.023863603070045755	0.003492678957021604	-0.017215258004041042	0.005515231575116197	0.025778075794270786	0.008108394254616225	0.01629188779782238	-0.005376153270362889	-0.010850250547908643	-0.010373663471842605	0.013911439531904615	-0.016873363831625656	-0.025096075132361114	-0.02217589703461956	-0.002807955721549987	-0.006728456184252864	0.010678308967396678	0.011805011557564821	-0.00033699414737820314	-0.00926864940191568	0.001158157700112169	0.00023197118493660735	0.0	0.0	0.0	0.0	0.0	0.0
HC022A	-0.262947556485333	0.029275742146274618	0.02737953773056314	-5.7859729403254806e-05	0.06887038125663339	-0.0003319512067690083	-0.08449168844521386	0.007147104437513138	0.06599667928422456	-0.025644621377376133	0.002084615764764962	0.1618803009770704	-0.011939122219235399	-0.002844197148078006	0.017218489277790072	-0.021757509906694963	0.031203861652693673	0.04779463468524769	0.00048217977642722417	-0.03587010614481103	-0.05225431143922316	0.05727169535618259	0.07544928160278787	-0.011921557187229717	-0.06535822735089408	-0.026186948159902496	-0.014068973667393993	0.007917872646303037	-0.02287889792333568	0.06124586646375827	-0.014058038845643972	-0.02046086243885318	-0.04318177922156042	0.1039483753801926	3.355343910055875e-05	0.10075270434420998	-0.029670508129918657	-0.04336001279202247	0.005265848523967507	0.005409866910181709	-0.08577837809195465	-0.024387144578113012	-0.07846637604586311	0.014805818273465625	0.02696120458820967	-0.01057834418774145	0.01831382222701802	0.014172877745842246	-0.02654862802111636	-0.036512429146940764	-0.03458047114213843	0.00484201183355036	0.027897364010212863	0.017507413214042776	0.05896049902028767	0.020365899472827617	-0.06598452498067325	0.058167954656675805	0.003151707928818375	0.10191408732423791	0.018797700590564084	0.03367188201156227	0.02717266375148859	-0.01874317394053264	0.03682838596702187	-0.0586025805107232	0.02488404934164337	0.039240050354752226	-0.037544198646464404	-0.014039415803610985	0.00722040520159445	0.0031816150031488554	-0.009114946008288579	0.02129349308213539	-0.005551031810721026	-0.020362646274647574	0.00035948579016584784	0.0019211071900523864	-0.0013168466652934922	-0.005117749515819926	0.0059290900556796455	0.0019002262576796305	0.0014235347437553442	0.00017081399502328416	0.003935595651536151	0.0032806921423374938	-0.000356745108290051	0.0	0.0	0.0	0.0	0.0	0.0
CD016-01	0.2602872712597382	-0.013730634099240323	0.001071449131831334	0.17517782045045338	0.06749858454673552	-0.006444350510227277	0.055750125461654254	0.10898357212990183	-0.05763506536375995	0.04642679570477145	0.038829215148033266	0.020302305445706135	0.019634371835706092	-0.06396505177462249	-0.026870533061752414	0.1080341340403936	-0.013787091726858257	0.15814569130394876	-0.05280447226042251	-0.14097494631727728	-0.038944812737261254	-0.05716313462078778	-0.0353242714966411	0.05514825109085841	0.041748956002182425	-0.01544733204097417	0.13462575872651214	-0.017666723715809827	0.004997542381351931	-0.06533890763194676	-0.011324667744672485	-0.10258231603941091	-0.05993729222081102	-0.03616487025882385	0.01896441289422504	-0.013089815754933653	0.004829042532137358	0.004738435817632252	0.02471829018324501	-0.0016050856836267143	-0.06156572044160895	0.023530489727619383	-0.0470607207952184	0.0017533900375733286	-0.025661576796527752	0.012594201633777127	-0.0020168439127305838	0.0032146147954871	-0.03587861125060611	-0.00678327651631305	0.008261224649891593	0.013005841597287961	-0.056391123668292506	0.01580622730427095	0.015241254778597361	0.058845988966571186	0.011931516962523057	-0.03693275885618091	-0.016371946414207146	0.027966036261865748	0.05111193254311883	0.030963864956491196	0.004602369916124357	-0.05904290652540494	-0.00022677503434914755	0.059247297506819493	-0.017023774213543424	-0.01043230840465369	0.011853383611793342	-0.015573881372851355	0.014750604736529376	-0.014296304150724345	0.004825336963772378	-0.036910147997311904	-0.012993594582075668	-0.01197698788452678	0.01844236166582434	-0.004035205024450237	-0.0004105288555142943	-0.01828199031670194	-0.0034594088386207095	-0.00978988182998929	0.012362772925364513	0.00037628322360662013	0.001931090691763607	-0.002965279945270153	-0.0010867833661760394	0.0	0.0	0.0	0.0	0.0	0.0
CD016-02	0.1266978673665334	-0.18913850070977925	-0.06222485268215277	0.20696312841607764	0.017663014193003757	-0.03942263059168623	0.007150964373519143	0.04303584753512701	0.01722031010971322	-0.03288421317205161	0.029436479681504233	-0.05167403368076018	0.012575586165478455	0.0032804690805262973	0.030965354061770388	-0.012333677043132062	-0.031775026077613684	0.10942073902028736	0.014552317683047397	-0.10907315331489355	0.0038099214510817596	-0.027275609439509716	-0.0452404414187785	-0.07401201250821918	0.003041355398869587	-0.016337667013683544	0.05410041942774694	0.04594222525071824	0.0004446210990498341	-0.05089047373150211	0.07866348911085991	-0.03802415526373818	-0.009346108413224835	-0.038825312884931046	0.10233977608420528	-0.05156876889701961	-0.011458897245939348	0.06675944278435907	-0.001091893685631038	-0.07036442799538926	-0.07508289003078578	0.015471767286998943	0.06109475160527935	0.019615217590623235	-0.016598754664330414	0.007870493497857485	0.030993128172859326	-0.020327742763557435	0.037563266542338256	-0.038440460826461645	0.04300965646246043	-0.03387019864537088	0.04240476747823387	-0.004034177246536159	0.009369050225031086	-0.055957296551772014	0.015460545789246464	-0.0034120677773277295	-0.04323296638087932	0.01898097766268815	-0.09843404836818492	-0.017213079708926587	-0.02917975672564878	0.018252458164174236	-0.00795245445896928	-0.05618161160047453	0.031075764858515518	0.047491117372473614	-0.011820099881970712	-0.006073631941487156	0.004597066948960087	0.005114085782498473	-0.009366744401753032	0.030070140374263366	-0.03496943637269982	-0.004228032912522317	-0.01627774439212292	-0.000621456157157609	0.0002800720782332216	0.008559234292137877	0.0008104542178435885	0.00575631166927493	-0.006180706263149318	-0.0074269851554706	-0.0017809682115883154	0.0030653087583111522	0.0031943818602735963	0.0	0.0	0.0	0.0	0.0	0.0
CD016-03	0.12205040500625634	-0.19879309946909504	0.11250804946551575	0.2710442059797278	-0.04389143286158645	-0.036180298809321915	-0.10853552817705	0.09072358233351134	-0.09058853052182278	-0.09509800419435123	0.02049747546227639	-0.004987689834978852	-0.020047178174638396	0.04841898528262357	-0.004893958370114673	-0.01022426641779716	0.0009836591109935763	0.021564383991674527	0.02846090369743828	0.007134263365052676	-0.002068758412961936	-0.017256393068232203	-0.03233700374713497	-0.02715324158671692	0.04073322346534567	-0.018748451499042022	-0.01448237228077766	0.03225577422311426	0.03005684571303593	0.008671950433170404	0.006231799545139164	0.017383787299908776	-0.009850499839997057	0.022219940372339004	0.04405625845314391	0.02330943041032022	0.013341214510905263	-0.018293360449924734	0.013559146692759328	0.04323401600714555	0.010386456764405694	-0.011897000975897732	0.04821645906413034	-0.00650483140649215	-0.02594242312498678	-0.020274672972822573	0.02436754621969233	0.04318868377168461	-0.011096578666992866	-0.01886096695753252	-0.011107610422997759	-0.024558344200824464	-0.011250958580906174	-0.008940669308067384	-0.00430442287551936	-0.009253888742301918	-0.042468076677811516	0.03546251531353345	-0.004907518934974764	-0.03186457711913754	0.011827376773878713	-0.017651604913782665	0.03886359076251241	-0.01980147369290593	0.03235955584986552	-0.020534590785271024	0.008871000864230243	0.012603156498342986	0.030933422981878338	0.03274843899653838	-0.07071881928206288	-0.013803805145925553	0.03244741322847446	-0.012712805761790414	0.04546114146851769	-0.006316929835572388	0.032994093106694225	-0.03115613493656507	0.05432607984378294	-0.0002503048422763813	-0.0382394996698468	-0.015570100224980392	-0.02729566010609692	0.015179728099421277	0.0063868693756442985	0.0005419027423268182	-0.004854652329044219	0.0	0.0	0.0	0.0	0.0	0.0
CD016-04	0.09570165535422358	-0.23538122375967865	0.04074530429707959	0.20485906318837635	-0.04531229260278415	-0.023010115632142	-0.10327562563309442	0.0441359722127185	-0.09227901662718385	-0.10943931053294756	0.030990357491545228	0.019972017572190186	-0.03448963904316975	0.09110930840677617	0.01887008667200344	-0.020329641939577425	-0.012014996497720731	0.029759445832828538	0.030923144103510464	0.010206038282142348	-0.03382964044373617	0.0083103011709373	-0.02473267302438394	0.01903613998755645	-0.0008953279374225775	0.014442186729319387	0.028589647045475744	0.027022441908931924	-0.011339063694966555	0.010385314596997947	-0.035730777730181754	0.029347172125908295	-0.07458306784484092	0.02510639619508488	0.0029155563323422498	-0.01496334305732195	0.04822337514006875	-0.02248536409167971	-0.01816918207908097	0.013843098188453206	0.024102872746395648	0.005441597567308001	0.028548974323290705	0.01720981588424669	-0.04207552528024473	0.005075312144155613	-0.07396149558642916	-0.008451346173080288	-0.008248388375947708	-0.035026343997547345	-0.05738613196377782	-0.008787015411069882	-0.026898918612800932	-0.07259138280195776	-0.02896926394694542	-0.02433040821212405	-0.020504698009450754	-0.002842034207879379	0.01976024685574185	0.00042768747293291234	0.060187264878083034	0.013199265261677215	0.024539036670071734	0.0034987285293872706	-0.015529071346709403	0.021692758446549457	-0.02278884934331333	-0.009847408165869367	-0.012724450894075772	-0.004748765582337724	0.05049159955324448	0.010423791365389734	-0.01623158596551072	0.029078027212569434	-0.017348896358497318	0.0010756078753789155	-0.009299928223940771	-0.004804964484977803	-0.0268607358600489	0.05419300400247544	-0.004113164749881111	0.03894847918894621	-0.0036354653381800396	0.013486161902560268	-0.029823382756890744	0.004244786024063069	0.003183723683669769	0.0	0.0	0.0	0.0	0.0	0.0
CD016-05	0.12842202371994826	-0.2420334259575395	0.07696004888052839	0.23811837238444086	-0.05289618592032306	-0.008117625297563366	-0.12217315332002074	0.09084016643464989	-0.09322468358124121	-0.09986274087308068	0.027892453711048506	-0.008093327729736833	-0.035064563503252585	0.05263723239945318	0.016922620796623978	-0.011589745979539576	0.02559504679249421	-0.009462377595675033	0.029027546781759596	0.030567076586160705	-0.018061446963299824	0.002434234453635747	7.160481587898365e-05	0.003330081175895387	-0.0033341113155388362	0.004834347930219537	-0.026584222414237996	0.005606561409399594	-0.007750049811987942	0.004026608623978484	-0.012902647081645723	0.03573700921372906	-0.04340314376061464	0.01657744746932246	-0.02053372457418318	0.003381724967460665	0.009659886994129202	-0.008516469826212935	-0.023648730639233978	0.019447470978007135	0.025001759857517382	-0.006423204299480287	0.006924256646157493	-0.019458774068731536	-0.038683750505365044	-0.0017104575156704322	-0.028641776552106025	0.005609414583939588	-0.02931069365876989	0.019751395137652207	0.02106297946164768	-0.027592372312396155	-0.02873607274864188	0.0027895043024357413	-0.04519068531087475	0.0038004398746954763	-0.020930843771341818	0.022553569571621093	-0.012072532997459988	-0.010660014029666497	0.007611000192436799	0.007840744163055047	-0.015685310827092055	-0.003649678038647012	0.009106808864325085	0.022380416615434356	0.03781459937961098	0.010008030740882934	0.011420822703437028	0.03774603950164491	-0.004617627326197336	0.014314612819712485	-0.03415940348536181	0.007075462872644569	0.010354718715149897	-0.002495813564554808	-0.04292152790924849	0.050072080002462924	-0.02324192616887489	-0.05950152889117096	0.039021150472253005	-0.032523541333734585	0.01156357628254166	-0.025214950799508067	0.007150919755955523	-0.011895172420522553	0.005414015101162441	0.0	0.0	0.0	0.0	0.0	0.0
CD016-06	0.07860129809438511	-0.25469136649515	0.050583249418052416	0.20888863262794138	-0.09125248223578934	-0.02282145842521124	-0.12650467286709588	-0.029252846695529914	-0.11190695955158284	-0.10053427097244987	0.05532230253147666	0.021284247415567618	-0.022075117147870835	0.11114888232191784	0.021254800455724338	-0.015553030417089017	0.005427651924966484	-0.02982546178445382	0.010927513914513092	0.015314035875708292	-0.024850778770217435	-0.0003075428962975527	0.009378776867727789	0.035889927773492224	-0.054962590852925	0.0282096348719824	-0.019686514827852504	-0.0040568711825450365	-0.04059634922886473	0.01751592121649831	0.0105161026516915	-0.0033984060392471724	0.05068487844686974	0.0030290847168828365	-0.0345710020550796	-0.042719623787771714	-0.05397972582652602	0.0010880023789236672	-0.009303134514077263	-0.012588911618843759	0.014418802876474622	-0.008306167950662907	-0.00839395353771126	-0.013628472906897055	0.023264584915345908	0.02125404470699645	-0.01923786904602563	-0.043127763239950836	0.027959980701737806	0.009057157194400263	0.009223521979476557	0.04370845616811322	0.027659924368118698	0.001291354096827484	0.0072245009209334615	0.0032828183159598168	0.05038275219614441	0.002557635230270972	0.001807688177863595	-0.025559583769543117	0.019945331214906405	0.017547261832723354	-0.005981511606569249	0.01078676706432573	-0.00812237097060464	-0.052977040618513736	-0.03414392231764871	-0.0173319206645138	-0.034806000470407085	-0.016732744864481428	0.03286228763709836	-0.006881437655118875	-0.016765675158825245	-0.020247045710837585	-0.009343467351942287	-0.0009341422809775593	0.018036874176040003	-0.02068976047893657	0.011733980898491947	-0.007445292731822344	-0.016522197351819437	-0.0010392159686343364	0.029271554526605077	-0.027042973396407183	0.029302493019678386	0.01843672007105096	-0.01322430983732929	0.0	0.0	0.0	0.0	0.0	0.0
CD016-07	0.07135948389996778	-0.23010898036051503	0.10242846963901997	0.23463748603175769	-0.06689070269588268	-0.007067904481625962	-0.11659905522598993	0.008795753278631264	-0.09867034775228219	-0.05209658914811284	0.04165493654625999	-0.01984735025859879	-0.031636725706032875	0.05784294321459994	0.012911189284782937	0.005728000656013191	0.02248455518679178	-0.022381367179527115	-0.011361271601572916	0.025533268978905933	-0.011109648251586607	-0.0003794872847286584	0.02385100676472226	0.018581287482685747	-0.046958602370466625	0.03229055100399046	-0.04466244271573284	0.015197366897772688	0.01633349140043672	0.008394016615623274	0.07700182899092098	-0.05137428674567043	0.08382629055339536	0.009198226742122268	-0.051118070613773936	-0.02016612937853218	-0.07013918641292152	-0.014069560150492091	-0.03487777336947422	-0.025909133833926564	0.004895510777752761	-0.04016828281078861	-0.0762341823182271	-0.012911851253738393	0.08147097860835321	-0.02852478239702849	0.027290791896780745	-0.02676032000551632	0.02587708311946947	0.03135893613309505	0.008887390169604145	0.021448010794816175	-0.013615548809355327	0.06000904186460859	0.03220427340008149	0.07209978603719362	0.0417598018071381	-0.03714743631079319	0.0029360995543833055	0.030469472964198354	-0.02011505106937181	-0.006277788289457838	-0.03824339922085727	-0.0003107725143607204	0.007305937454962317	0.010962847241102794	0.005629260324438904	-0.020572124406139446	0.007831960007503306	-0.016015300489786593	-0.02338588166921623	-0.024733166297071927	0.05064509330491128	0.012273095164010168	-0.011518628476492241	0.02858941027489411	-0.0032753796515791796	0.013901523752045548	-0.01016313484772271	0.020803190475136717	0.011923835088148538	0.0039571682611720775	-0.013091006907180718	0.025487842304854937	-0.01838766677848152	-0.013472602344958779	0.006452441904554429	0.0	0.0	0.0	0.0	0.0	0.0
CFS024	-0.08716022096994915	-0.1315866350848366	-0.04671832276849045	-0.19114353729319064	-0.07569985818391317	-0.12795675178583468	-0.10870167472996277	0.14298652977195908	0.12128041788395193	0.06957223320455479	-0.019112167505462494	0.07898568228811695	-0.05202848662946436	0.023794678364734888	-0.04723986888010959	-0.05243683179965087	-0.06253012217385288	-0.057818596728186226	-0.06186068720972779	-0.0280921392567064	0.0004707425301321034	-0.0008290141730038704	0.06388291236785418	0.05849966761610822	-0.0416642230221938	0.04201849182057873	0.008860165870434068	-0.06969583771094835	0.02953136382725442	-0.0012076350060939236	0.04336088391132721	0.0038299076600244526	-0.06666897553049624	-0.023313106817153196	-0.00456239716039795	-0.013572340501122469	-0.032132633169549125	0.005330799025179462	-0.03742134080397713	-0.03642206674943146	0.028058810877302706	-0.022221987776730047	0.005939010149049962	-0.033405005665255116	-0.01023990100764152	-0.0011886213672169892	-0.02966333178077427	0.025585016670138468	0.0040016447682694875	-0.05165728268137664	-0.03384312356563306	0.0014521338855135216	-0.03214657386254186	0.041430163083189725	-0.0006386573927265138	-0.0237406191909432	0.04819681930437934	-0.030056951277644992	-0.08908517744571717	0.04126431780197687	0.028873549567083007	-0.0056453917534937835	-0.04345437444827511	0.047536428582260995	0.032100739137822784	-0.007544774075071089	0.020164311378552117	0.013430305939956892	0.04895280362517264	0.05526712796685731	-0.0032668330569089335	0.007335872170887289	-0.006034856010672128	-0.03803078901035281	0.012080611657195262	-0.01923188913357986	0.013947462791212306	-0.028740485232997902	-0.023000173474951355	0.008407272976054505	-0.016406852901518314	0.007690903171700771	-0.002955655179513208	-0.013856032221495127	-0.00785654246188121	-0.004352201202884342	-0.0009681216462438649	0.0	0.0	0.0	0.0	0.0	0.0
CFS025	0.023155392569718148	-0.15866856627068848	-0.03814616318094461	-0.17722865428810605	-0.014649879028983464	0.06198303684659109	0.09717464970723028	0.057653525150812346	-0.010891373299180584	0.018118334692463798	0.07207838136153434	-0.058046776657589005	-0.04364089367736389	0.0028615529242997334	-0.08982788862943199	-0.007918093064362723	-0.0016594153513866381	0.0058238434827064135	-0.016577739980638377	-0.03341593279014012	-0.06600309201455282	-0.016652073025213297	0.008163896731335007	-0.011764316917253935	-0.07013871172962188	-0.04913432909209331	-0.06781006577747237	0.0006186247496868728	-0.10563188193833567	0.059260637340544375	-0.04420283333456905	-0.030093425406521396	-0.06664902117008477	0.08034489600056005	-0.018923172115964736	-0.01903395170133461	-0.006673815517346523	-0.049497774347153384	0.012140084919369867	0.03069960825723546	0.016217817586275805	-0.005536542458324288	-0.01142886110496289	-0.03147811735563653	-0.05526246727473175	0.003761975058552375	-0.025720483495000376	0.0008499604367827216	-0.02126614559580386	0.02307818788542769	0.04096846715302704	-0.01918663678480372	0.03877123031946058	-0.014879270109843854	-0.05065018060707372	-0.032867583674563744	0.036957091434178795	-0.026649840926378728	0.0057473382325496595	-0.023241791265854593	-0.006186128501806891	0.02859832640249258	-0.006332973149876182	-0.046095417634771034	-0.0006137726034315652	-0.041959754945661884	0.05303969105043636	0.004900982616529472	0.03753805060530397	-0.037644334151360884	-0.02787314186984168	0.002431846502686131	0.017894769897284606	-0.05017203219729748	-0.043025773482733766	0.003447382624954967	-0.007651957113052027	0.02932966504995395	0.01644527441770722	0.040873491650587394	0.006040416682667576	-0.01618162757168751	-0.0004996901106110612	0.006287606518481904	0.0035563626254738272	-0.002226231401900458	0.0028315828187635353	0.0	0.0	0.0	0.0	0.0	0.0
CFS026	-0.14927481890982536	-0.05984615662755351	0.017256775360278538	-0.039534119711821636	-0.029998324326157157	-0.02092502316838203	0.043205767447000595	0.07856322351476472	0.056330593182781837	0.12148321189746855	-0.05025499006678009	-0.09992265130784476	-0.016247041152898968	0.06699980904478217	-0.09035993778563513	-0.1186813855000441	0.0186424360725656	0.06484402128155145	-0.08833834520117413	-0.08746714137363718	0.0119801011593544	-0.06668518533487089	-0.025574665545146345	-0.09344401756052148	-0.020014257169416984	0.09006089101545921	0.0035272093318464964	-0.042940631633717	-0.06705437517795425	0.01320070261376105	0.05374647451696267	0.009442508920390193	-0.04606661940143849	0.004621300446912784	-0.06353112969205604	0.020229070748282157	-0.08946855948394983	0.020250496966994148	-0.027315650588960256	0.006318498770367135	0.014268031005370635	-0.12367601248297476	0.01134397589500665	-0.007064325574796441	0.010581562702822237	0.047916799975273296	0.09378147417045939	-0.029553586949743	-0.055799687393248414	-0.050543754575077884	0.02452599964209087	0.006471111260396311	-0.05998195038340895	-0.020626551323869126	0.04099878279196056	-0.03469043743124053	0.0031290179701457315	0.033360841230325705	0.07858220768551931	-0.03954500528966902	0.025062325610029718	-0.0382347280538478	0.012742691693161503	-0.005483009286712745	-0.025067651662971518	0.01778831421130215	-0.019489797351900207	0.006583748808410362	-0.004303937770694417	0.015693110201547532	0.00025917967428639295	-0.0007474469248599521	-0.013661441357971196	0.022404014398946626	0.0009459227993161701	0.009122038071599567	0.00012558530602190123	0.003887873236558606	-0.0005617948357499297	-0.006729169909829743	0.005766861244060048	0.00017511354523530882	0.0015455344352108909	0.006980330883514029	0.001618571619630904	0.0017398617145199758	-0.00034950279191923414	0.0	0.0	0.0	0.0	0.0	0.0
CFS029	-0.03523663248829455	-0.010050824869451427	-0.03304808119521433	-0.05909045026207346	0.08905820868391416	-0.08375857383759727	0.013451809860683119	0.03405405665962442	0.09158265138558497	-0.06217346492989259	0.05533831477419432	-0.030337726656128966	0.07983226344503139	-0.08763904246099481	-0.0814314845758528	-0.23966614690109603	-0.09808336492277231	0.1448505848157587	0.07460379837925558	0.1544906899473904	0.0337251259149401	0.006966040696170541	-0.02650966466251961	0.08601648238945818	-0.024581763506481752	0.011445516035923134	0.0299071575116059	-0.04887276679308305	-0.0018374427119226319	0.05047315795248355	-0.011841984268813343	-0.007817799654684123	0.07399850317380896	-0.023001924397479313	0.020741948414377005	-0.08241084626268072	0.0357266335658058	-0.022367030947559593	0.014565429729243016	0.006567450900749124	-0.05002468970406957	-0.09410573526178398	0.036773618325568684	0.013059048952641417	0.04075850874604857	-0.028397626629610442	-0.013166929377465279	-0.031504835004339045	0.052603153483132506	-0.0006477495542226891	-0.021615160044898305	-0.01882156422406175	-0.0002224915389352399	-0.041492912866801596	-0.003865951206361631	-0.0005440514670818559	0.042911044566856654	0.046188493908663406	-0.012324643684088433	0.03117765046957995	-0.003711898381928989	0.04243274296730205	0.02114171083806192	-0.04385517967555214	0.012683676170696725	0.033566714424267785	0.006897472353396055	-0.029639519405012978	0.00022380957542472664	-0.0075052673591770504	-0.0005942439484077103	-0.005665709960906736	0.008115013732680653	5.948147175348726e-06	0.005854360421255701	-0.010556411815060961	-0.00495521983914815	0.013211577139626075	0.0013444263259197334	-0.008584366386668665	-0.00428582161748789	-0.008261584347795014	-0.007790710008445711	-0.004793753674897308	1.2613223317072699e-05	-0.0009895296926298312	-0.000979906241009336	0.0	0.0	0.0	0.0	0.0	0.0
CFS031	-0.017186650539780062	-0.13633268820204805	-0.04249672159883121	-0.11658660987624467	0.04151704200196107	-0.006840835394103504	-0.20258012328045658	0.05476428217166062	0.1735730544767279	-0.0665279724260317	-0.10214651192461241	0.0480149136159914	0.07366176616036915	0.02922223519000233	-0.014642508118151444	-0.0395905316292669	-0.08855766834022785	0.024859557072509312	0.035216809974445595	0.07612390405891681	0.010422584423233973	-0.015310401169521988	0.06278266673709196	-0.04800244105614432	-0.010227019523136033	0.010132463748311813	0.027736701021692466	-0.04865997984548673	-0.007839841310644045	-0.1134367057285721	-0.06635948202858319	0.025076540381887877	0.009736180334196532	-0.045275796192858056	0.05252643960045378	0.013246140906543927	-0.014930734777142095	-0.02959739544321378	0.00223066274616731	0.00490576179969694	0.02708067558321162	0.04429737977316829	-0.016954236072073334	-0.030513854154382198	-0.07534860679819572	0.013526574609779686	-0.04344407383679101	-0.05221737988107449	0.01832075167545132	-0.02746822455155716	0.03268615576813691	-0.03243989973326994	0.025490276963747865	0.07606865815898498	0.05443173226108211	0.0030976402014108407	-0.04834229727991817	-0.057308343776133475	0.053017783080881495	-0.03638721046576324	0.027554144639991326	0.027875445036298657	-0.061095370546634956	-0.03930845561701877	-0.033262026131983764	-0.01463649118995042	-0.027514489527807266	-0.0041300892328023425	0.010434842881634643	-0.022808473316261284	-0.020012054855067695	0.009299838218220816	0.01205239756191025	0.040236409552789384	0.002685866158092377	-0.0035275279713369912	0.004820434595960678	0.005409102261123147	0.007870343350205122	0.0034987069273660293	0.005769868909745494	-0.005766057363198925	0.0019822154829340975	0.0055450139418075865	0.004513978821512798	0.0008883280907639699	-0.0019940099938115423	0.0	0.0	0.0	0.0	0.0	0.0
CFS032	0.20987759760230404	-0.059612007755225405	-0.08723179918369268	0.05791701002896959	-0.13321718294789037	0.08297781506624748	-0.0967263295269075	0.07886623454924152	0.10879675491120373	-0.014765645421725128	0.11808007378712738	0.053432467693293614	-0.050347034729817164	-0.2576978149768439	0.018758504998563633	-0.042763700885950856	0.1411024312448254	-0.06450552829294248	-0.02979951428399945	0.015249468037041393	0.045527948022425074	0.1566848165240911	-0.010560527532500141	-0.05827943535162859	0.011962454917737975	-0.04977711002551477	0.06426727055384689	0.016434769497379993	-0.1052379711963901	-0.01629112358385021	-0.04547946649204525	-0.02691759317290338	0.035568120149179434	0.005046379910581757	0.005460876146734387	-0.014708329769825041	0.020933728122788348	-0.008500824095027863	0.09342288230488403	0.010259952191128274	0.028670213534021143	-0.0599157936073617	-0.013720287978736468	0.04343146223170654	-0.0033816311690259963	-0.020290708127674768	0.02533868436734777	-0.036825320832506725	-0.03476095369493283	-0.0018453503427339282	0.03156480073073831	0.04507891088518275	-0.03360136711275986	0.02538830896461923	-0.031702975891940675	-0.029554892962877072	0.0017136570657218808	-0.008206365394516257	-0.0038878211705241183	-0.014480574184181057	-0.010977223867975396	0.025098458517240144	-0.019185133454082754	0.03613012703473099	-0.01290822798750131	-0.030107646110254384	-0.020175413614173132	-0.00560432644603316	0.008664661072105959	0.0076661749448507155	0.020091030250033434	-0.0021699266595607662	-0.00533000168817645	0.001303215796234917	0.015871895286208974	-0.011459002483713772	-0.009427466676456006	-0.021731599754766198	0.006511720183387	-0.0036649846537743325	-0.005350257204405676	0.002198429886284987	0.0015337370823454628	0.006164360732630382	-0.008294577371573747	-0.014354242315996994	0.0028912744241306534	0.0	0.0	0.0	0.0	0.0	0.0
CFS033	0.056706634962909466	-0.15514702758545837	0.032868063401152406	-0.1714704691016739	-0.19362288102816105	0.013310799741187181	-0.07675726450669855	0.05135116308370354	-0.005845337148348216	0.03805766141392505	-0.06985289526613997	-0.0802418998727063	0.062224340675961796	0.01610845044659287	0.1180613748162121	0.0983720511498746	-0.05211722336103971	0.1421973702961944	0.04799022761089382	-0.05664665614767821	-0.021399123236413062	0.0698438742309983	0.022252601009140876	-0.11382448370567877	-0.0381776969236482	0.06470330429802328	-0.06467157135641592	-0.08684091859094423	-0.0006463313644641893	0.024717959338719734	-0.025786754275858016	-0.03066569140622425	0.09506348916250709	0.030047403737330263	-0.045877778319759685	-0.03928354082478422	-0.006431761611801034	0.005311111717360798	0.12299912153079719	0.009073477638663176	0.043196297420299685	0.02266208646066481	-0.03469187365298695	0.08755821620371013	-0.04624253123068228	-0.0014592038511216762	0.005479596983989171	0.05652379497071171	0.06090726310872575	-0.04214246720435683	-0.054805428493796216	0.01899950402149152	0.014693987226391805	-0.061293759464037104	-0.001083594940454235	0.036705150152691254	0.012125530377266037	-0.015566289429472966	0.002511986177037753	0.0030947854281576045	-0.006312219928729517	-0.022945788984660046	-0.014619665130765742	0.007277282774998608	0.0064493018115169415	0.027592553371614842	0.023676599248934612	0.012834117118532653	-0.004794864039965873	0.004430045052473838	-0.013411819053514873	-0.0037014549196564108	-0.02188406959572409	-0.006964690902441824	0.009400751489430943	-0.005124881012056125	0.00014854981120366063	-0.003276019202281322	0.009625254809039807	-0.013496441879281767	0.01619625819799418	0.005630142482141098	-0.002597805980768881	0.0011289129867337712	-0.004906599962804206	0.0032362873363624457	-0.0005364766225724616	0.0	0.0	0.0	0.0	0.0	0.0
CFS034	-0.14156898472601112	-0.0695744629900593	-0.01514696107999731	-0.21623761322243737	0.03767968830398082	0.04785061824539222	-0.11318675724117515	0.05148483641397506	-0.10265341321152649	-0.08738484916847356	0.014641019209960044	-0.036587057883170876	0.011244236712064811	0.05612054228928557	0.004030115210994002	0.0643292896082159	-0.0013032697428559967	-0.11711031610674943	0.12995007073864887	-0.04872143986578801	0.008079075797023863	0.027297688631454424	-0.08972775987887714	0.11735859767212965	-0.07790682909443533	-0.001458946634658549	0.009473166384094595	-0.03442700586528039	-0.02488187069441652	0.03415494280794533	-0.008055915584944657	-0.02712749498548893	-0.012246842000854054	-0.07535229505177403	0.016982415702607275	0.04108337330521867	-0.03672237107849472	-0.025109215207737668	0.015819030732909484	-0.062359441788581015	-0.036562488872655126	0.004907256249080316	0.0716394249979605	0.08076805666523199	0.023649104821573168	0.044749308875778715	0.029290707825736634	0.015199529362662577	-0.054181559947303115	-0.034731904712424176	0.049965353435512366	-0.026778728228794173	0.014081684408041646	-0.0174375595411517	0.039842348382024766	-0.03222094099097477	-0.034367914211629325	-0.017387482351328344	0.016196145815670936	0.028972713784473986	0.0016372346794525305	0.045737391648862806	0.021914712516272597	0.040454692074255456	-0.04614645504469263	0.03200295305020527	0.031951789000133186	-0.033010336191627465	-0.008115457360481393	-0.022501251167738018	-0.02862485416518339	-0.01873418757702237	0.026796226119772632	-0.016401231977984276	0.02224552839701589	0.021764891085657836	-0.004141855437418847	-0.010965416656176986	-0.0029087943428735418	-0.009095032645755846	0.0020987220011038327	0.00273830034442597	0.004567869300093314	-0.008935906543424167	-0.00470577988529759	0.00043604956487900597	0.005482419825484673	0.0	0.0	0.0	0.0	0.0	0.0
CFS035	-0.2598600536751086	0.020361668410542166	0.04891472678960975	0.017725264652526586	-0.036278543791135404	0.15247788263780063	0.015595689076841219	0.03916486880923075	0.022602279630298348	-0.08721911650806734	-0.10430094520752271	0.06674218183390213	0.01890721149466279	0.06831710152720723	-0.03525658213593137	-0.0013575660174127559	0.06431520322330528	0.02337336332273245	-0.11367664383621859	0.009108597908490905	-0.07452024198667717	0.008339330257856326	0.14872047653159215	-0.07741020435101587	0.01319398344861389	-0.08226993674790024	-0.030839365324103432	-0.09489354965344526	0.01712009679524577	-0.07120081627460458	-0.07517296058119914	-0.08125281303962908	0.0028192556076257484	0.004469831664058075	0.0467939644434738	-0.0450867991973667	-0.06367395102494683	0.06908949265658718	-0.05013580836289513	-0.07591617763290731	0.0004772213741849857	0.00014050614548514345	0.0865643359842684	0.03074799007227511	0.08106024178394342	-0.03574880779943384	0.029315148193999697	0.022482304022989768	0.03733000983290728	0.06802783037160691	-0.03965777735093786	0.015871021372195027	-0.0226576912564058	0.012176110978838615	-0.06404182122017936	-0.03857869155679238	-0.03814198962741099	-0.0021010206259557836	-0.012909114637484714	-0.0061151783599361475	0.03331439179861544	0.004972104119195467	0.038837791235216364	0.0028551997624173776	-0.02056934375752097	0.017177674456491418	0.017851163742397817	-0.030334218455867826	-0.0040643382238515005	-0.02703920084816453	-0.007721423919074115	0.005030805322560857	-0.006732413899088169	0.0018198055672483976	-0.00682239952680233	-0.0023969728734846126	-0.0036094606441809487	0.0011520828261055674	0.0034978156620495845	-0.0025445646221374358	-0.0024251179097540235	-0.008694897392600128	-0.0024083783456940676	-0.00020529381867636073	-0.0024267484281064997	-0.0003914853144477033	-0.0006081192727841523	0.0	0.0	0.0	0.0	0.0	0.0
CFS036	-0.14889329598084824	-0.07099952984098172	-0.1388167638048455	-0.028794309973435798	-0.07454626176559766	-0.1502196006644875	-0.2084285261251697	0.018667009668811404	0.13522272722197018	0.051352361802723706	0.06609273406080374	0.09348486365815115	0.16130718081412257	-0.004404388353408126	0.06672251969482508	-0.018761914238375275	-0.020633400964280943	0.026385320362284147	-0.06432180786015834	-0.04043916321012039	0.05083608519091249	-0.021458090758632992	0.0027698675634087373	0.050842240373684906	0.0718027457623227	-0.11744083907482551	-0.015522487492096646	0.06311330340759888	0.029510982502646877	0.08086568846049424	-0.025284693290286243	0.07458347521336284	-0.08223904096343185	0.055552798159574236	0.048650173653087506	-0.0030506479304009946	-0.08539374508061585	0.03675107638775129	0.020117610345290197	-0.06194710702672629	0.04772333649370648	0.01775495188450568	-0.069423989307987	0.03220140470799179	-0.006580174642011357	0.02023149245080265	-0.006366368414835222	-0.023232563870169733	-0.009006719688707098	0.06456712344835246	0.018613064464092853	-0.022383633521114745	0.011268583405898314	-0.03301348157667506	0.032445190077657206	-0.0067630183870336785	0.015136114233810125	-0.008542275478009195	-0.007586631875040316	-0.016083233530490414	-0.04932320010600356	-0.055133358969857944	0.050793325096218055	-0.011400569650857003	0.013574174365196935	0.03194474077443881	-0.016194138356953578	-0.04306885524532147	0.010674885990686226	-0.009205539791014673	0.0074848270106216835	-0.009348900682890937	-0.009437915322504669	-0.016636092609031684	0.0070315732205396796	0.022770746075726673	-0.00992311617076528	0.01429427068529412	0.008193353354957378	-0.0017764892381239871	-0.0008068895420364485	0.007902000041605448	0.001631197296613532	0.002474913332153452	0.001921603862781399	0.0010142188169682891	-0.00038172493592383947	0.0	0.0	0.0	0.0	0.0	0.0
CFS037	-0.14956079315299076	-0.05305145327042059	0.02289376731182984	-0.1504719527645037	0.0961746477415332	0.07818266804074896	-0.021421597858218604	0.08662371237829278	0.031151552676357355	0.018271353460893303	-0.009919111157901863	-0.04106660789924442	-0.05061082582689698	0.07390697065617838	-0.13849169431285935	-0.018985968712697063	0.029916269420350385	0.011739603703824684	-0.034329211711621635	-0.0268502717163549	-0.11415933124751756	0.004866662151391239	-0.06912411017836066	-0.024073659749240046	-0.03960615319997635	-0.07900287371719142	-0.09068520554020097	0.0869455905846612	-0.13008633126393182	0.03692312994749133	0.013941043895888757	-0.06165843024211069	-0.042270007668335496	-0.045887448760326896	-0.016309670846416623	-0.0035211181833194787	0.008819462158022352	0.026071861275550643	-0.0043557368766825155	0.005866089337039275	-0.025250606101745846	0.05718652712314986	-0.018584727230370707	-0.0303202773547064	-0.013951204057013143	-0.11304645271840083	-0.05613712871130347	-0.03912759990718347	0.045286077809204496	0.0015130851113767689	0.0003496263509230256	0.018329795739999967	0.04720643983445253	-0.001075577145853834	0.0054560477355275324	0.03206012923597642	0.018366667591030686	-0.0028550743352630864	-0.017388938040616062	-0.028962742835645143	-0.034078426350664597	0.0008057676958445228	0.026834108236875702	-0.007865240778033987	-0.015756882651041106	0.03649245584876108	-0.0347487803395803	0.022939347607589654	-0.030093756268927074	0.030362106261285344	0.005902557150745162	0.014290305195381136	0.007882581311038177	0.017141955062362324	0.04009932116342491	0.00420086787471843	0.022755419530065712	-0.020944198499433752	-0.012931704360264517	-0.031202335189780838	-0.003967114718833561	0.014253180057328105	-0.00408183629915069	0.0009922876407323531	-0.007664951376375981	0.0011767187912150136	0.0023630324949672726	0.0	0.0	0.0	0.0	0.0	0.0
CFS038	-0.12218956053674349	0.051805230969698426	-0.1585962097214776	-0.08549168041685783	-0.06297824917360977	0.005910050494489383	0.04348293854391091	0.14289991958703657	0.05839720562300908	-0.12083371482478239	0.038747068129251515	0.023304530573954988	0.29333376397657046	0.053912557423740834	-0.06466236409692015	0.08239471696076311	0.0915880803648904	0.07388508064181196	-0.06588904887944369	0.08364739701211281	-0.07666838442634534	-0.07846312471803453	-0.010504786470659163	0.09656406518854614	-0.0005876211519730396	-0.0137159789487737	0.05000462431933632	0.08444658830756861	-0.03280398572543312	-0.029906853246155926	0.07780207189684213	0.0464243832932981	0.04233743337370263	-0.04262684975902028	-0.026360173611924907	-0.05998431200807264	0.04887693325556897	-0.022028516653448255	-0.021791996954146343	0.052442622339525825	0.036871561872791926	-0.009387695127745116	-0.033622809980072124	-0.003108687787887157	0.011997468971529056	0.049604758469243726	0.04646184983302327	0.024598404468823845	0.006717430921432924	0.0038542949889836388	-0.008999784695181342	0.06688815597077213	0.015079680111520265	-0.018357192888675482	-0.026898498488198877	0.005242435460582537	-0.05481903043798886	-0.018640832773946514	0.03282900214914603	0.0050639314171452565	0.009113146252012988	-0.00030091232279013823	0.007555437418922205	0.04397252893670351	0.008747035280552566	-0.03252245474055697	-2.7067418790594082e-05	0.03734992469110677	-0.006494273211712245	0.007708570663440063	-0.024893558883406015	0.009642346594620394	0.009628435059441142	-0.010327848104821544	-0.014722757203984723	0.0032653033972940373	-0.0024864096328029253	-0.009430272391272563	-0.013809481672652767	0.0013060648544053637	0.003345540744782593	-0.0005388002221275192	-0.004172932707863558	-0.010090988736553359	-0.0029028778597367786	-0.003906938124037645	0.0015478225776673492	0.0	0.0	0.0	0.0	0.0	0.0
FS006	0.2812614202463344	0.18096157249970593	0.0032714226157434813	0.0031500953773731222	0.16865984713321894	0.165562043664684	-0.13716296654215843	-0.009500940948692313	-0.03217682290167354	0.03181353010281993	-0.09404396718092395	-0.204958997415576	0.02183311731190765	-0.0292816403497172	0.08468779434895887	-0.07670559414892789	-0.03435027719365565	0.07255235864111174	-0.0012061883840947991	-0.05828362835057259	-0.03995137093490903	-0.018816762798670037	0.013866809476780552	0.05395286597365954	-0.05425452053449092	0.0016858460049265181	0.029473336783401208	-0.03718915097559208	-0.058081410845435326	0.04172586658604284	0.008941485885735467	0.03437749462911586	-0.06535947952774347	-0.012877358555155299	-0.033759122515336235	-0.058659121770969026	0.07172159810125432	-0.004465135246465111	0.01926224780760243	-0.0030380512996678126	0.007292986167630544	0.027386885719097646	-0.0063274857297925995	0.013855454244076046	0.055321866206282405	-0.01920600367085834	0.009414700258405068	0.0057620528270210586	-0.046087375868314635	0.05369396241535559	-0.055770379991182714	-0.04386681868846116	0.011188732180624992	0.03852127558023933	0.03531595216147055	0.013460051063103022	-0.0460553071512791	0.018222794811366006	-0.04968155400678644	-0.025471892794668386	0.01724086818693535	-0.025505438359472825	-0.019007100778411605	0.0731837545331433	0.012619092110976868	-0.04940047683118271	-0.02560333210185997	-0.0181731382810715	0.028312166997918668	-0.005369044986406121	0.01825416659942666	0.029414392663167702	0.01592482308722832	-0.004659115004605262	-0.010406847507582409	0.014747474008453788	-0.00654430172594506	0.021465450908474334	0.013180399097283722	-0.012203562356717882	-0.006315498432702305	-0.0041045840602574	0.00812119329176542	0.014206021771869495	-0.004113423796584031	0.002309844628113566	-0.005598385387399615	0.0	0.0	0.0	0.0	0.0	0.0
FS009	-0.25284795198227367	0.07176259286969823	-0.011484918551536806	-0.008003976192106245	0.1374207151033414	-0.0099787285536468	-0.07141638690682264	-0.0004930998948455084	0.007305875069492418	0.05259559626310313	0.09224404376742983	-0.0351218650691195	0.03842351216745381	-0.007608058537819442	-0.025228466929816076	0.003097156782875934	-0.04670938454587087	-0.007195208045585927	-0.015175435595147042	-0.03432724830197199	-0.09440597136135881	0.024043604005034105	0.0372990672677494	-0.0012791503165801535	0.03357289788752385	0.13242654474445928	0.0541190526825247	0.049184315884468026	0.03748485557918883	0.04755081749846513	0.05858416144034204	0.05299363106516909	0.034153072889156005	0.02412912338659132	-0.040816938815905854	0.09116531913896649	-0.07783412887468973	0.031564477880693595	0.10598246356458255	0.01319827646535468	-0.021829285069129317	0.09320276661395194	0.09556391370180137	-0.012300424636957612	0.038236480251124624	0.012160776631890234	-0.00019582215529023652	-0.10377921544281571	-0.01777687477098678	0.03283410715350803	-0.0404565988570583	0.06469351800543516	0.005027627946721953	0.00403660787725394	-0.0684008426204823	-0.04095345383659824	-0.027505620937144572	-0.01067107952029955	-0.015574832220757829	-0.012785187424633066	0.0008292333872571647	0.03538614539965017	-0.04288803018878394	-0.0309517925061826	0.04468520025955015	0.027085585875790057	0.003379726902832007	0.009892977221851541	0.010929083019688481	0.0031383265641057624	0.007791664704797638	-0.006036945349946979	0.010539074652253394	0.007020619618354022	0.009772149078126431	0.007622720879615288	-0.0050672855749258425	0.008786778669633387	0.012161495705054641	0.005768773642115692	0.00199563028492198	0.005492966424067548	-0.0015162678521731371	-0.00198971605884447	0.0020504598013314904	-0.0005376208628559929	0.0016719338627077557	0.0	0.0	0.0	0.0	0.0	0.0
CFS027	-0.3344379294384441	0.07903376753538979	0.03966967985315191	0.044428680679037005	-0.04530858570250042	-0.08031856377604893	-0.0023956632244375867	0.017861079918237682	0.010717838019096539	0.09592219205446757	-0.05746401276630458	-0.0441707202126385	-0.05927621402082792	0.009196852794860017	-0.0013699143657414639	0.0031692282535439893	-0.05459962504508228	-0.017312987463770003	0.04790288917718534	-0.011453113630499914	-0.10274746589741994	0.01627474409534097	0.1110743153812	-0.018974777348855994	0.02642694336291353	-0.008093510689942726	0.08886924517460354	0.1148871344338793	0.03063835410365094	0.07512885123542196	-0.11605174446163705	0.0666621388660486	0.03560104973603711	-0.009413985305311687	-0.06619523612639557	-0.0929471161932985	0.02231752518535537	0.03420229350442522	-0.09541051937431426	0.010014008670644739	-0.013657622116223426	0.033404810716073687	0.00452073273011456	0.022858869917229102	-0.05228113989082172	0.002441309857413136	0.10084819628524086	0.035891747099243934	0.006218789537588137	-0.03920906162826578	-0.007714816093613825	-0.014445570377342072	-0.019582036613218997	0.04910906071954976	0.00901973351842695	0.015126044086288717	0.01688973900722264	-0.010538036894714938	0.018138626549340436	-0.02348578406097995	-0.049867228078399634	0.08913238526789331	0.024536618798796418	0.00015335268019839554	-0.01137996676027584	-0.01217325951861155	0.01078814730243616	0.00032097966500906376	0.00029947991342426066	0.013733244076012261	0.02796274208815051	-0.0353152521311797	-0.001885408185632684	-0.01611318268070085	0.020436919764276074	0.0013935949889376667	-0.01264734533187799	0.0007050070747777325	-0.001327932644547128	0.0022083499003585417	-0.0010892921384005843	-0.0010533124674706655	0.006305007144053731	0.008521550219457092	-0.0026556489143985972	0.0011491406074045252	-0.0012172049501677996	0.0	0.0	0.0	0.0	0.0	0.0
FS007	0.12639292487764076	0.028036151737426986	-0.08534532629773614	-0.039469932045201814	0.14877708470750575	0.17095662373761927	-0.0671618168762112	-0.08513719010052315	-0.1306815674352891	0.036004160606165445	-0.08860687178687726	-0.08131356764834548	0.10385976188600818	-0.02098628325280612	0.18275247663940003	-0.026672837371097855	-0.06902322103445808	-0.10413720784555767	-0.0998012030008286	-0.02564219460545758	0.005630146048881637	0.043550794931057846	0.0181937553870928	0.08564352186173396	-0.046160885158836394	-0.07353093827203265	0.13113283462546868	0.024570204782055453	-0.04430410199251641	-0.016381486691580387	0.003247522554554525	-0.0035804909541094503	-0.0016619646708819255	0.02109810959296322	-0.01384501919089946	-0.02860712129209669	-0.06715446819397922	0.014411264023250322	0.010735136618406992	-0.010456982374254933	-0.015377647037779076	-0.030268516422130024	0.00030746889103162476	-0.118126104425848	0.007391319511566645	0.01252452231482047	-0.06239317681446429	0.05070539665870617	0.04412243303819246	-0.02734811027331828	-0.010792718930316945	0.01658278710269881	-0.04196891541308782	-0.022635463858499492	-0.02252147432584017	-0.008142908405961073	0.023659800501902875	0.016798388829511252	0.06403927724195145	0.008118939228393794	-0.027774076716995	-0.0017515171955170602	-0.011513503898513586	-0.031360711209778576	-0.007570966792698628	-0.0058080920283574275	0.026672409445348176	0.0020940903965692807	-0.02288287426914033	0.010846756718478236	-0.01987706096566479	0.0019906969859670733	-0.028493912028371978	0.002494037682807542	0.020116175893309888	-0.02108172147488385	0.015614658854011585	-0.011899455417287732	0.010469631138390197	0.005183440696855281	0.006822227156296382	-0.00033068577638742554	-0.006626767594596617	0.003926673858463281	0.0018630944362409772	-0.0012580082077528142	0.005666739449009102	0.0	0.0	0.0	0.0	0.0	0.0
HC021	-0.18918757252080678	-0.08306499821040739	0.04633094368212952	-0.014332369758029363	-0.005866224108096288	0.026248870353431653	0.11504650630937321	0.05742343031896883	-0.11258125970372085	0.04566509715691835	-0.06738628491474387	-0.015824210921934454	-0.08086135903304931	0.04451433647683952	-0.026256167400115205	-0.01481767727343763	0.004494325219889012	-0.0026893138943713695	0.07359762226647758	0.0010699932663349463	-0.01757715780943085	0.07821223858961848	0.10107449626222742	-0.05560218897739542	0.05860121708964157	-0.0526201851904887	0.03878948175988997	0.05853364638750112	-0.09418196130897866	-0.062017037293439214	0.01854902284456094	0.08398327459354032	0.005829299391927186	-0.06459649428091017	0.022672696649074228	-0.010355691755306836	-0.03881828847348592	-0.03414898717986226	-0.0040372568398564235	0.13088372697800085	-0.007101673407974359	0.02091133367833052	-0.06964927453983918	0.06291452765688522	0.05640573334060917	0.07186402682689866	-0.0502844265544231	0.013675090179608754	0.0103627862903004	0.01734383576533456	-0.01959959965436892	-0.04632931601377081	-0.010332444347315381	0.024428594159482755	-0.006066191552741134	-0.06162294417091267	0.03689825696487363	0.014996947678156273	0.010756265289026084	0.07543336476812772	-0.017996398236160525	-0.034690096898138296	-0.01849421798231312	0.001944818683235503	0.019927730360705984	0.049134403408826084	-0.01838562952943558	-0.010365297082787835	0.01943792784906154	-0.01901279584324009	-0.015983356896396968	0.02148760109069321	0.006683894015988351	0.0021736063743196575	-0.012597374210942239	0.013533978038482686	-0.010378381800654219	-0.004907222368689218	0.008789555803034206	-0.009705536971212729	-0.017527889298413996	0.009913262680023785	-0.00523845306522316	-0.008181108270881018	0.005287615090175053	0.003363144997846522	0.00014636242841649963	0.0	0.0	0.0	0.0	0.0	0.0

Biplot	0	0

Site constraints	0	0
